V1,V2,V3,V4,V5,V6,V7,V8,V9,V10,V11,V12,V13,V14
2034.9747314453125,2036.3585,2035.4021,2036.7045,2035.7074,2034.0997,2037.1318,2036.1958,2034.1405,2033.062,2034.2218,2034.5271,2034.2626,2033.2247
2966.09326171875,2968.704,2972.8018,2976.47,2985.4258,2989.193,2998.273,3006.3157,3010.8638,3015.5999,3023.5952,3023.967,3031.2952,3037.3428
1114.647216796875,1113.7095,1109.5118,1109.8745,1114.0101,1112.8187,1116.9222,1122.9277,1123.1298,1128.5017,1131.6881,1135.4255,1143.3411,1145.0491
1133.34521484375,1127.5387,1109.37,1110.0568,1137.5284,1130.598,1146.8938,1189.6932,1200.1356,1221.7617,1246.4471,1268.2996,1321.9628,1339.8818
5876.82373046875,5884.535,5882.169,5888.2153,5886.2876,5878.138,5893.473,5888.9165,5878.927,5880.6797,5886.2876,5888.566,5889.793,5887.076
3106.22412109375,3098.4387,3084.4248,3070.694,3074.3745,3054.2385,3054.6633,3056.1497,3038.2078,3041.5342,3033.2178,3038.7385,3051.3367,3058.68
5652.740234375,5577.0146,5439.988,5368.5894,5199.109,5075.784,5040.446,4955.3447,4838.151,4907.3853,4755.2134,4788.388,4702.2056,4700.763
1732.654296875,1735.7208,1735.1833,1735.2782,1733.5394,1731.7374,1734.9304,1734.1718,1730.9471,1732.4646,1733.0337,1732.7808,1733.824,1732.3698
1585.374755859375,1587.999,1587.4741,1587.5017,1586.0377,1584.408,1587.1427,1586.6178,1583.8278,1585.2919,1585.7615,1585.5957,1586.7007,1585.5128
2633.739501953125,2632.935,2626.9727,2630.4272,2627.2566,2619.3542,2623.2344,2622.4773,2614.0068,2620.4426,2619.6853,2623.8496,2620.7737,2625.695
2433.906982421875,2431.1765,2426.8264,2421.0615,2417.935,2411.187,2408.0676,2402.6282,2396.531,2396.3896,2390.844,2389.797,2389.1887,2390.448
3653.7353515625,3661.1785,3660.0999,3661.7178,3662.5808,3656.0007,3661.1785,3658.8054,3658.0503,3658.4817,3654.814,3652.225,3655.677,3658.3738
7228.97802734375,7250.623,7251.5127,7256.85,7258.036,7243.507,7255.9604,7247.9546,7250.3267,7247.9546,7238.4663,7229.867,7240.542,7244.9897
5676.802734375,5699.9214,5700.2266,5700.3286,5691.9775,5685.5615,5704.0967,5700.023,5687.3945,5698.699,5702.3657,5699.31,5709.189,5694.218
7920.892578125,8007.78,8033.451,8063.072,8110.465,8013.704,8106.5156,8005.805,8039.375,8063.072,8061.0967,8015.6787,8096.6416,8149.959
3068.56591796875,3068.547,3068.911,3069.4192,3070.335,3072.6438,3073.6946,3074.231,3072.5247,3072.424,3072.468,3072.0227,3070.9436,3067.813
4030.08642578125,4039.5042,4039.9636,4041.5715,4042.2605,4036.7478,4041.916,4038.4705,4039.3894,4038.126,4034.221,4030.546,4034.221,4035.025
9549.63671875,9542.209,9534.087,9526.46,9520.933,9509.895,9502.604,9501.323,9493.049,9492.861,9484.431,9483.057,9487.24,9492.33
2707.687255859375,2719.6965,2717.4448,2718.4456,2711.4402,2702.558,2716.694,2708.0625,2697.6794,2693.1758,2695.6777,2693.0508,2688.5474,2676.0376
10857.125,10873.282,10881.138,10880.916,10878.915,10910.784,10913.712,10919.2705,10925.496,10920.493,10916.75,10910.562,10907.375,10904.1875
2696.5224609375,2708.6074,2706.3416,2707.2227,2700.299,2691.2354,2705.4602,2696.9001,2686.326,2682.046,2684.4377,2681.92,2677.3882,2664.9258
2869.288818359375,2875.1526,2868.198,2866.0842,2863.6296,2851.6296,2861.516,2866.63,2855.6523,2868.3342,2867.9253,2872.5618,2886.6755,2886.539
1920.2562255859375,1915.2671,1908.1561,1902.0997,1902.1378,1893.4023,1890.9773,1891.1677,1885.5049,1885.1748,1881.0356,1883.0164,1888.9839,1893.8722
2556.781494140625,2561.3325,2555.1433,2553.4443,2552.1094,2541.4602,2550.2283,2556.0535,2547.1033,2558.7234,2558.6626,2563.335,2576.8662,2576.9878
1588.45166015625,1585.905,1580.661,1577.4916,1579.8926,1574.4869,1575.1624,1578.4594,1575.7898,1577.7202,1577.8638,1580.9747,1588.0635,1592.472
2378.29248046875,2384.1108,2379.0564,2378.2336,2376.2354,2367.8894,2376.4705,2381.466,2373.5906,2384.7573,2385.639,2389.3418,2402.0369,2401.1553
1712.68115234375,1708.2184,1702.2,1697.6132,1697.7039,1691.0817,1688.9952,1689.9478,1685.6161,1685.1626,1681.9194,1683.7338,1688.9952,1692.93
423.6204833984375,424.13278,422.52597,420.9424,421.24515,424.78485,422.2698,422.6191,421.29175,419.05615,415.35345,414.5151,412.18637,412.88498
6409.52197265625,6428.1577,6430.4487,6429.3794,6420.52,6407.384,6426.4775,6416.549,6400.9683,6402.4956,6402.8013,6398.8296,6392.8726,6377.3687
608.80029296875,609.5031,607.2273,604.95154,605.3866,610.4737,606.8592,607.3612,605.45355,602.24066,596.9193,595.7145,592.36774,593.37177
2127.4248046875,2128.2627,2125.3303,2118.8374,2113.9678,2108.5483,2105.0925,2100.0657,2093.913,2088.677,2080.273,2076.6338,2073.4265,2067.6865
1929.5557861328125,1930.2683,1927.6083,1921.718,1917.3004,1912.384,1909.2727,1904.6888,1899.1074,1894.3573,1886.7334,1883.432,1880.5107,1875.3153
6688.5654296875,6703.682,6712.111,6721.597,6734.564,6741.3203,6752.854,6763.364,6770.1885,6784.384,6788.0693,6795.576,6802.674,6805.8135
2293.106201171875,2298.3054,2292.1758,2290.3696,2287.4143,2280.4636,2287.086,2289.275,2281.9412,2290.315,2291.7378,2293.763,2304.3257,2304.1067
1667.4873046875,1668.3411,1665.9431,1662.7386,1662.4185,1664.3079,1662.1674,1661.0123,1655.2373,1653.2035,1648.8722,1647.5916,1645.1309,1644.1392
3807.72509765625,3810.5608,3809.6484,3804.5195,3801.6348,3799.884,3797.1963,3794.0525,3789.0715,3785.2002,3778.6846,3774.8933,3772.1426,3768.422
2425.02880859375,2425.664,2424.2068,2426.8975,2436.502,2443.3782,2447.676,2460.887,2467.0344,2471.65,2481.4226,2487.2524,2499.8818,2500.739
2284.974365234375,2278.3604,2270.4495,2267.9424,2271.3142,2272.2651,2271.3142,2284.542,2284.3691,2288.4758,2290.8535,2298.894,2313.57,2320.7893
2536.324462890625,2565.2783,2568.4954,2567.2085,2575.251,2559.4875,2573.6426,2553.6968,2566.2434,2570.1038,2572.034,2544.0454,2560.1309,2562.7046
3924.699951171875,3930.8772,3932.3977,3936.579,3939.43,3930.117,3942.6611,3932.2075,3930.117,3939.24,3942.6611,3940.7605,3949.8835,3955.3953
6530.2685546875,6420.177,6279.0703,6180.481,6055.6006,5919.3726,5820.4746,5749.049,5622.0117,5685.9927,5558.7505,5570.047,5546.427,5566.35
6966.8427734375,6978.154,6974.99,6979.258,6988.9336,6987.35,7014.6113,7030.114,7024.3813,7038.261,7047.9233,7054.629,7072.15,7051.925
1119.9833984375,1120.8271,1121.0021,1122.3191,1123.8779,1125.8073,1127.9706,1130.2626,1131.1256,1132.5565,1134.633,1135.2119,1137.2286,1135.927
8546.88671875,8551.443,8560.809,8553.469,8556.759,8571.1875,8566.504,8577.642,8588.906,8597.195,8585.995,8589.412,8592.893,8604.726
1121.4871826171875,1122.0859,1122.1461,1122.2124,1121.9896,1121.6526,1122.3267,1121.8934,1121.5743,1121.785,1121.6768,1121.6526,1121.3217,1120.8462
10133.724609375,10135.577,10131.535,10137.935,10156.794,10169.76,10181.547,10207.605,10217.709,10226.802,10248.1455,10257.723,10284.359,10283.076
1013.5132446289062,1013.55005,1013.58685,1013.88116,1015.04004,1015.84937,1016.7415,1018.72815,1019.53296,1020.839,1021.9426,1022.6003,1024.7985,1025.8923
10407.2880859375,10416.43,10421.731,10434.713,10458.114,10483.71,10499.891,10526.583,10541.8955,10554.511,10579.397,10583.717,10606.916,10597.28
11000.1357421875,11008.593,11011.739,11025.703,11046.453,11071.086,11090.065,11115.978,11128.835,11141.446,11165.754,11170.995,11192.877,11181.113
9933.0986328125,9936.646,9936.646,9943.587,9963.251,9979.215,9989.163,10016.23,10028.029,10038.941,10060.226,10068.478,10095.343,10094.147
1021.4830932617188,1021.9429,1021.9984,1022.8546,1024.8445,1026.5331,1027.7699,1030.3385,1031.484,1032.4631,1034.6255,1035.3727,1037.7666,1037.3428
2918.20263671875,2927.2046,2944.7441,2933.979,2926.1836,2938.4336,2940.9392,2937.784,2961.3557,2971.2854,2960.7988,2955.6018,2962.4692,2965.0676
1109.2969970703125,1109.6307,1109.4464,1109.7703,1109.6906,1109.3069,1110.129,1109.8351,1109.3069,1109.6757,1109.9596,1110.129,1110.2087,1110.2336
2829.205810546875,2831.2195,2832.5806,2833.6582,2833.885,2832.4104,2834.906,2831.7297,2832.127,2835.0762,2836.6643,2834.963,2838.2524,2839.727
1073.93505859375,1073.8939,1074.881,1074.0892,1074.2024,1075.683,1075.5905,1077.0402,1078.0786,1080.0734,1078.9115,1079.3434,1080.5104,1082.6849
10557.7607421875,10559.112,10555.443,10559.112,10558.292,10553.608,10560.271,10557.52,10552.015,10556.408,10558.678,10561.285,10560.513,10562.879
1714.34814453125,1715.994,1719.4705,1719.8588,1723.8346,1727.1631,1729.7242,1732.2391,1734.6431,1736.3259,1739.1505,1738.0826,1741.5175,1741.5128
1686.5411376953125,1689.2874,1694.1735,1694.655,1700.094,1704.6056,1707.4856,1710.0178,1712.3539,1713.892,1716.9503,1714.8839,1717.2736,1716.8165
4911.85595703125,4922.774,4923.527,4924.092,4918.915,4915.056,4925.5034,4921.3623,4912.609,4916.1855,4918.068,4916.28,4916.468,4910.1616
4083.984619140625,4088.847,4092.0352,4091.2095,4093.3655,4093.0442,4095.0627,4094.3286,4094.8792,4092.9526,4092.9067,4088.3425,4087.448,4082.6772
3672.45751953125,3667.947,3658.9265,3655.2751,3652.7837,3643.6128,3646.9846,3658.5828,3653.9436,3663.9521,3667.8613,3674.0898,3690.8855,3703.9011
5718.65380859375,5724.251,5740.07,5745.059,5773.6543,5788.8647,5811.133,5834.3135,5849.2197,5863.548,5886.515,5884.3555,5911.6274,5924.0205
4722.94287109375,4730.251,4734.157,4735.2915,4736.803,4733.0234,4737.5596,4731.2593,4733.5273,4738.0635,4742.0957,4735.1655,4741.9697,4744.4897
1050.5660400390625,1058.4487,1058.7336,1057.8788,1053.5576,1045.9598,1056.1693,1055.552,1046.5771,1055.2671,1052.8453,1054.1749,1057.024,1053.0828
3593.92822265625,3598.2478,3597.8625,3594.0107,3592.6074,3593.3503,3593.5154,3597.4773,3590.489,3596.1018,3586.9397,3585.509,3585.9219,3586.417
1401.744384765625,1403.4756,1404.0526,1407.1783,1415.6901,1420.6913,1426.0531,1436.5485,1442.1027,1446.647,1454.9663,1457.6803,1467.5234,1468.9541
5165.9931640625,5176.331,5201.8936,5210.1636,5254.71,5278.393,5310.346,5344.273,5366.076,5387.0337,5421.994,5418.6577,5459.1865,5471.04
5522.931640625,5515.2026,5503.1797,5486.9653,5476.056,5457.5205,5445.319,5429.0376,5415.2256,5412.6133,5397.513,5388.2095,5382.7705,5382.1265
3965.206787109375,3964.0466,3959.8748,3962.4626,3967.7278,3969.3342,3973.35,3984.918,3988.5881,3995.3647,4001.853,4007.9368,4020.4026,4028.635
4025.916015625,4025.3574,4021.2,4020.0518,4017.0422,4013.9084,4017.8179,4021.0447,4018.7178,4022.8442,4026.071,4026.6606,4033.828,4038.544
2518.625732421875,2519.2244,2524.9119,2523.2954,2527.3667,2533.0542,2535.9578,2540.1787,2543.232,2548.2012,2549.7876,2548.5154,2554.3228,2558.828
1919.0604248046875,1921.1045,1925.6676,1926.4315,1931.9032,1935.8055,1939.5221,1942.5881,1945.3962,1947.0842,1951.0382,1949.3708,1953.3223,1953.7404
1021.763671875,1021.9966,1022.3071,1022.8505,1024.6555,1025.5677,1026.9409,1029.0466,1030.1093,1031.4023,1033.0157,1033.4779,1035.7186,1036.7251
1671.58544921875,1672.301,1671.5216,1671.0886,1670.8881,1670.4368,1670.8516,1670.455,1669.8123,1670.6418,1670.2544,1670.4686,1671.0613,1670.6055
1640.950927734375,1641.0284,1640.92,1640.827,1639.5721,1640.1764,1639.3552,1640.0989,1641.8418,1641.2764,1639.7426,1639.5721,1639.5566,1639.3862
1802.0,1803.8013,1803.0039,1802.7308,1802.7899,1800.8335,1802.945,1804.665,1803.8013,1806.0676,1806.8502,1807.5442,1811.4125,1810.3938
1935.984375,1938.3801,1938.9885,1939.0728,1938.1743,1937.4255,1939.5968,1938.8481,1937.6501,1938.7732,1938.7826,1938.5018,1938.5299,1936.967
3214.598876953125,3223.6516,3232.5398,3228.2603,3232.7866,3242.2507,3241.2632,3243.156,3252.25,3249.3694,3245.2957,3243.156,3240.2756,3237.1484
9910.7451171875,9914.828,9920.954,9928.261,9951.473,9962.542,9979.628,10002.894,10016.058,10029.114,10048.968,10052.004,10075.635,10084.067
2480.16943359375,2480.3127,2478.253,2478.6165,2482.846,2482.3064,2485.4456,2491.6082,2493.6306,2496.533,2500.6787,2503.4985,2511.4731,2512.6736
1556.85205078125,1557.188,1560.5693,1558.554,1557.7926,1560.7261,1561.2635,1563.055,1566.9066,1570.9375,1568.5862,1568.2727,1571.9675,1575.64
1100.0135498046875,1100.8593,1101.174,1102.5703,1104.6453,1107.1086,1109.0065,1111.5977,1112.8834,1114.1447,1116.5754,1117.0995,1119.2877,1118.1113
2936.68017578125,2945.1099,2961.2812,2951.131,2944.5938,2955.862,2957.9265,2955.518,2976.8503,2985.9683,2976.3342,2971.6895,2977.7966,2980.6353
1731.9423828125,1732.2742,1733.3065,1732.8364,1733.758,1734.4493,1734.5322,1735.3157,1736.1451,1736.8087,1736.5784,1736.5691,1737.2972,1737.0068
6215.7646484375,6274.3296,6379.343,6304.622,6275.676,6353.0894,6349.7236,6360.494,6503.2046,6565.1353,6487.049,6468.8735,6499.1655,6539.555
7031.306640625,7045.458,7061.7324,7070.577,7097.1113,7124.7065,7142.6616,7166.365,7186.5312,7197.941,7221.5117,7221.114,7245.437,7235.133
2145.440185546875,2156.4614,2158.5918,2159.24,2154.0535,2152.2012,2162.2036,2158.8696,2150.812,2156.7393,2158.3137,2157.2952,2158.4065,2153.961
2243.557373046875,2256.5137,2258.3804,2259.149,2253.0,2250.8042,2262.2234,2258.1606,2248.9375,2255.5254,2257.392,2255.9646,2257.502,2251.902
2030.9803466796875,2038.8278,2041.3378,2041.7507,2038.2877,2037.3027,2044.1335,2042.3226,2038.2241,2043.6888,2043.3711,2043.0533,2043.657,2040.3846
2042.814208984375,2050.2444,2052.2566,2052.783,2049.5012,2048.4487,2054.7644,2053.2783,2049.5942,2055.043,2054.5166,2054.3308,2055.2905,2051.885
2041.3302001953125,2050.1748,2053.2073,2053.6404,2049.7415,2048.6584,2057.106,2054.579,2048.7307,2054.3623,2055.301,2054.8677,2055.3733,2052.2686
2061.739501953125,2068.9539,2070.7878,2071.277,2068.1284,2066.9973,2073.111,2071.7966,2068.2202,2073.5696,2073.0806,2072.9583,2074.1199,2070.6963
2316.37109375,2330.4556,2331.6965,2332.3171,2325.8643,2323.1343,2334.923,2330.9521,2321.2107,2328.8425,2330.4556,2328.8425,2331.4485,2324.7473
2139.431640625,2147.6729,2150.2087,2150.4622,2147.1023,2145.7075,2152.998,2150.5256,2145.8662,2150.4622,2150.9695,2150.1453,2150.399,2146.4368
2113.595458984375,2121.5657,2123.9846,2124.2947,2120.9763,2119.6428,2126.5896,2124.3567,2120.108,2124.7908,2124.9768,2124.2947,2124.7288,2120.8213
2031.285888671875,2039.7579,2042.7164,2043.0527,2039.3882,2038.4468,2046.0784,2043.8595,2038.951,2044.532,2044.8682,2044.4647,2044.8682,2041.7751
2087.86181640625,2095.3103,2097.2256,2097.5906,2094.3982,2093.1821,2099.4753,2097.773,2093.9421,2098.9282,2098.7458,2098.32,2099.2627,2095.7056
1908.67626953125,1919.511,1921.696,1922.6066,1918.2363,1915.1407,1926.3395,1921.7871,1913.775,1917.4169,1919.784,1918.0542,1917.781,1911.0436
9865.02734375,9893.941,9891.876,9898.072,9899.793,9880.861,9897.384,9886.024,9890.844,9887.401,9874.321,9863.306,9873.977,9878.107
931.16015625,934.09406,933.6308,934.86615,933.35284,931.5616,935.97797,934.2485,930.944,930.41895,931.9631,931.9013,931.40717,929.1218
12038.0458984375,12054.302,12055.97,12058.054,12050.551,12042.215,12062.43,12048.884,12036.588,12043.882,12041.173,12039.505,12030.335,12021.165
1627.6207275390625,1629.373,1629.4777,1629.7914,1628.9546,1627.8038,1630.1052,1628.4838,1627.3593,1628.4576,1627.6207,1627.5162,1626.2217,1625.2932
7164.431640625,7169.773,7175.2983,7186.362,7194.617,7208.9365,7217.5786,7231.489,7243.5405,7255.1772,7263.196,7270.2363,7274.979,7271.899
9217.4501953125,9210.07,9197.984,9187.075,9186.072,9170.537,9166.226,9165.209,9154.46,9156.211,9148.85,9151.522,9162.027,9171.591
11077.248046875,11076.779,11072.672,11073.142,11079.946,11089.685,11097.6045,11122.537,11131.044,11141.017,11151.811,11164.6,11190.03,11202.295
968.4976806640625,969.964,973.18427,973.5293,978.0578,980.65265,983.11816,985.49744,987.068,988.5847,991.185,990.01514,992.56506,993.3432
957.8706665039062,958.99146,962.52515,961.29535,964.40875,966.8061,967.89575,969.686,971.10254,973.14185,973.8657,973.0017,975.76483,976.5588
1312.1851806640625,1311.9244,1311.1765,1309.319,1308.776,1307.6443,1306.5566,1304.7627,1302.8732,1301.6542,1299.7992,1299.299,1298.0109,1297.1272
1259.641845703125,1259.503,1258.8507,1257.1871,1256.7837,1255.8746,1254.8848,1253.3545,1251.5284,1250.4072,1248.6913,1248.2406,1247.0513,1246.1658
1330.17431640625,1329.8744,1329.0922,1327.1635,1326.5714,1325.3667,1324.2483,1322.3632,1320.4532,1319.2129,1317.3057,1316.7806,1315.468,1314.5841
9296.2998046875,9331.147,9389.415,9404.649,9470.819,9517.187,9565.03,9602.602,9635.366,9650.005,9690.755,9671.617,9697.705,9703.894
6990.04296875,7018.5215,7061.373,7076.344,7121.7905,7157.056,7193.3657,7223.595,7247.915,7260.99,7288.604,7281.2847,7294.8584,7298.319
7505.5302734375,7535.9043,7582.1196,7597.234,7647.446,7684.7954,7724.0664,7756.171,7782.5303,7795.901,7826.347,7816.32,7832.5967,7836.666
6530.80224609375,6580.09,6564.6875,6575.777,6570.848,6527.106,6565.3037,6556.062,6547.437,6548.0527,6520.3286,6506.775,6523.409,6526.4897
8528.296875,8530.473,8490.337,8475.588,8454.068,8417.076,8437.628,8446.815,8408.613,8438.353,8444.881,8458.421,8504.118,8523.461
7498.7333984375,7555.3257,7537.6406,7550.374,7544.715,7494.4893,7538.348,7527.737,7517.8335,7518.541,7486.0005,7471.145,7490.2446,7493.7817
1326.2042236328125,1325.8329,1325.0696,1325.9567,1326.6581,1324.3477,1326.6168,1324.987,1323.44,1327.1945,1328.0609,1328.7211,1331.114,1334.3323
9210.7158203125,9250.802,9267.011,9266.45,9251.675,9282.597,9295.252,9299.99,9296.25,9290.39,9278.918,9261.961,9248.869,9226.302
9152.1435546875,9191.974,9208.018,9207.522,9192.841,9223.565,9236.141,9240.725,9237.132,9231.309,9219.849,9203.0,9189.93,9167.506
5257.625,5269.304,5289.132,5295.1753,5319.383,5334.5083,5352.537,5366.752,5378.943,5384.3496,5399.407,5393.5337,5403.3115,5406.571
6963.318359375,6976.5986,7004.437,7010.044,7043.5884,7065.721,7087.6577,7105.0693,7120.3413,7127.7803,7148.856,7138.1943,7154.0576,7158.9883
5640.46826171875,5652.6733,5674.2554,5680.432,5706.8145,5723.373,5742.5176,5757.5415,5770.593,5776.314,5792.8076,5785.8677,5796.9375,5800.5845
9458.583984375,9486.899,9485.194,9491.335,9492.699,9474.277,9490.652,9479.395,9484.171,9480.759,9467.796,9457.22,9467.796,9472.23
1113.13525390625,1116.027,1115.7096,1116.4149,1116.4854,1114.4753,1116.2385,1115.0748,1115.5685,1115.2864,1113.8759,1112.8179,1113.77,1114.1932
634.2216186523438,636.69116,638.2233,637.9108,638.39465,641.7311,642.28546,642.10406,642.5677,640.6626,640.1687,638.48535,636.9633,634.4837
959.1550903320312,961.10645,960.36926,961.5835,961.3233,958.65643,962.19055,961.0198,957.98425,958.9816,959.69714,960.4343,959.0467,958.3312
10746.1806640625,10753.105,10758.992,10765.917,10770.765,10758.992,10772.842,10754.837,10757.261,10769.726,10777.689,10769.033,10789.115,10800.888
1724.590087890625,1737.486,1736.4543,1739.3774,1739.8932,1730.2643,1739.5493,1734.5629,1735.2507,1733.7031,1726.9973,1722.5267,1728.5448,1730.952
11363.810546875,11489.052,11491.774,11557.117,11532.614,11401.928,11568.008,11456.381,11486.329,11486.329,11399.205,11369.256,11480.884,11546.228
6046.05712890625,6054.4243,6040.0806,6035.5386,6021.9116,6007.568,6021.195,6013.5444,5993.9414,5997.766,5997.5273,5999.2007,6000.6353,5999.918
10680.119140625,10741.736,10730.862,10748.985,10748.079,10692.805,10747.173,10724.52,10722.707,10715.458,10675.588,10660.184,10691.898,10704.585
10999.58203125,10995.391,10985.159,10978.93,10981.044,10985.499,10974.965,10973.53,10962.053,10954.879,10942.495,10940.909,10932.754,10933.735
8030.5986328125,8067.511,8133.4272,8088.165,8099.5903,8149.247,8140.898,8158.4756,8227.907,8262.183,8220.876,8213.405,8225.2705,8243.287
817.1466064453125,815.0389,816.72504,809.5589,816.30347,830.84656,820.4135,835.58887,841.27966,845.38965,828.52814,834.3243,833.16504,842.4389
7829.0,7836.148,7854.3745,7860.45,7884.0376,7924.7793,7927.6387,7960.3394,7969.274,7981.782,7989.109,7989.8237,8005.906,7986.607
2722.66259765625,2762.6248,2855.6277,2787.3286,2758.2651,2844.0024,2829.4707,2862.167,3003.851,3075.0566,2986.413,2984.2334,3014.75,3085.9553
2632.463623046875,2649.271,2643.2683,2681.2847,2782.929,2864.9644,2927.7917,3066.6519,3140.4338,3197.4836,3302.2542,3349.9746,3458.4219,3461.223
2593.391845703125,2644.849,2818.1387,2731.872,2754.574,2885.487,2943.755,2995.9688,3132.179,3226.7693,3210.8782,3179.0957,3330.4404,3401.194
7166.322265625,7191.74,7253.903,7218.2627,7231.248,7274.9004,7280.426,7294.516,7334.853,7377.1235,7359.442,7346.1807,7380.1626,7405.028
4543.85546875,4577.337,4641.255,4597.5015,4600.545,4644.679,4640.1133,4650.386,4718.4893,4753.112,4714.6846,4703.271,4716.968,4732.9473
1161.0059814453125,1161.6779,1161.2345,1161.1964,1161.2588,1160.4414,1161.3938,1162.509,1162.187,1163.4961,1164.0017,1164.4797,1166.6477,1166.4954
1267.0074462890625,1268.1467,1267.6101,1267.5688,1267.1726,1266.3635,1267.5853,1268.2871,1267.4697,1268.9393,1269.4264,1269.6907,1271.7876,1271.4326
1243.526123046875,1244.5516,1244.0349,1243.9951,1243.6852,1242.8663,1244.019,1244.822,1244.1064,1245.5613,1246.0383,1246.3563,1248.4869,1248.1769
6489.875,6505.7114,6510.811,6513.7637,6513.2266,6505.04,6531.479,6522.7554,6509.8716,6525.9766,6534.834,6538.323,6542.886,6537.7866
8136.3525390625,8157.622,8163.779,8168.4434,8166.3906,8154.823,8191.018,8179.264,8159.861,8179.824,8191.578,8195.683,8200.72,8192.884
352.6264343261719,353.71045,355.80704,354.56815,353.4603,354.93744,355.17566,354.7945,357.82022,359.09482,357.73682,357.16504,358.03464,358.34436
581.2943725585938,583.0695,581.83466,581.634,581.2172,579.3803,581.4024,582.57556,581.3407,583.85675,584.4124,585.2305,588.7345,588.20966
12393.8349609375,12412.854,12434.622,12453.726,12476.058,12506.738,12524.862,12547.388,12573.765,12584.357,12603.96,12608.568,12614.621,12595.293
10177.53125,10168.542,10141.777,10133.81,10113.991,10084.673,10093.561,10096.829,10066.285,10078.237,10076.398,10085.797,10103.367,10121.755
1512.5693359375,1513.6392,1512.9972,1512.9259,1512.7655,1511.7313,1512.9348,1513.755,1513.1755,1514.6198,1515.003,1515.5201,1517.6151,1517.214
6356.98193359375,6361.292,6358.4795,6358.0776,6357.274,6352.982,6357.785,6361.0,6358.4062,6364.3604,6365.8945,6368.013,6376.5605,6375.136
7399.552734375,7366.552,7327.911,7291.4287,7260.3076,7211.937,7188.0737,7157.1963,7121.062,7131.6445,7095.58,7091.681,7089.0356,7105.397
10540.3525390625,10493.347,10438.308,10386.344,10342.015,10273.142,10239.127,10195.1455,10143.775,10158.75,10107.183,10101.827,10098.059,10121.265
10072.3984375,10083.171,10092.47,10099.84,10123.993,10122.52,10138.962,10150.642,10155.857,10180.805,10182.846,10191.011,10202.35,10207.112
13533.8603515625,13511.948,13483.979,13448.953,13426.867,13384.901,13363.547,13332.269,13299.186,13298.67,13265.845,13253.814,13251.581,13266.188
20360.96484375,20450.785,20483.287,20471.754,20457.426,20479.793,20510.896,20510.197,20490.977,20471.055,20437.154,20389.623,20360.965,20305.746
24678.2578125,24676.518,24682.896,24684.492,24703.488,24717.99,24724.807,24744.672,24749.168,24762.943,24769.76,24778.533,24790.352,24791.584
1243.25244140625,1239.8241,1235.253,1230.9458,1226.6793,1220.326,1215.8379,1211.397,1206.672,1207.4773,1202.7405,1200.1825,1199.1641,1200.514
7302.3916015625,7298.2417,7283.42,7261.784,7261.7876,7234.731,7237.0874,7229.7954,7196.6543,7195.7056,7179.224,7181.536,7186.042,7182.2476
13773.30859375,13806.074,13816.187,13821.445,13825.086,13812.142,13816.995,13808.097,13810.119,13812.95,13816.591,13791.512,13812.142,13817.805
22179.2734375,22220.027,22217.543,22224.998,22226.488,22199.152,22219.033,22208.596,22210.584,22210.088,22195.178,22173.309,22191.697,22196.172
20577.66015625,20579.525,20562.953,20557.05,20553.84,20530.691,20541.723,20557.568,20540.893,20562.021,20566.06,20576.314,20613.184,20623.023
17625.30859375,17646.535,17649.64,17658.959,17668.797,17643.945,17666.207,17641.875,17652.748,17662.066,17661.031,17649.64,17669.314,17686.916
9781.6083984375,9785.002,9785.122,9778.323,9778.059,9778.323,9775.377,9769.78,9760.781,9752.325,9746.003,9740.596,9732.54,9721.758
10444.498046875,10448.113,10448.241,10440.986,10440.708,10440.986,10437.848,10431.875,10422.271,10413.234,10406.503,10400.695,10392.096,10380.618
3322.069580078125,3393.4019,3388.2004,3430.5537,3428.3247,3353.2773,3498.171,3438.7273,3370.3674,3432.783,3486.2822,3498.171,3554.642,3545.7256
5866.93359375,5906.7627,5860.806,5946.592,6029.3135,5808.7217,6044.633,5906.7627,5866.9336,5922.0815,5919.0176,5958.8467,6069.1426,6222.332
1152.1085205078125,1153.9814,1158.3513,1155.2867,1153.7544,1157.2446,1157.3014,1157.727,1163.9982,1167.2332,1163.7428,1162.9767,1164.6792,1167.0629
1141.87353515625,1144.3378,1148.393,1145.492,1146.0846,1149.703,1148.9543,1150.514,1155.349,1157.3141,1154.3508,1154.2885,1154.9122,1156.8151
8607.3974609375,8604.62,8604.567,8599.334,8594.475,8603.9795,8598.8,8606.543,8614.019,8614.126,8601.149,8605.101,8604.14,8616.476
8803.5068359375,8799.72,8789.665,8774.837,8774.224,8761.382,8749.714,8744.816,8735.111,8728.817,8714.695,8708.455,8709.975,8713.469
8622.474609375,8616.324,8610.229,8604.617,8600.14,8606.29,8598.952,8605.265,8604.995,8603.916,8591.453,8594.853,8595.607,8609.526
8798.603515625,8797.476,8790.596,8776.084,8773.396,8761.895,8753.483,8748.056,8739.751,8733.92,8720.752,8712.992,8713.57,8713.389
1037.912109375,1037.775,1037.1127,1036.698,1036.518,1035.8894,1035.9471,1035.8267,1034.9817,1035.526,1035.0122,1035.265,1035.6317,1036.0851
1045.726806640625,1045.7827,1045.3075,1045.5171,1045.2026,1044.4757,1045.1117,1044.958,1043.9795,1044.315,1044.3499,1044.5106,1044.315,1044.5316
10279.876953125,10297.255,10289.336,10293.075,10279.217,10262.499,10287.355,10278.337,10253.261,10253.921,10259.859,10258.9795,10259.64,10248.421
10204.8095703125,10221.753,10211.309,10216.646,10201.328,10181.832,10208.987,10200.168,10171.619,10171.852,10178.351,10179.278,10179.511,10169.53
10247.0244140625,10264.891,10257.298,10261.764,10248.364,10231.169,10257.5205,10248.142,10222.905,10223.576,10230.275,10229.605,10229.829,10217.77
6277.712890625,6277.713,6283.092,6280.495,6284.081,6288.7183,6291.377,6299.3525,6306.2153,6316.108,6315.057,6316.3555,6327.979,6333.822
6302.0126953125,6302.0728,6311.6206,6308.498,6316.7847,6322.9097,6329.0947,6336.9014,6341.765,6352.394,6355.2764,6354.676,6368.187,6375.483
6238.91748046875,6240.3125,6252.6865,6252.1406,6269.6704,6278.4053,6287.716,6297.9062,6300.514,6311.1597,6320.1367,6317.3164,6329.129,6337.0977
6244.05029296875,6244.32,6260.0254,6254.4307,6267.7095,6276.4727,6283.213,6291.706,6294.8066,6307.547,6310.9844,6307.951,6322.039,6330.97
9905.0107421875,9925.553,9938.383,9939.012,9934.211,9932.794,9954.124,9943.734,9939.642,9949.401,9947.197,9946.096,9937.123,9925.238
9929.29296875,9949.494,9964.733,9966.08,9963.883,9964.237,9984.367,9975.578,9973.948,9980.186,9977.705,9975.295,9963.315,9946.7295
9878.21875,9897.967,9909.442,9909.591,9905.716,9903.63,9925.091,9914.956,9908.995,9918.384,9918.235,9917.341,9910.1875,9899.755
9945.451171875,9964.634,9975.322,9975.596,9976.966,9973.267,9998.068,9987.518,9980.255,9992.724,9997.52,9999.301,9994.643,9985.873
9307.8681640625,9348.288,9351.057,9358.809,9365.453,9338.321,9361.023,9343.858,9346.073,9343.305,9330.016,9310.637,9331.677,9343.305
9178.705078125,9216.4,9219.498,9226.728,9232.924,9207.105,9229.31,9212.785,9215.367,9212.269,9199.359,9181.287,9200.909,9211.236
9287.0322265625,9327.85,9330.086,9337.914,9344.624,9316.107,9341.269,9322.817,9325.613,9322.258,9307.161,9289.27,9309.398,9320.021
10164.322265625,10144.878,10121.441,10104.774,10081.555,10059.072,10044.793,10034.464,10010.679,10020.789,9997.138,10006.366,10000.599,10007.527
10123.03515625,10105.979,10083.265,10065.678,10040.533,10020.56,10004.32,9991.969,9968.427,9975.251,9950.033,9957.545,9950.21,9951.822
10143.3798828125,10129.063,10110.2,10092.642,10070.115,10053.294,10037.715,10023.43,10002.166,10004.925,9981.187,9985.503,9977.481,9975.565
1363.0841064453125,1366.2362,1365.908,1367.3855,1366.1705,1363.7407,1369.0929,1367.5497,1363.3138,1364.2333,1365.9407,1366.4332,1366.4004,1364.5945
1364.2088623046875,1367.5887,1367.5225,1368.616,1367.0917,1365.0372,1370.0076,1368.3508,1364.3083,1365.1367,1366.6278,1366.6278,1366.429,1364.2421
1359.225341796875,1362.2468,1361.579,1363.2646,1361.9924,1359.5752,1364.7278,1363.2646,1359.2253,1359.6069,1361.4517,1361.9288,1362.0242,1360.3385
1363.871826171875,1366.8784,1366.3027,1367.9979,1366.7505,1364.3835,1369.5333,1368.0299,1364.0957,1364.4475,1366.3667,1366.7825,1366.9425,1365.1832
6844.3935546875,6851.949,6866.6055,6856.4097,6851.312,6862.7817,6862.964,6864.0566,6884.63,6893.824,6883.264,6880.8975,6886.5415,6893.369
6867.49462890625,6874.9824,6888.901,6879.1226,6874.3657,6885.289,6885.377,6886.5225,6906.431,6914.8,6904.493,6902.467,6907.312,6913.8306
6823.75634765625,6831.5967,6846.344,6836.0767,6831.3164,6843.077,6842.984,6844.664,6865.2915,6874.3457,6863.705,6861.6514,6867.1587,6874.439
6849.7861328125,6856.6367,6869.0415,6860.062,6856.359,6868.1157,6866.264,6870.8003,6888.6675,6897.832,6886.908,6886.816,6891.63,6901.9053
6766.05517578125,6774.7485,6785.887,6779.2764,6782.9893,6794.309,6792.498,6796.483,6808.6177,6810.972,6804.5425,6803.818,6803.9087,6806.4443
1228.0948486328125,1228.9827,1229.8427,1230.2034,1229.9259,1229.6207,1231.2438,1229.4681,1229.3156,1232.1315,1233.4077,1232.6586,1234.989,1235.5994
1224.891845703125,1225.9814,1226.7725,1227.1456,1227.1754,1226.6083,1227.9069,1226.1306,1226.3247,1228.5337,1229.7875,1228.683,1230.7129,1231.6383
1223.2564697265625,1224.8446,1224.9344,1225.5487,1225.414,1224.1105,1226.6724,1225.6686,1223.9756,1225.0992,1225.6686,1226.0281,1225.4288,1224.9194
8650.6650390625,8678.138,8678.388,8676.64,8671.894,8658.157,8669.396,8665.15,8660.904,8665.15,8657.408,8639.676,8648.667,8640.176
8683.4736328125,8709.541,8714.141,8713.119,8712.097,8699.318,8709.285,8703.151,8701.363,8705.963,8701.874,8681.685,8694.207,8689.606
8649.259765625,8673.616,8677.634,8678.137,8680.898,8668.846,8676.128,8670.604,8670.102,8671.607,8668.595,8652.272,8663.572,8662.065
9464.7998046875,9475.704,9499.559,9482.292,9484.109,9512.053,9503.42,9522.73,9548.856,9575.21,9549.084,9554.309,9562.261,9592.93
9552.1357421875,9563.688,9588.8545,9570.702,9570.289,9596.075,9588.648,9604.12,9632.381,9656.723,9632.381,9634.65,9642.488,9669.512
9380.0078125,9390.963,9418.771,9399.179,9397.915,9425.092,9418.562,9433.7295,9464.699,9494.193,9468.912,9469.966,9482.3955,9510.415
9422.8544921875,9435.319,9467.853,9445.882,9444.191,9472.289,9467.008,9479.683,9513.695,9544.116,9519.61,9516.864,9531.2295,9556.58
1231.0640869140625,1233.8232,1234.5953,1234.7726,1233.4562,1232.5829,1235.5446,1234.9371,1232.8867,1235.2788,1235.1016,1235.2029,1235.494,1234.5574
1236.354248046875,1239.2693,1240.1152,1240.2454,1238.944,1238.072,1241.0001,1240.1412,1238.3584,1240.4666,1240.1283,1240.0111,1239.92,1238.3975
1231.3624267578125,1234.2635,1235.096,1235.2184,1233.9698,1233.1619,1236.2222,1235.2919,1233.1619,1234.9491,1235.2184,1234.998,1235.0715,1233.725
1232.3997802734375,1235.3048,1236.2527,1236.3757,1235.2063,1234.4308,1237.3358,1236.3881,1234.7017,1236.5604,1236.4249,1236.2157,1236.0311,1234.3939
6764.87890625,6773.6167,6784.721,6778.168,6781.9907,6793.277,6791.4565,6795.4614,6807.6577,6809.933,6803.4707,6802.7427,6802.834,6805.3823
6230.20849609375,6247.8027,6245.017,6244.87,6252.788,6238.7124,6254.1074,6244.7236,6232.7007,6240.0317,6244.4307,6241.205,6228.156,6231.2344
6302.7900390625,6329.5415,6338.313,6337.4355,6341.8213,6331.5884,6343.283,6324.2793,6337.4355,6342.406,6348.546,6321.063,6336.851,6339.4824
6214.3154296875,6238.322,6248.102,6247.5093,6252.251,6242.767,6252.5474,6235.358,6247.213,6254.3257,6261.735,6236.247,6252.251,6256.697
6269.91943359375,6305.9243,6319.3706,6318.1753,6316.681,6307.7173,6316.98,6305.9243,6311.004,6311.004,6313.0957,6278.136,6297.2593,6287.399
6766.05517578125,6774.7485,6785.887,6779.2764,6782.9893,6794.309,6792.498,6796.483,6808.6177,6810.972,6804.5425,6803.818,6803.9087,6806.4443
676.6055297851562,677.4749,678.58875,677.9277,678.299,679.43097,679.2499,679.6483,680.8618,681.0972,680.4543,680.38184,680.39087,680.6445
1255.701171875,1257.1035,1259.0813,1257.6969,1257.2114,1258.6498,1258.2543,1258.6858,1261.8502,1262.857,1260.7894,1260.3219,1260.4838,1260.6815
1247.32421875,1248.328,1249.8185,1248.7083,1248.328,1249.5295,1249.134,1249.6816,1252.1759,1253.0885,1251.3242,1251.0808,1251.2329,1251.6588
1252.488037109375,1253.2749,1254.3966,1253.5427,1252.7224,1253.9111,1253.3419,1254.0283,1256.8577,1257.5105,1255.5016,1255.3174,1255.5518,1255.987
1218.8104248046875,1219.9043,1219.0963,1218.425,1217.0825,1216.1378,1215.74,1214.4224,1213.4901,1212.6821,1210.8673,1210.5005,1208.0518,1206.3612
1215.365966796875,1215.8766,1215.9015,1214.0397,1212.5204,1211.8915,1210.8889,1208.8777,1206.9849,1205.892,1203.255,1202.6923,1200.643,1198.3733
1214.32373046875,1215.4271,1215.0988,1213.9296,1212.3402,1211.3812,1210.9609,1209.2269,1207.9331,1207.1252,1204.8134,1204.2944,1201.8512,1199.6477
1210.7352294921875,1210.9646,1210.7959,1208.5901,1207.1667,1206.2695,1204.9744,1202.6572,1200.3088,1198.9154,1196.1779,1195.473,1193.402,1191.1321
1390.7535400390625,1395.0989,1393.7953,1393.747,1391.6709,1389.6671,1393.6504,1392.3468,1388.9912,1390.9467,1392.1053,1391.6226,1393.8918,1391.4777
1377.6568603515625,1381.523,1380.1172,1379.7891,1378.2192,1376.0402,1379.6017,1379.461,1376.7665,1379.2268,1380.3514,1380.1641,1383.8661,1381.6401
1378.0716552734375,1381.6014,1380.2081,1379.7205,1378.6522,1376.2834,1379.4418,1379.8365,1377.6769,1380.4635,1381.2067,1381.3925,1385.3635,1383.2037
1501.0255126953125,1502.0586,1501.3542,1502.716,1504.0306,1500.509,1504.3594,1502.2933,1501.3542,1502.2933,1502.4812,1503.0446,1504.5471,1506.4253
1503.79150390625,1505.4982,1504.0142,1505.9928,1506.6359,1502.9011,1507.3779,1505.9434,1503.8657,1504.1625,1505.2509,1506.3391,1507.0316,1507.8726
1175.0030517578125,1177.1938,1180.7994,1178.5173,1176.669,1179.1564,1179.3617,1178.8369,1184.5192,1186.436,1183.6063,1182.6707,1183.6292,1184.1312
1180.707275390625,1182.6324,1185.9855,1183.9087,1181.7888,1184.1683,1184.4712,1183.8655,1189.4897,1191.415,1188.6245,1187.7593,1188.884,1189.4249
1166.766357421875,1168.8016,1172.3171,1170.12,1167.7378,1170.3049,1170.6519,1169.9812,1176.087,1178.1223,1175.1157,1174.2136,1175.4164,1176.1333
1171.2982177734375,1173.2261,1176.594,1174.5035,1171.9718,1174.5035,1174.8519,1174.2249,1180.3799,1182.4703,1179.3579,1178.5219,1179.776,1180.6122
1417.8602294921875,1418.2646,1419.1064,1419.1393,1420.4292,1421.8777,1421.9269,1423.195,1423.5175,1424.474,1424.3154,1424.5942,1425.0042,1424.6761
1419.6231689453125,1419.6384,1419.4705,1419.562,1420.1676,1421.0938,1420.992,1421.2922,1420.9335,1420.8469,1420.5925,1420.6841,1420.4679,1419.791
1418.978515625,1418.8317,1419.0048,1419.0414,1419.9536,1420.9653,1420.8815,1421.7202,1421.5997,1422.04,1421.778,1422.1239,1422.1816,1421.7937
1418.085693359375,1419.1388,1418.7634,1419.2587,1418.9198,1418.2838,1420.1344,1421.2292,1420.2179,1422.7253,1422.7357,1423.5803,1425.3528,1425.0817
1417.6605224609375,1418.1626,1417.843,1418.5271,1418.6829,1418.8601,1420.7201,1421.9492,1421.1273,1423.3116,1423.5428,1424.4829,1425.7146,1425.2269
1416.415771484375,1417.3635,1416.8815,1417.174,1416.5945,1415.6521,1417.4827,1418.1434,1416.7083,1419.3134,1418.8693,1419.8116,1421.1765,1421.0574
1415.414306640625,1415.8125,1415.32,1415.8916,1415.8375,1415.7571,1417.6316,1418.6139,1417.318,1419.7073,1419.4797,1420.573,1421.5498,1421.1224
1273.9122314453125,1274.6907,1273.7625,1275.0499,1275.4691,1273.2535,1275.8882,1274.9601,1273.9421,1274.032,1274.6008,1275.1697,1275.8882,1276.6666
1274.1956787109375,1274.9768,1274.9468,1275.5176,1276.3588,1274.4661,1276.479,1274.8265,1275.127,1275.4575,1275.1871,1275.157,1276.1785,1277.2601
1189.8072509765625,1189.8231,1189.577,1189.7198,1190.077,1189.5532,1190.1882,1190.331,1189.9421,1190.7201,1190.9819,1190.9343,1191.744,1192.4266
1190.933349609375,1191.0896,1190.975,1190.9819,1191.2146,1190.8187,1191.173,1191.2216,1190.9855,1191.3744,1191.2703,1191.1521,1191.4369,1191.7008
1187.067138671875,1187.217,1187.0277,1187.0198,1187.2485,1186.6963,1187.1302,1187.0986,1186.6569,1186.9487,1186.8541,1186.6252,1186.9014,1187.1539
1188.9327392578125,1189.1483,1188.9327,1188.4972,1188.3425,1187.6996,1187.785,1187.5247,1186.8531,1186.8165,1186.0718,1185.7584,1185.6241,1185.4165
1204.97314453125,1206.7927,1206.5181,1206.8958,1205.6941,1203.8574,1205.9344,1204.3895,1202.4326,1202.3639,1202.0721,1201.849,1200.1323,1198.2784
1211.5185546875,1213.1855,1213.0548,1213.7412,1213.2836,1211.8291,1214.4766,1213.398,1211.4042,1211.682,1212.205,1212.3848,1211.4532,1210.1948
1206.0460205078125,1207.832,1207.4076,1208.5923,1208.6277,1206.5234,1209.9893,1208.7161,1206.8771,1207.9734,1209.0521,1209.5825,1209.9186,1209.4941
1212.8062744140625,1214.3533,1214.1042,1215.2068,1215.3312,1213.3397,1216.7893,1215.2778,1213.7131,1215.3312,1216.5759,1216.8605,1218.2118,1218.2118
1181.2572021484375,1183.026,1183.2875,1183.6874,1183.0568,1182.2416,1184.5947,1183.6412,1182.0109,1182.3185,1182.9799,1182.8414,1182.58,1181.1957
1140.978759765625,1140.3345,1138.8518,1137.775,1136.279,1134.0638,1133.5166,1132.8239,1130.9639,1131.4558,1130.1353,1130.8623,1130.7917,1131.3014
1129.7281494140625,1129.4252,1128.3014,1127.3778,1126.2638,1124.0991,1124.1138,1123.4884,1121.5631,1122.4182,1121.1259,1121.7953,1121.6682,1122.1569
1130.953857421875,1130.2421,1128.8185,1127.2463,1126.3589,1124.1649,1123.5219,1122.6533,1120.6251,1121.0339,1119.6465,1120.0609,1120.4022,1121.2322
1090.899658203125,1092.3464,1094.0055,1094.3334,1093.9962,1095.3291,1096.4424,1096.1455,1095.7805,1095.394,1094.9487,1094.423,1092.8752,1089.6456
1091.78271484375,1092.8011,1094.4735,1094.9191,1095.1997,1097.1542,1098.057,1098.3,1097.8016,1096.9719,1097.1647,1096.3972,1095.0493,1091.3834
1086.03662109375,1087.0254,1088.5587,1088.6876,1088.9849,1090.719,1091.2844,1091.1669,1090.4563,1089.1365,1089.085,1088.084,1086.5067,1082.6788
1120.326416015625,1121.1688,1120.3414,1120.6874,1119.7096,1118.5062,1120.191,1119.5742,1117.8744,1117.739,1118.1753,1118.1903,1118.2053,1117.5886
1119.8345947265625,1120.616,1119.7251,1120.3503,1119.3657,1118.0997,1120.0377,1119.3813,1117.5684,1117.162,1117.7559,1117.8966,1117.6934,1117.0057
1127.079345703125,1127.8483,1126.864,1127.8329,1126.987,1125.6182,1127.7714,1127.2178,1125.4644,1124.757,1125.5566,1125.895,1125.6643,1125.0337
1071.7615966796875,1073.1139,1073.3425,1072.1553,1071.1267,1070.9426,1070.7203,1069.7806,1068.4918,1067.222,1065.4728,1064.2633,1063.0586,1061.4404
1075.0548095703125,1076.6715,1077.1334,1076.0813,1075.0164,1075.1703,1075.1511,1074.3684,1073.1239,1071.9114,1070.269,1069.0085,1067.7655,1066.0956
1065.1683349609375,1066.3627,1066.5865,1065.4047,1064.4653,1064.397,1064.0797,1063.2151,1061.8528,1060.7548,1059.0131,1057.9524,1056.7783,1055.2844
1069.4215087890625,1070.7644,1071.0872,1069.9058,1068.8792,1068.9631,1068.7178,1067.8462,1066.3904,1065.225,1063.4447,1062.3375,1061.058,1059.4128
1204.0980224609375,1207.631,1208.2954,1208.9294,1207.5404,1206.1514,1210.6809,1209.1409,1205.7891,1207.2083,1208.5369,1208.2954,1208.4766,1206.3628
1208.1854248046875,1212.0286,1212.7725,1213.0514,1211.4397,1210.076,1214.1671,1212.6484,1209.6111,1210.8508,1211.8116,1211.2228,1211.3158,1208.8983
1192.6490478515625,1196.1556,1196.6118,1196.954,1195.3574,1194.2456,1197.8662,1196.6118,1193.8179,1195.2434,1196.1556,1195.671,1196.0986,1194.1886
1204.654541015625,1208.2272,1208.7035,1209.1799,1207.6615,1206.3813,1210.4005,1208.8524,1205.7859,1206.7684,1207.9592,1207.4233,1207.5723,1205.3096
1147.3096923828125,1148.4393,1148.4393,1148.7649,1148.9373,1147.9607,1148.8798,1148.2479,1148.2861,1148.2479,1147.6351,1147.3671,1148.0756,1148.5925
1153.9422607421875,1155.2275,1155.2476,1155.5488,1155.7698,1154.7053,1155.6693,1155.0066,1155.0669,1154.9865,1154.3639,1153.9221,1154.6652,1155.1874
1143.8282470703125,1145.2869,1145.4102,1145.6772,1145.9032,1144.9171,1145.8005,1145.1636,1145.2458,1145.1431,1144.5267,1144.0337,1144.7322,1145.1226
1152.1143798828125,1153.4305,1153.4087,1153.7377,1154.001,1152.7506,1153.8254,1153.1454,1153.1674,1153.1454,1152.4873,1152.0048,1152.7944,1153.4963
1088.2227783203125,1088.0873,1087.6661,1087.9595,1089.6669,1090.8176,1091.5172,1094.2024,1095.0598,1096.0038,1097.8429,1098.8658,1101.5934,1101.7795
1085.2493896484375,1085.0972,1084.502,1084.7719,1086.4397,1087.1732,1087.9967,1090.5779,1091.4291,1092.3668,1094.1626,1095.2041,1097.929,1098.4047
1091.2017822265625,1091.0999,1090.4517,1090.845,1092.7385,1093.4813,1094.4937,1097.4031,1098.47,1099.5751,1101.5706,1102.8036,1105.8236,1106.4773
1111.797119140625,1112.9452,1112.1069,1112.1981,1111.0864,1109.7743,1111.6332,1111.1958,1109.3187,1109.4645,1110.0659,1109.8655,1110.4668,1109.7196
1099.0474853515625,1100.252,1099.5258,1099.7206,1098.5869,1097.4177,1099.3485,1098.8171,1096.9218,1096.851,1097.5063,1097.276,1097.6658,1096.7446
1106.9720458984375,1107.9556,1107.0085,1107.2999,1106.0978,1104.9503,1106.8992,1106.5531,1104.4768,1104.7135,1105.4603,1105.3146,1106.0431,1105.5332
1018.8714599609375,1019.4101,1019.8365,1019.95245,1020.31903,1020.435,1020.9175,1021.213,1021.6132,1022.2005,1022.25287,1022.17804,1022.5109,1022.3763
1021.9981079101562,1022.39026,1022.6285,1022.6871,1023.09753,1022.962,1023.3138,1023.40173,1023.50433,1023.97345,1023.93677,1023.83417,1024.12,1024.076
1274.4476318359375,1274.9563,1275.3015,1274.9381,1275.0381,1277.4906,1276.9728,1277.8903,1278.6896,1278.9893,1277.4542,1277.5814,1277.3088,1278.4625
1272.9078369140625,1273.7673,1274.7366,1274.0966,1274.1514,1276.6385,1276.1631,1277.2604,1278.7692,1279.6287,1277.8547,1278.1199,1278.0834,1279.7567
1265.5205078125,1266.2129,1267.0118,1266.3727,1266.568,1268.734,1268.0948,1269.1246,1270.4474,1271.1487,1269.3555,1269.6218,1269.3998,1270.8912
1263.908935546875,1264.8397,1266.4027,1265.2964,1265.2964,1267.4564,1266.7365,1267.9481,1270.0731,1271.6185,1269.5463,1269.9502,1270.196,1272.3033
9924.7294921875,9924.894,9923.352,9923.837,9927.052,9928.039,9929.828,9934.09,9935.78,9937.248,9940.322,9942.472,9947.051,9947.406
9927.1533203125,9928.667,9929.902,9931.323,9935.926,9939.941,9942.273,9947.571,9950.753,9953.031,9957.309,9958.537,9963.6455,9963.136
9884.9033203125,9885.133,9884.246,9885.346,9889.234,9891.532,9893.518,9898.571,9900.774,9902.551,9906.231,9908.522,9913.208,9913.245
9884.099609375,9886.436,9889.989,9892.189,9899.434,9904.409,9909.386,9915.31,9919.168,9922.968,9928.523,9928.875,9934.357,9935.407
10489.7998046875,10498.947,10492.248,10499.075,10491.861,10480.009,10498.174,10493.278,10476.531,10473.439,10479.494,10482.07,10479.236,10473.696
8618.5234375,8633.439,8639.843,8637.857,8634.135,8640.141,8645.154,8645.402,8642.871,8638.899,8633.837,8625.398,8619.987,8609.6875
8665.892578125,8680.334,8686.355,8683.418,8679.502,8683.32,8688.313,8686.991,8683.173,8677.788,8671.767,8662.612,8656.591,8645.723
8599.3427734375,8612.817,8617.691,8613.391,8608.947,8610.906,8614.441,8611.336,8606.414,8599.581,8592.079,8582.714,8575.905,8564.652
8637.8427734375,8650.104,8654.223,8649.29,8644.356,8646.129,8648.188,8645.075,8639.136,8632.813,8624.24,8615.213,8608.459,8597.755
9583.28125,9585.118,9600.343,9592.337,9596.799,9614.648,9614.124,9631.186,9647.723,9666.359,9657.041,9660.453,9677.253,9692.937
9613.3935546875,9638.876,9655.977,9672.193,9680.545,9715.233,9732.685,9748.245,9765.803,9774.825,9784.823,9783.543,9782.263,9768.668
9648.033203125,9677.914,9698.719,9718.319,9731.346,9768.356,9788.575,9806.602,9826.759,9836.821,9850.773,9850.342,9848.736,9832.87
9884.0146484375,9885.484,9879.826,9880.781,9874.682,9872.036,9877.474,9875.049,9868.729,9869.391,9871.815,9871.595,9873.506,9875.049
9562.1591796875,9567.294,9561.216,9560.587,9552.727,9548.64,9554.299,9548.325,9542.037,9542.7705,9542.246,9541.408,9540.884,9541.198
9497.8134765625,9502.562,9496.23,9499.818,9491.587,9487.26,9497.074,9490.954,9482.301,9479.557,9482.617,9482.934,9481.034,9480.612
9527.041015625,9531.962,9527.435,9528.911,9521.333,9517.199,9524.384,9517.593,9510.704,9509.129,9509.424,9508.735,9505.881,9504.012
8687.9326171875,8691.135,8689.567,8697.539,8714.638,8729.489,8739.776,8762.429,8773.158,8784.093,8802.84,8809.477,8830.708,8830.077
8751.7001953125,8755.94,8759.042,8766.385,8784.067,8797.459,8808.316,8828.067,8837.943,8849.965,8865.657,8869.38,8887.199,8889.758
8660.751953125,8662.205,8657.845,8663.174,8678.955,8687.71,8698.023,8720.275,8729.861,8740.14,8757.962,8765.739,8789.852,8791.859
8708.8525390625,8711.966,8712.825,8720.341,8736.928,8749.704,8759.688,8779.846,8789.375,8799.95,8815.88,8821.134,8838.963,8839.634
8794.3046875,8799.574,8809.871,8803.304,8802.574,8808.574,8807.033,8809.79,8824.221,8830.788,8822.762,8820.573,8824.789,8824.87
8827.9052734375,8833.444,8844.283,8837.7,8835.371,8841.875,8840.911,8842.598,8858.814,8865.8,8857.53,8854.961,8860.02,8860.421
8739.00390625,8744.677,8755.385,8749.152,8745.477,8752.269,8751.549,8752.428,8769.528,8776.64,8768.01,8765.213,8770.247,8770.967
8791.44921875,8796.224,8803.847,8799.742,8795.135,8801.082,8798.904,8801.166,8818.338,8822.693,8813.312,8811.385,8814.316,8814.819
9271.4296875,9274.059,9267.195,9267.195,9273.036,9261.062,9270.115,9269.386,9261.062,9265.589,9266.319,9259.31,9266.173,9270.554
9297.10546875,9302.298,9299.734,9299.077,9304.336,9297.632,9303.679,9304.27,9301.575,9306.11,9304.927,9299.406,9304.007,9306.176
9172.76171875,9175.245,9168.188,9161.523,9159.303,9146.104,9148.063,9141.53,9133.036,9129.246,9120.2295,9111.801,9110.167,9106.704
9204.8671875,9207.732,9204.216,9193.469,9191.6455,9183.113,9180.442,9173.864,9167.025,9164.159,9151.524,9144.62,9142.341,9138.465
8713.3037109375,8721.974,8741.982,8732.6455,8739.648,8762.658,8766.1045,8780.333,8793.005,8810.068,8806.178,8804.732,8819.462,8835.302
8854.7470703125,8875.195,8890.275,8903.937,8913.309,8944.684,8960.169,8978.799,8996.833,9007.427,9016.969,9018.7295,9020.945,9015.72
8744.7822265625,8748.378,8753.349,8752.291,8754.617,8773.496,8774.13,8787.456,8795.547,8805.382,8799.936,8804.801,8811.569,8824.445
8846.3984375,8850.94,8851.1045,8854.717,8857.672,8875.869,8876.882,8886.9375,8891.836,8895.653,8893.642,8896.036,8898.103,8901.215
8769.7744140625,8771.028,8786.701,8779.304,8790.713,8811.276,8815.915,8838.484,8847.638,8871.711,8869.078,8871.586,8892.713,8916.535
8802.2490234375,8808.642,8824.625,8820.661,8837.924,8862.346,8868.483,8892.906,8901.729,8923.658,8926.088,8927.75,8947.825,8968.379
8744.9228515625,8763.51,8783.635,8788.891,8814.784,8844.779,8861.893,8887.401,8900.925,8919.047,8932.951,8929.542,8947.825,8960.739
8748.50390625,8764.488,8787.21,8786.55,8811.385,8842.296,8854.384,8877.105,8888.202,8907.39,8917.892,8913.202,8932.324,8945.848
5906.18212890625,5908.272,5909.9697,5907.4883,5892.5996,5901.7417,5898.085,5907.3574,5928.515,5929.429,5916.239,5918.981,5926.0337,5933.478
5903.5302734375,5907.5503,5913.515,5908.1987,5897.9546,5908.5874,5908.5874,5918.572,5942.4307,5950.211,5938.541,5942.82,5955.7866,5967.1973
5774.04833984375,5783.8486,5802.189,5789.5884,5778.6685,5793.509,5796.589,5797.569,5831.3096,5846.01,5830.7495,5828.6494,5844.05,5854.83
6621.69677734375,6622.244,6582.9395,6581.4326,6561.5747,6538.293,6532.1304,6532.267,6513.505,6522.9546,6521.859,6525.146,6515.4224,6525.009
6481.70703125,6470.029,6435.134,6411.3604,6370.4873,6341.084,6317.1714,6306.884,6274.0396,6288.8105,6250.075,6262.466,6250.579,6243.315
6536.60302734375,6541.2666,6513.2866,6507.526,6482.5635,6461.03,6454.5835,6445.9424,6428.6606,6431.678,6414.945,6418.237,6399.24,6389.639
6214.89892578125,6223.908,6243.6704,6229.139,6223.1816,6239.4565,6237.5674,6241.636,6270.408,6285.811,6267.3564,6265.0312,6270.6987,6282.76
6214.89892578125,6223.908,6243.6704,6229.139,6223.1816,6239.4565,6237.5674,6241.636,6270.408,6285.811,6267.3564,6265.0312,6270.6987,6282.76
6204.0498046875,6213.775,6234.967,6219.726,6212.033,6228.7256,6227.9995,6230.0317,6261.094,6276.9155,6258.336,6254.5625,6261.094,6271.9805
6204.0498046875,6213.775,6234.967,6219.726,6212.033,6228.7256,6227.9995,6230.0317,6261.094,6276.9155,6258.336,6254.5625,6261.094,6271.9805
6841.00830078125,6879.0,6926.4155,6952.4233,6994.765,7046.642,7082.0186,7119.7876,7148.133,7164.3833,7195.1035,7201.0396,7206.6787,7200.0005
6841.00830078125,6879.0,6926.4155,6952.4233,6994.765,7046.642,7082.0186,7119.7876,7148.133,7164.3833,7195.1035,7201.0396,7206.6787,7200.0005
6841.6982421875,6879.2026,6925.356,6952.2725,6993.7656,7046.2188,7081.6353,7119.587,7148.2183,7165.2925,7195.5645,7203.1694,7208.2397,7202.573
6841.6982421875,6879.2026,6925.356,6952.2725,6993.7656,7046.2188,7081.6353,7119.587,7148.2183,7165.2925,7195.5645,7203.1694,7208.2397,7202.573
6948.6171875,6966.626,6970.554,6961.8813,6954.535,6967.034,6969.024,6966.0137,6944.1533,6935.9146,6919.1304,6910.1006,6895.7114,6873.0884
6939.49609375,6960.0103,6966.8677,6962.7163,6956.7607,6979.6113,6983.45,6982.3403,6967.9893,6956.6396,6947.666,6936.0615,6921.7456,6897.1143
6795.6513671875,6816.879,6823.9785,6815.711,6810.24,6833.3867,6834.6206,6828.436,6811.6704,6790.288,6780.4907,6763.971,6744.138,6714.77
6860.6767578125,6879.495,6885.31,6874.691,6869.9634,6889.027,6888.1157,6880.522,6861.0557,6839.8438,6827.438,6811.576,6791.2637,6761.6235
8193.8896484375,8208.05,8206.223,8211.703,8204.548,8196.326,8217.793,8210.79,8192.824,8194.347,8202.111,8201.351,8201.807,8193.129
8145.3271484375,8158.929,8154.756,8162.0205,8154.1377,8145.018,8167.276,8160.1655,8142.081,8141.154,8149.9644,8150.4277,8151.0464,8143.318
8170.763671875,8183.914,8180.477,8186.604,8179.132,8170.465,8191.535,8184.3623,8167.3267,8166.4297,8174.35,8174.2007,8174.2007,8165.6826
7822.775390625,7827.126,7817.6445,7825.899,7819.987,7806.8237,7820.5444,7819.3174,7801.246,7804.035,7808.051,7814.6323,7810.1704,7813.963
7834.3154296875,7837.83,7830.8003,7837.4043,7832.5044,7820.894,7835.8066,7834.102,7816.101,7822.705,7826.859,7833.037,7831.9717,7836.4453
7802.69140625,7803.8135,7792.2573,7802.355,7799.3257,7782.945,7798.0913,7798.2036,7778.233,7787.657,7792.0327,7801.9062,7800.111,7810.433
7810.74658203125,7814.3257,7807.71,7813.892,7809.5537,7797.623,7813.0244,7810.9634,7792.742,7800.1177,7804.022,7810.204,7808.7944,7812.916
7668.076171875,7676.3086,7663.423,7677.3823,7683.825,7653.5796,7682.0356,7675.593,7654.654,7666.2866,7672.371,7681.6777,7686.6885,7701.364
7706.0439453125,7716.9233,7704.2,7718.767,7724.299,7694.4272,7725.0366,7718.03,7696.4556,7705.4907,7712.498,7722.0864,7725.774,7737.575
7638.6826171875,7649.35,7637.2363,7651.52,7656.2207,7627.4727,7657.3057,7650.797,7628.9194,7638.14,7645.3726,7655.136,7658.029,7668.8774
7696.34814453125,7705.717,7692.975,7707.5903,7714.7104,7683.9814,7714.7104,7706.841,7687.1665,7695.973,7702.3438,7711.713,7717.7085,7731.574
6930.1455078125,6940.5044,6977.8213,6961.341,6973.701,6996.185,7004.896,7009.2515,7028.0864,7042.5654,7042.2124,7030.5586,7052.807,7056.8096
6947.56396484375,6958.121,6991.803,6974.962,6979.1094,6998.59,7005.7534,7008.5186,7033.1514,7049.4897,7043.206,7033.403,7056.528,7062.1836
6885.978515625,6897.101,6923.643,6908.476,6901.904,6919.725,6922.885,6922.506,6952.4604,6968.638,6956.3784,6949.9326,6967.1216,6974.199
6914.7666015625,6925.9473,6951.5205,6936.485,6927.6177,6944.9663,6948.6934,6946.38,6978.636,6994.057,6980.821,6974.395,6989.8164,6995.3423
7328.04443359375,7343.349,7347.2734,7351.1978,7350.8057,7344.3306,7347.2734,7344.3306,7345.508,7346.685,7345.9,7335.893,7344.919,7347.666
7315.99609375,7319.1104,7316.751,7321.564,7319.3936,7313.2593,7327.037,7319.9595,7313.2593,7336.4736,7342.9854,7344.306,7359.405,7367.7095
7268.37060546875,7270.8193,7267.3345,7273.456,7272.7026,7264.2266,7277.883,7270.8193,7264.2266,7280.8965,7286.076,7287.3945,7298.3193,7306.7954
7269.01513671875,7273.8584,7270.5054,7275.3486,7272.9272,7265.8486,7277.398,7273.6724,7262.216,7273.8584,7274.5107,7278.702,7274.697,7279.82
6040.6640625,6054.377,6077.595,6061.7007,6062.48,6081.335,6078.686,6084.296,6111.721,6123.72,6108.4487,6106.2676,6111.098,6120.292
5996.67431640625,6014.1533,6031.982,6023.242,6027.2627,6051.5586,6047.8877,6055.5786,6076.1167,6079.787,6067.989,6066.94,6066.4155,6074.3687
6003.25244140625,6018.1123,6039.9844,6025.9595,6029.8,6050.336,6046.162,6053.8423,6079.2207,6088.571,6074.045,6073.21,6075.882,6085.3984
7174.38525390625,7163.4556,7143.5166,7129.2593,7112.7295,7093.2305,7079.67,7065.8726,7053.2925,7058.406,7041.7134,7035.7617,7034.138,7033.1646
7200.42822265625,7185.9873,7163.176,7148.4478,7129.358,7105.4854,7090.311,7075.7554,7062.1777,7071.067,7052.858,7045.6084,7044.573,7045.8965
7146.33740234375,7133.299,7114.923,7100.41,7085.0684,7064.707,7051.4033,7037.382,7024.2905,7031.062,7014.7305,7008.198,7006.127,7007.561
7156.17529296875,7145.626,7132.661,7117.0664,7103.812,7084.7183,7071.9824,7057.4883,7044.5376,7047.682,7032.359,7024.011,7020.3516,7021.8384
8400.8955078125,8403.582,8429.014,8424.268,8444.864,8462.236,8475.042,8487.131,8493.713,8506.474,8517.04,8509.966,8529.129,8540.547
7495.60205078125,7499.664,7538.3887,7528.9106,7557.074,7583.613,7601.0796,7618.14,7628.701,7648.4697,7661.265,7650.7715,7679.4766,7696.2666
7531.8212890625,7537.776,7575.937,7567.2764,7596.5063,7624.654,7641.5693,7659.297,7670.9346,7689.6094,7703.1416,7692.113,7719.245,7734.7397
7462.41552734375,7467.0176,7505.729,7494.4946,7519.6704,7546.6064,7562.578,7578.4146,7590.1904,7609.9526,7620.104,7609.4785,7637.8354,7654.0107
7482.88720703125,7488.291,7527.5015,7514.2007,7537.616,7565.604,7580.152,7595.5312,7608.694,7629.1997,7636.959,7626.013,7654.278,7670.697
7794.375,7828.4785,7829.0874,7826.6514,7819.9526,7803.51,7817.212,7812.0356,7806.5547,7811.7314,7802.5967,7780.673,7791.33,7780.2163
7846.31591796875,7879.0576,7882.488,7880.617,7877.187,7860.348,7874.3804,7868.4556,7863.7783,7869.391,7860.66,7839.7676,7851.9287,7843.1978
7753.41748046875,7784.3296,7788.231,7788.231,7790.3315,7775.626,7785.23,7778.6274,7777.127,7779.8276,7775.326,7753.718,7767.523,7763.922
7802.75537109375,7832.6895,7837.0547,7839.2373,7841.42,7827.0767,7835.8076,7828.6357,7829.5713,7831.442,7828.012,7808.6797,7823.335,7822.7114
7175.17919921875,7194.3003,7231.3594,7206.3247,7200.411,7223.8687,7224.8545,7225.84,7267.236,7287.5396,7266.842,7257.577,7268.813,7276.1064
7234.611328125,7246.158,7267.3584,7249.944,7248.808,7267.737,7262.0586,7272.091,7302.7554,7316.5737,7294.805,7295.184,7299.159,7313.1665
6705.9365234375,6726.0815,6729.889,6723.2563,6713.675,6696.355,6713.0605,6704.8306,6680.325,6688.7393,6672.648,6673.016,6664.295,6639.175
6634.6259765625,6656.935,6662.8843,6659.7954,6650.185,6633.9395,6652.931,6644.1216,6625.13,6634.397,6621.011,6620.5537,6611.0576,6588.691
6681.0986328125,6703.6357,6708.4233,6700.7163,6689.039,6669.188,6691.141,6681.916,6658.0947,6668.7207,6656.226,6654.241,6649.687,6626.8
6507.90625,6537.4033,6530.4434,6529.449,6514.203,6496.6377,6527.4604,6518.5117,6490.672,6500.283,6507.243,6504.2603,6514.866,6495.9746
6546.15625,6575.023,6567.0596,6565.7324,6551.631,6535.5386,6563.7417,6560.092,6533.8794,6550.1377,6556.442,6555.1147,6573.032,6557.1055
6435.2041015625,6460.8403,6451.811,6449.2314,6436.3325,6418.4355,6445.684,6441.17,6414.7275,6427.9487,6433.753,6432.947,6448.264,6433.269
6514.138671875,6540.5776,6529.806,6528.5005,6514.1387,6497.8184,6525.563,6521.646,6494.7173,6509.8955,6517.076,6516.4233,6534.0493,6521.3193
8006.01416015625,8004.3374,7990.5327,7984.4404,7986.173,7973.933,7981.981,7990.141,7975.833,7996.6245,7992.0977,8001.599,8017.3604,8024.626
7091.57080078125,7104.1387,7105.296,7099.349,7096.778,7112.673,7110.262,7108.0283,7105.007,7090.542,7084.917,7075.8843,7067.7197,7060.327
7379.40576171875,7363.006,7338.803,7305.3354,7285.219,7246.112,7224.618,7192.1436,7161.439,7158.9106,7127.7,7114.5513,7106.3154,7109.494
3129.738037109375,3148.561,3142.144,3156.475,3149.2026,3131.663,3166.956,3156.689,3132.0908,3133.1604,3146.8499,3152.4111,3154.55,3146.8499
3081.65478515625,3101.2285,3097.44,3109.2263,3101.018,3086.2852,3120.3813,3110.0684,3084.8118,3087.3374,3100.1763,3103.3333,3105.017,3094.4934
8318.94921875,8317.398,8316.855,8320.346,8331.786,8340.59,8345.593,8359.749,8363.782,8373.652,8381.99,8386.975,8398.047,8401.193
8252.9326171875,8251.119,8249.219,8253.796,8266.749,8275.471,8281.817,8298.268,8302.802,8313.725,8324.065,8330.132,8343.551,8347.298
8271.830078125,8270.901,8270.563,8274.615,8287.152,8296.986,8302.77,8318.303,8323.072,8333.583,8343.101,8348.313,8360.607,8364.084
7530.62548828125,7526.9844,7532.2183,7530.5117,7542.6865,7552.813,7558.5024,7577.504,7584.331,7604.4136,7607.1445,7612.9478,7632.746,7645.376
7580.162109375,7578.284,7584.911,7584.2485,7599.1597,7611.751,7618.9307,7636.7134,7643.6167,7661.786,7667.916,7672.1685,7689.7856,7699.533
7495.109375,7493.6763,7497.535,7498.6377,7514.0723,7525.538,7532.9243,7552.8794,7559.5493,7576.803,7585.5127,7591.1353,7610.6494,7620.1304
7519.42626953125,7518.0435,7524.3823,7523.9214,7538.9043,7552.043,7559.4194,7578.2056,7585.6396,7603.7344,7610.5923,7615.087,7633.816,7643.9004
7073.48583984375,7068.5425,7063.339,7056.5166,7047.526,7042.3223,7033.9966,7019.2534,7008.326,6994.8545,6981.788,6964.443,6942.4727,6922.0054
7005.38916015625,6998.6807,6991.87,6983.1597,6971.7603,6963.6343,6954.3975,6937.5024,6923.7646,6912.5986,6898.685,6881.0303,6861.3877,6842.9146
7039.61669921875,7033.3423,7026.907,7019.156,7008.2744,7001.254,6992.0693,6976.449,6963.637,6951.5273,6938.072,6919.936,6899.928,6880.506
1318.6793212890625,1326.1044,1326.7501,1327.9338,1329.6555,1324.275,1328.2566,1325.2435,1325.136,1325.4587,1323.0913,1319.7555,1323.737,1326.4272
1079.284423828125,1079.2474,1078.5044,1077.1328,1077.1033,1076.4563,1075.6448,1075.3121,1073.3416,1073.3842,1071.6304,1071.3674,1071.0005,1070.9257
1080.04638671875,1080.2556,1079.6989,1078.8481,1078.5569,1079.1764,1078.666,1078.5612,1077.0369,1076.7877,1075.5247,1075.2668,1074.8511,1074.9679
1071.123046875,1070.7145,1069.5569,1067.7714,1067.6011,1066.3451,1065.161,1064.1227,1061.7058,1061.3965,1059.2615,1059.0194,1058.4443,1058.3063
1075.8341064453125,1075.6519,1074.7787,1073.2937,1073.2533,1072.5433,1071.565,1070.7501,1068.6581,1068.2145,1066.4613,1066.2123,1065.56,1065.2515
9801.119140625,9809.136,9826.505,9813.886,9814.034,9831.849,9826.653,9836.748,9857.531,9873.267,9855.75,9857.383,9861.6875,9878.76
6473.30859375,6484.3486,6502.693,6490.803,6494.8794,6514.412,6508.807,6517.8096,6539.72,6551.949,6535.1343,6535.9834,6538.1914,6549.911
6381.52197265625,6393.0503,6408.0195,6399.5884,6403.3735,6424.709,6419.0312,6429.1826,6447.5933,6458.2607,6442.431,6444.3237,6445.7,6458.605
6400.4755859375,6412.6074,6432.4907,6420.19,6425.582,6445.128,6440.5786,6448.498,6471.0767,6482.1978,6466.8643,6466.8643,6469.0547,6477.9854
6551.56396484375,6553.095,6549.7617,6551.443,6555.8047,6555.1826,6561.9624,6571.992,6573.5767,6583.1436,6589.0215,6593.303,6607.793,6608.615
6523.52783203125,6529.159,6526.3164,6527.67,6526.289,6524.9624,6531.2705,6536.3877,6534.0864,6544.9697,6547.1357,6549.41,6561.268,6559.4272
6532.18701171875,6535.8164,6533.6265,6536.337,6537.5347,6537.7163,6544.7817,6551.6665,6551.4487,6560.7407,6564.37,6567.5884,6578.3564,6576.421
6768.23291015625,6776.8745,6787.947,6781.466,6785.1562,6796.319,6794.5186,6798.479,6810.632,6812.8823,6806.4907,6805.7705,6805.861,6808.3813
9325.3056640625,9344.654,9344.054,9343.754,9329.955,9316.606,9329.655,9314.956,9299.657,9295.758,9291.408,9286.309,9272.21,9252.336
9318.8515625,9331.356,9336.243,9339.836,9342.998,9330.206,9349.897,9333.656,9329.2,9348.748,9357.946,9352.197,9367.433,9373.47
9318.2646484375,9336.646,9333.237,9336.795,9324.046,9311.298,9325.38,9312.78,9297.066,9291.434,9290.989,9287.728,9273.497,9255.411
1105.259033203125,1105.172,1104.4995,1102.879,1102.534,1101.6963,1100.6715,1099.6569,1097.7407,1096.9696,1095.1752,1094.6548,1093.9185,1093.3184
4616.92236328125,4616.8516,4611.3345,4609.448,4606.352,4602.1875,4605.2485,4609.021,4604.003,4610.8364,4612.901,4614.5737,4623.685,4628.668
1664.323486328125,1666.6858,1669.3632,1668.3789,1668.7332,1675.899,1675.6038,1678.6945,1681.8049,1684.0294,1681.3718,1681.923,1682.5726,1685.8602
1220.3743896484375,1222.8674,1225.3292,1228.5469,1232.8083,1238.5267,1242.7941,1250.283,1254.9418,1259.2189,1262.8182,1264.9529,1268.3496,1269.6896
4453.86279296875,4463.7285,4485.369,4469.4565,4468.1836,4486.0054,4483.141,4490.1426,4517.3525,4534.2197,4515.7617,4514.3296,4521.172,4533.106
1561.237548828125,1564.9076,1566.0568,1565.1931,1563.564,1568.2072,1568.506,1568.3099,1566.389,1564.1858,1562.3667,1560.1587,1557.807,1554.6986
1603.0582275390625,1607.4188,1608.7223,1607.693,1605.7833,1611.4562,1611.7842,1611.6038,1609.4143,1606.8085,1604.6609,1602.0599,1599.356,1595.813
1136.48291015625,1141.4792,1143.1111,1142.1106,1139.5543,1145.3505,1145.7698,1146.3177,1144.9836,1142.9015,1140.5953,1137.8342,1135.9081,1133.2006
4470.00927734375,4470.76,4469.134,4462.1978,4460.1396,4457.1606,4453.258,4446.4834,4438.8594,4432.543,4425.823,4422.662,4416.7495,4410.6772
1558.552001953125,1558.7781,1558.3433,1559.3435,1561.3091,1562.7356,1564.2881,1567.0409,1568.0955,1569.548,1571.7775,1572.6699,1575.4429,1575.432
1594.7286376953125,1594.9717,1594.4753,1595.6605,1598.0309,1599.7733,1601.551,1604.8383,1606.1019,1607.8315,1610.4875,1611.553,1614.8364,1614.8794
1107.256591796875,1108.1198,1108.0718,1109.3185,1110.4213,1107.6882,1110.8048,1108.1676,1108.0718,1109.2705,1109.6061,1109.5103,1111.572,1113.49
1568.2237548828125,1568.3536,1567.5273,1564.575,1562.8295,1561.4646,1559.5103,1557.073,1553.8583,1551.9202,1548.341,1547.2546,1545.3606,1543.072
1600.3184814453125,1600.8353,1600.1562,1597.1868,1595.2916,1594.0248,1592.231,1589.829,1586.5199,1584.45,1580.6855,1579.404,1577.3607,1574.7991
4291.8134765625,4298.06,4299.6724,4297.9395,4298.3423,4309.869,4309.063,4309.7075,4311.32,4306.6445,4302.574,4298.9067,4295.118,4293.143
1629.9991455078125,1629.5017,1627.9672,1628.1354,1631.1483,1630.6649,1632.7004,1637.0851,1637.7787,1640.4291,1642.9762,1644.9171,1650.0393,1651.2935
1678.54345703125,1677.7675,1676.0013,1676.3265,1679.8809,1679.9548,1682.0239,1687.0082,1688.0094,1690.7694,1693.837,1696.0604,1701.5546,1703.1138
1145.416015625,1148.8857,1149.1229,1149.2712,1147.7588,1146.1871,1149.5974,1147.7885,1145.2975,1145.8608,1146.454,1145.8015,1145.505,1142.8657
4654.5419921875,4658.5146,4652.866,4651.5005,4649.7,4645.448,4650.6934,4654.418,4648.0244,4660.253,4659.8804,4663.2324,4673.9087,4674.778
1650.4639892578125,1650.2085,1649.2192,1648.7213,1648.8163,1647.6895,1648.2201,1649.1667,1648.6918,1649.7826,1650.084,1650.6998,1652.331,1653.2417
1731.7205810546875,1731.5015,1730.3833,1729.7865,1729.9187,1728.589,1729.182,1730.1189,1729.4956,1730.6855,1730.95,1731.63,1733.4205,1734.2894
1073.0562744140625,1071.4381,1069.4159,1067.5603,1065.6329,1062.9326,1060.9592,1058.7819,1056.2756,1056.2428,1054.072,1052.5459,1051.5197,1051.4012
4901.08251953125,4900.859,4896.4478,4894.363,4896.2407,4891.1406,4894.328,4899.773,4900.859,4904.391,4907.2686,4911.128,4920.26,4923.2236
1260.38818359375,1261.7175,1261.0299,1262.2523,1261.8245,1260.5715,1262.94,1262.0995,1260.7701,1260.5715,1261.5342,1262.0232,1262.1454,1261.962
4957.830078125,4965.256,4981.2207,4970.268,4968.7827,4979.921,4979.6426,4981.499,4999.6914,5009.8086,4999.5986,4996.5356,5001.3623,5006.7456
4850.26025390625,4850.757,4847.333,4845.1997,4846.1426,4842.4214,4843.463,4846.936,4848.822,4854.18,4852.245,4851.5503,4858.0996,4863.5576
5138.115234375,5149.384,5147.5337,5150.0566,5151.4023,5140.806,5149.72,5145.6836,5144.5063,5145.0107,5138.7876,5135.5923,5140.6377,5145.0107
8974.1943359375,8976.784,8978.008,8975.202,8984.482,8994.7705,8989.015,8991.317,8991.605,8983.403,8977.216,8975.058,8968.008,8958.654
6227.681640625,6231.9536,6243.42,6229.4805,6211.494,6230.6045,6224.0845,6235.7754,6277.8184,6283.439,6251.963,6258.9326,6257.584,6278.9424
8428.48046875,8436.838,8480.768,8464.481,8495.125,8522.769,8541.197,8561.126,8581.698,8613.628,8619.413,8612.7705,8651.985,8665.164
11098.8173828125,11097.426,11083.109,11095.637,11151.708,11163.538,11204.896,11296.509,11338.762,11372.57,11428.734,11471.435,11558.623,11587.355
497.9585876464844,500.05713,500.32693,500.74664,501.07642,499.72736,500.68668,499.90723,499.9672,499.99716,499.39758,498.43826,499.60745,500.32693
486.3981018066406,488.44772,488.71127,489.1212,489.44327,488.12564,489.06262,488.30133,488.3599,488.38916,487.80356,486.86658,488.0085,488.71127
5220.85400390625,5226.334,5237.594,5230.609,5225.0093,5233.078,5235.065,5232.596,5248.493,5255.478,5248.8545,5245.5425,5251.7446,5253.852
1057.864013671875,1063.2527,1063.421,1064.2631,1066.5364,1061.6528,1066.2838,1062.0739,1063.5895,1063.842,1061.9896,1060.0531,1063.0,1064.9366
2575.894287109375,2586.3594,2593.7114,2593.645,2593.049,2592.0225,2602.1895,2598.0828,2595.9634,2599.2087,2599.2087,2598.2815,2593.7114,2586.8892
1670.6763916015625,1672.2915,1670.6302,1672.5684,1672.4299,1669.3612,1673.0529,1672.2915,1669.7303,1669.4304,1670.561,1671.8762,1671.4839,1671.8069
3459.769287109375,3463.3674,3462.2227,3462.9995,3460.587,3458.0518,3462.9177,3460.955,3456.907,3456.498,3458.0518,3457.6838,3457.8064,3454.944
1097.3331298828125,1101.3855,1109.952,1104.4633,1100.0519,1106.5151,1107.9514,1106.9768,1120.1086,1126.1616,1120.4678,1118.5186,1124.4176,1127.6492
3050.840576171875,3054.6143,3054.9353,3050.4927,3047.7627,3048.0303,3045.9294,3043.6543,3037.713,3034.956,3028.1045,3024.565,3020.7888,3016.1477
11196.05078125,11196.472,11195.735,11201.732,11215.567,11225.405,11234.874,11252.076,11256.838,11266.359,11278.787,11285.061,11299.318,11298.488
9683.6015625,9689.705,9694.987,9703.557,9724.04,9738.126,9751.918,9773.34,9785.02,9796.259,9814.835,9818.415,9839.1455,9839.272
11025.4560546875,11032.045,11036.751,11046.701,11069.426,11085.225,11100.554,11125.228,11138.304,11150.943,11172.055,11176.861,11200.403,11200.212
13887.5185546875,13901.649,13918.874,13946.898,13973.378,14010.305,14031.475,14072.287,14103.799,14141.419,14156.134,14174.458,14188.618,14187.924
9276.5810546875,9276.93,9276.319,9281.289,9292.753,9300.904,9308.751,9323.005,9326.972,9334.862,9345.149,9350.348,9362.163,9361.477
8024.576171875,8029.635,8034.012,8041.114,8058.0894,8069.7627,8081.1934,8098.9473,8108.651,8117.9653,8133.336,8136.315,8153.4897,8153.5806
11889.513671875,11900.459,11935.056,11912.969,11907.496,11933.6875,11935.643,11945.415,11980.794,12013.437,11993.694,11988.222,12015.978,12041.191
5625.4169921875,5624.5596,5620.273,5625.0166,5641.4194,5649.7065,5658.908,5682.226,5690.856,5702.1724,5717.6963,5727.8228,5748.7656,5754.752
9179.8935546875,9181.648,9181.703,9184.314,9186.462,9186.775,9194.874,9200.124,9198.201,9204.358,9207.042,9210.379,9214.46,9210.216
11162.6298828125,11155.469,11134.1045,11095.835,11094.074,11065.313,11039.817,11016.75,10981.525,10960.836,10926.733,10913.879,10908.127,10902.845
10114.810546875,10135.985,10167.607,10142.197,10135.985,10160.267,10153.208,10160.831,10214.758,10228.875,10196.688,10194.994,10196.406,10208.547
11669.158203125,11683.574,11683.114,11686.13,11686.232,11677.439,11697.427,11709.491,11704.737,11722.373,11727.536,11731.728,11753.708,11742.462
9473.2587890625,9484.762,9484.349,9486.748,9487.12,9480.086,9496.224,9506.237,9502.555,9516.706,9521.133,9524.526,9542.401,9533.381
8102.82861328125,8110.277,8111.9526,8109.7803,8110.401,8127.9663,8126.4766,8129.0215,8130.0767,8125.3594,8118.5317,8114.249,8109.5938,8108.5386
5769.38525390625,5776.9224,5769.7983,5778.9873,5779.607,5765.5654,5783.5303,5777.955,5770.3145,5766.804,5771.7603,5776.3027,5776.5093,5778.1616
8680.9580078125,8686.154,8690.077,8697.924,8715.951,8728.41,8740.552,8760.063,8770.429,8780.449,8797.163,8800.914,8819.592,8819.571
6623.17138671875,6631.5293,6709.817,6674.713,6698.673,6741.8564,6771.388,6787.2686,6821.5366,6865.2773,6866.1133,6845.4966,6911.804,6942.311
10089.787109375,10091.055,10091.042,10086.44,10085.847,10087.75,10086.055,10078.498,10072.596,10063.202,10057.981,10054.424,10045.611,10033.275
9050.6298828125,9072.066,9076.938,9082.135,9087.656,9073.69,9087.332,9071.417,9077.913,9079.537,9078.5625,9065.57,9080.836,9087.007
11964.1591796875,11984.591,11984.449,11959.336,11943.303,11940.04,11930.676,11912.656,11878.746,11860.089,11821.887,11805.375,11782.399,11754.696
12428.599609375,12430.173,12430.229,12424.328,12423.405,12425.604,12423.569,12414.093,12406.613,12395.282,12388.541,12384.279,12373.419,12358.256
11373.177734375,11373.178,11371.6045,11377.518,11390.972,11400.411,11410.122,11427.4,11431.713,11441.126,11453.616,11460.222,11474.832,11474.029
11901.66796875,11904.547,11904.181,11907.09,11908.824,11907.569,11917.891,11923.987,11920.987,11929.4,11931.776,11936.145,11941.81,11936.817
6941.5380859375,6968.848,6972.38,6973.7925,6962.4917,6947.1885,6977.559,6964.375,6942.7153,6948.1304,6952.133,6947.1885,6942.7153,6921.0557
6890.810546875,6921.3496,6921.3496,6931.43,6921.0527,6897.63,6946.255,6929.9478,6892.293,6898.223,6911.2686,6913.6406,6906.2285,6885.1772
8874.9130859375,8920.083,8905.595,8898.776,8861.703,8843.096,8855.312,8856.163,8849.062,8841.675,8819.374,8807.159,8811.5625,8774.631
4984.9091796875,4992.8223,4995.724,4991.152,4987.3564,4989.5107,4989.379,4985.569,4978.813,4971.684,4965.412,4959.4707,4952.4873,4941.299
6369.93505859375,6391.6045,6392.03,6397.1284,6387.781,6372.4844,6404.564,6393.092,6367.173,6372.272,6379.92,6379.2827,6375.246,6359.9497
7848.78466796875,7850.1113,7838.702,7849.05,7854.622,7831.406,7851.9688,7847.193,7829.9463,7845.6006,7850.642,7858.6016,7866.2964,7882.4814
8031.529296875,8044.3066,8048.238,8057.0835,8066.4204,8043.815,8069.369,8043.3237,8041.358,8065.929,8076.74,8068.8774,8092.9575,8112.123
8018.35595703125,8037.369,8024.418,8044.2583,8048.116,8009.2627,8059.965,8045.9116,8012.5693,8031.8584,8047.0137,8059.4136,8069.885,8079.254
9765.2666015625,9798.605,9799.559,9808.131,9794.161,9772.569,9821.149,9804.004,9765.584,9772.252,9785.588,9784.317,9779.873,9755.741
4402.22900390625,4406.102,4412.672,4414.539,4423.668,4434.526,4439.6094,4448.427,4454.6514,4461.5327,4467.826,4467.584,4476.4536,4474.811
7558.53662109375,7592.0938,7591.7676,7603.496,7592.4194,7566.6816,7620.4375,7602.1934,7560.8174,7567.659,7582.6455,7585.252,7577.4326,7554.953
8103.03955078125,8126.0015,8118.441,8132.722,8124.6016,8096.879,8143.3633,8131.602,8091.8384,8099.679,8112.2803,8120.681,8113.6807,8103.3193
7323.92333984375,7334.2,7336.8813,7345.371,7353.414,7332.413,7356.989,7333.7534,7329.732,7353.414,7363.691,7358.329,7381.1177,7398.9907
6611.29736328125,6615.07,6616.496,6619.969,6624.408,6638.0713,6643.8906,6653.79,6659.6064,6664.7188,6666.0986,6669.8135,6673.6665,6675.564
6806.27490234375,6815.6875,6818.644,6818.8906,6813.815,6810.9565,6820.468,6817.954,6811.449,6820.024,6816.3774,6817.166,6816.427,6810.907
8029.302734375,8042.076,8046.0063,8054.8496,8064.1836,8041.585,8067.1313,8041.0933,8039.1284,8063.6924,8074.501,8066.64,8090.713,8109.873
6990.29736328125,6984.603,6977.735,6970.4893,6966.191,6957.549,6952.093,6950.571,6944.5347,6942.3677,6935.5835,6934.732,6938.6533,6944.328
7458.373046875,7459.968,7458.373,7450.19,7448.4473,7445.1685,7439.925,7435.7007,7427.5254,7422.6953,7413.767,7409.2285,7405.193,7399.691
9552.580078125,9595.314,9595.314,9609.828,9595.718,9564.675,9631.6,9609.022,9558.627,9566.287,9585.639,9588.461,9580.801,9551.37
8600.259765625,8638.584,8638.945,8651.6,8638.584,8611.105,8670.762,8650.153,8604.96,8611.829,8628.822,8630.991,8623.398,8596.644
6008.982421875,6011.5884,6008.189,6007.2827,6003.657,6000.711,6003.7705,6000.9375,5997.4253,5997.142,5997.482,5997.0854,5997.4253,5996.1504
9765.33203125,9788.464,9774.78,9797.586,9802.147,9757.514,9817.785,9800.192,9762.074,9784.555,9803.125,9816.482,9831.469,9841.243
1034.865478515625,1036.4355,1035.8075,1035.8445,1034.8655,1034.1266,1035.7891,1035.6598,1034.1729,1035.161,1035.826,1035.6782,1037.1559,1036.4725
8001.58203125,8006.257,8011.33,8020.9844,8031.27,8038.2197,8047.564,8061.7627,8075.106,8089.5186,8098.072,8108.9346,8124.5874,8132.542
10178.05078125,10195.47,10202.677,10213.488,10224.899,10197.872,10227.903,10196.07,10196.07,10222.497,10233.909,10223.098,10251.327,10272.349
8404.44921875,8428.574,8422.403,8436.148,8427.732,8401.083,8448.211,8435.868,8396.595,8403.608,8416.793,8424.086,8418.476,8406.133
1204.0499267578125,1206.8293,1206.455,1206.5989,1205.5764,1204.4243,1206.9302,1207.5782,1206.0085,1208.6151,1209.22,1209.2056,1212.129,1210.9913
879.6357421875,881.7373,880.4822,882.5546,882.8757,878.906,884.33514,882.78815,879.31464,881.2411,882.9049,884.16003,885.3276,886.1449
2732.099853515625,2732.7576,2733.1035,2734.1357,2735.3835,2736.4326,2737.187,2739.5688,2741.5994,2743.777,2744.31,2745.127,2746.8735,2747.5427
1442.4859619140625,1442.8353,1442.9612,1443.4678,1444.0941,1444.7172,1445.035,1446.3127,1447.3197,1448.4526,1448.5848,1449.0002,1449.8121,1450.108
3815.276123046875,3817.3643,3813.2727,3815.135,3826.1963,3828.256,3836.947,3855.6267,3866.0598,3871.622,3884.8735,3893.734,3915.6443,3919.8206
943.2653198242188,943.26135,942.59076,942.95764,944.54333,944.75635,945.96936,948.6893,949.9238,951.3458,953.07556,954.1051,957.1148,957.83276
1170.074462890625,1170.4011,1170.1636,1171.6678,1174.6716,1176.2799,1179.1154,1184.426,1187.3324,1190.1257,1193.2037,1195.1436,1199.2607,1201.2203
932.6912841796875,932.8317,934.7804,933.3935,933.1126,935.3246,935.39484,937.76483,940.06464,943.2422,941.5568,942.0835,944.94507,948.3509
1000.3470458984375,1000.9934,1001.45734,1003.0236,1004.94275,1007.086,1008.9261,1012.8733,1015.4626,1017.6752,1019.8085,1021.2201,1023.5279,1024.2733
6850.6953125,6917.227,6975.367,6953.19,6977.7646,7058.0815,7050.889,7069.7695,7130.307,7117.4204,7088.9497,7073.366,7060.1797,7050.2896
10885.48828125,10884.154,10873.288,10874.841,10892.207,10889.006,10902.055,10932.547,10943.907,10961.189,10979.333,10991.896,11030.172,11040.941
709.454345703125,711.11523,711.16956,706.03485,704.9927,704.4228,701.8663,696.24445,689.936,684.2042,678.3313,675.8128,668.7241,660.88635
1061.44140625,1061.8256,1065.6675,1064.5498,1068.5663,1075.0626,1077.2979,1084.2133,1087.374,1093.1718,1094.4465,1095.0928,1100.777,1106.7842
10100.3671875,10111.39,10114.197,10134.37,10172.74,10194.889,10231.283,10287.539,10321.341,10348.162,10387.676,10402.857,10449.026,10470.031
6776.306640625,6809.606,6805.9795,6824.4424,6814.552,6788.5054,6848.84,6830.7065,6791.4727,6809.606,6831.696,6839.6084,6850.1587,6838.619
14917.9248046875,14949.187,14953.156,14954.645,14942.239,14931.074,14960.103,14942.983,14926.112,14928.097,14932.314,14925.368,14919.909,14892.245
15232.287109375,15264.922,15268.807,15270.102,15257.151,15245.496,15275.54,15257.67,15240.316,15242.389,15246.792,15239.28,15234.101,15205.222
16737.455078125,16791.18,16799.105,16811.875,16793.82,16769.602,16838.736,16807.473,16763.438,16764.758,16783.693,16778.408,16765.639,16718.521
15540.7216796875,15564.937,15561.101,15575.007,15567.095,15548.874,15588.672,15572.609,15548.154,15546.716,15558.943,15562.3,15556.306,15537.365
13198.2314453125,13213.536,13208.001,13221.025,13221.84,13201.813,13232.585,13220.211,13206.535,13211.094,13220.211,13225.096,13228.352,13225.909
9477.8037109375,9476.882,9473.191,9476.164,9488.259,9494.102,9501.354,9517.408,9523.084,9530.621,9541.881,9548.415,9563.034,9564.879
16416.833984375,16469.314,16476.996,16489.37,16472.303,16448.408,16515.396,16485.53,16442.008,16443.715,16462.488,16457.795,16445.422,16400.193
12447.6591796875,12468.812,12472.976,12474.475,12466.9795,12458.152,12480.137,12467.4795,12455.654,12456.653,12459.984,12455.321,12449.325,12429.839
1777.2816162109375,1782.1626,1783.2529,1784.0319,1784.3434,1782.4741,1784.2395,1782.2664,1783.201,1782.578,1781.9548,1779.099,1781.2798,1781.124
16307.5869140625,16327.072,16343.133,16351.78,16364.7705,16382.141,16391.424,16401.383,16414.86,16419.951,16426.09,16422.572,16419.277,16403.78
13944.814453125,13984.304,13988.1875,14000.487,13990.453,13967.796,14022.498,13999.517,13965.529,13967.796,13983.009,13983.332,13972.327,13940.606
1604.67529296875,1607.4028,1607.1523,1608.5441,1607.6255,1605.5659,1609.9913,1608.2656,1605.2319,1605.2598,1606.4565,1606.707,1605.6772,1603.4785
16620.947265625,16640.568,16657.148,16666.586,16681.908,16699.635,16709.264,16720.115,16734.709,16740.822,16748.082,16745.408,16742.887,16727.373
4750.02490234375,4752.699,4759.8667,4754.197,4757.513,4767.676,4763.183,4771.099,4780.62,4787.8945,4777.839,4780.085,4781.904,4789.606
13633.7578125,13652.316,13644.813,13660.017,13658.832,13635.337,13670.283,13658.4375,13637.509,13641.0625,13650.342,13656.857,13651.527,13645.406
1742.9395751953125,1747.7081,1748.8124,1749.465,1749.8163,1747.9591,1749.716,1747.8085,1748.712,1748.0594,1747.407,1744.596,1746.7042,1746.5034
1635.9854736328125,1638.8489,1638.6464,1639.9769,1638.9935,1636.94,1641.481,1639.6876,1636.535,1636.535,1637.7498,1637.9812,1636.8821,1634.5104
5545.8349609375,5546.1963,5549.4487,5548.7983,5555.665,5566.8687,5571.7114,5588.3,5594.082,5604.165,5606.5684,5611.429,5622.931,5635.9844
1406.8409423828125,1405.9512,1404.6471,1403.1805,1402.5149,1400.9808,1399.8964,1398.2448,1396.452,1395.6469,1394.101,1393.3368,1392.561,1392.3024
17125.82421875,17142.744,17148.787,17164.5,17172.355,17145.162,17184.441,17148.184,17147.58,17168.73,17176.586,17171.146,17199.549,17214.658
16795.373046875,16813.432,16819.84,16834.404,16842.559,16816.344,16852.463,16817.51,16819.258,16837.898,16844.89,16837.898,16864.113,16878.096
1199.8580322265625,1199.8779,1199.0836,1199.5751,1201.5111,1201.7767,1203.3107,1206.7745,1208.414,1210.2606,1212.4225,1213.738,1217.5109,1218.4342
1409.0150146484375,1415.2941,1429.8778,1432.1058,1451.2808,1463.265,1477.0048,1488.6178,1497.7495,1503.6066,1516.6796,1512.5779,1524.9673,1529.5732
13892.716796875,13910.553,13948.836,13958.842,14034.104,14115.238,14164.18,14260.541,14312.419,14373.106,14419.492,14427.16,14493.972,14558.297
8145.720703125,8158.6724,8167.825,8186.044,8221.273,8244.414,8279.082,8325.492,8355.605,8377.3,8411.622,8419.264,8454.666,8474.871
11816.423828125,11821.594,11862.956,11851.82,11898.75,11973.5205,11998.18,12078.12,12114.113,12178.742,12193.259,12202.207,12264.549,12331.763
487.6794738769531,487.8114,487.48892,488.29514,490.43527,491.77655,492.95654,495.79297,496.99866,498.32526,500.4599,501.46777,504.1557,504.45068
11817.857421875,11856.904,11871.923,11852.566,11845.224,11931.328,11914.642,11928.658,11967.706,11936.001,11887.942,11877.93,11848.228,11872.924
1496.660888671875,1498.8011,1501.2065,1504.3982,1507.9564,1512.9154,1515.0931,1519.773,1524.0908,1526.8862,1529.8313,1531.2416,1532.7266,1531.304
1436.248779296875,1436.5448,1436.4554,1438.0472,1439.9408,1441.4678,1443.7439,1448.9558,1452.2625,1455.5021,1458.105,1460.3169,1464.4502,1466.1929
1172.7838134765625,1173.6027,1173.9655,1175.8518,1179.2307,1181.853,1185.1438,1190.7676,1194.1819,1197.0219,1200.3645,1202.0022,1205.7231,1207.7856
1227.4268798828125,1228.4298,1229.4379,1231.6559,1234.0935,1237.2141,1239.3829,1244.1384,1247.4568,1250.2312,1252.8359,1254.5725,1256.9677,1257.4268
1689.755126953125,1691.0011,1690.414,1691.3019,1690.5714,1689.5259,1691.6599,1690.8007,1689.4973,1688.595,1689.397,1689.5546,1689.1965,1688.0221
2002.0596923828125,2003.7839,2003.064,2004.2197,2003.2913,2001.9081,2004.7693,2003.6134,2001.8513,2000.7712,2001.8323,2002.0408,2001.5292,1999.9564
1724.1629638671875,1726.135,1733.8088,1729.1788,1727.3354,1732.6942,1734.8378,1736.9384,1745.0837,1752.2003,1748.5134,1747.2701,1755.7157,1761.4603
1972.7437744140625,1974.1041,1978.4419,1976.2089,1975.5671,1978.5189,1980.4183,1981.984,1986.6041,1990.3772,1989.0681,1988.3751,1994.1246,1996.9994
1942.1767578125,1945.7662,1955.4741,1947.9689,1943.4005,1953.5161,1951.9662,1956.8608,1972.687,1982.6396,1972.116,1972.6055,1978.4791,1989.5737
1760.098876953125,1761.743,1766.5693,1763.7318,1762.2468,1765.482,1766.8345,1767.3383,1773.0132,1776.9644,1774.6309,1773.7026,1778.6615,1781.3134
2181.857177734375,2186.8198,2181.5564,2188.098,2187.2708,2178.248,2190.6543,2187.4963,2180.9548,2178.4736,2183.0603,2186.2183,2187.1956,2188.3987
1989.2115478515625,1992.9622,2002.7972,1995.1293,1990.3784,2000.7969,1999.13,2004.2142,2020.3838,2030.5522,2019.8003,2020.3004,2026.3015,2037.7202
1738.3092041015625,1742.1981,1750.8734,1744.1426,1740.6276,1749.8264,1748.0315,1752.444,1766.4291,1774.1322,1764.709,1765.3821,1769.1215,1778.395
1593.888427734375,1595.811,1600.3989,1596.816,1594.8934,1600.7048,1599.2192,1602.8458,1609.5748,1615.7358,1609.837,1610.6672,1613.4637,1620.8044
1327.5130615234375,1327.1355,1326.6035,1325.2992,1327.1355,1329.2465,1327.4102,1328.3026,1328.3197,1326.4662,1324.3552,1324.4753,1322.9822,1322.1757
1864.418701171875,1867.0997,1872.3158,1868.221,1866.6123,1872.462,1870.9509,1874.0707,1882.4553,1886.5989,1880.8954,1881.4805,1883.3816,1888.6951
2078.833984375,2081.6145,2087.0686,2082.7375,2081.0798,2087.4963,2085.7854,2089.368,2098.2441,2102.6821,2096.426,2097.2283,2099.2065,2105.1953
2129.322998046875,2132.1055,2137.6704,2133.1968,2131.5598,2138.107,2136.3066,2140.0166,2149.0188,2153.5474,2147.1094,2148.0369,2150.001,2156.1663
2050.154052734375,2052.0586,2056.8203,2053.1353,2050.4023,2055.4539,2054.8328,2057.3171,2065.5571,2070.6086,2065.3086,2065.7642,2069.2422,2074.9563
2001.65234375,2003.5619,2008.2748,2004.6182,2001.9366,2006.8934,2006.3246,2008.7217,2016.8068,2021.8041,2016.6036,2017.0505,2020.4227,2025.9889
1561.1141357421875,1561.9423,1573.0137,1569.919,1577.0237,1583.6926,1589.5334,1593.8922,1598.251,1604.4406,1607.4917,1604.8328,1614.9016,1619.1732
7959.48291015625,7976.9805,7998.278,8009.326,8039.3223,8060.6943,8082.717,8103.592,8122.274,8131.5103,8151.0576,8147.033,8158.507,8154.957
7840.716796875,7854.499,7870.053,7882.7725,7901.3193,7922.498,7936.7593,7953.849,7968.34,7977.948,7991.1396,7993.3447,7996.6133,7989.4463
826.2933349609375,827.0801,826.8591,826.862,826.8237,826.585,827.2716,827.5309,827.37177,828.0318,828.2351,828.297,829.25464,828.5651
8273.0537109375,8292.253,8304.724,8317.731,8332.714,8374.297,8385.512,8411.17,8429.202,8444.88,8449.842,8452.809,8461.777,8463.652
7452.45751953125,7459.5537,7457.587,7457.6133,7457.268,7455.115,7461.3076,7463.6465,7462.1846,7468.138,7469.9453,7470.5303,7479.088,7472.922
8086.93798828125,8089.3394,8090.4,8094.982,8099.844,8108.766,8114.8115,8122.4355,8127.6577,8133.441,8139.2437,8141.5044,8145.5464,8142.545
7460.0361328125,7477.429,7488.5933,7500.3237,7513.8335,7551.37,7561.523,7584.6196,7600.88,7615.017,7619.4814,7622.161,7630.236,7631.955
7115.83349609375,7131.478,7150.52,7160.3984,7187.218,7206.3267,7226.0054,7244.6978,7261.3843,7269.6426,7287.12,7283.5215,7293.78,7290.6064
7293.8330078125,7295.9805,7296.9556,7301.0703,7305.474,7313.53,7318.9883,7325.869,7330.589,7335.814,7341.0483,7343.106,7346.734,7344.0083
791.5558471679688,792.5219,793.1631,793.6408,793.69556,794.99927,795.3595,795.72577,795.889,795.96063,795.93274,795.8173,795.3476,794.14435
877.8154907226562,878.88525,879.5953,880.1267,880.1863,881.6344,882.03174,882.4401,882.62115,882.7028,882.67194,882.5439,882.0229,880.6896
844.39306640625,844.67285,844.43274,844.21533,844.12836,844.222,844.2777,844.014,843.6841,843.7266,843.4572,843.4213,843.288,843.12164
7614.2421875,7616.7656,7614.5835,7612.6396,7611.8555,7612.691,7613.2026,7610.8154,7607.8403,7608.2153,7605.7944,7605.462,7604.2603,7602.7554
4830.56298828125,4838.6807,4840.438,4841.1074,4842.028,4838.764,4841.1074,4838.513,4839.35,4838.8477,4838.429,4832.739,4836.672,4836.505
1695.5960693359375,1694.7415,1693.1293,1693.2069,1690.8567,1691.3617,1688.8367,1690.1769,1691.0509,1689.0309,1685.8065,1684.3303,1683.7477,1681.9219
1413.252197265625,1415.8406,1417.105,1419.0187,1419.897,1426.2236,1427.6106,1431.36,1433.819,1436.1908,1435.9277,1436.717,1437.1753,1437.2007
10286.619140625,10305.642,10308.484,10310.452,10313.076,10303.455,10311.327,10304.33,10306.079,10304.549,10300.395,10290.336,10298.426,10299.957
1846.1937255859375,1846.1326,1846.3622,1846.3163,1847.702,1849.5165,1849.3481,1851.2316,1851.9589,1852.7551,1852.5867,1853.4824,1854.4777,1854.9218
723.642822265625,724.5609,725.758,727.0674,728.7211,730.62665,731.92926,733.7849,735.1137,736.2488,737.46906,738.0502,738.43756,738.0424
1982.0067138671875,1981.8638,1982.4713,1981.7566,1982.4176,1984.4545,1983.7933,1985.9285,1987.3131,1988.5548,1987.2684,1988.3939,1989.4213,1991.0204
1374.8426513671875,1377.3688,1378.5989,1380.4646,1381.3231,1387.4807,1388.8334,1392.4846,1394.8787,1397.1902,1396.9343,1397.7103,1398.1561,1398.1726
2354.757568359375,2377.9058,2399.1667,2401.6829,2414.2634,2450.3064,2461.3772,2475.4675,2491.9478,2499.3704,2506.8557,2500.2825,2508.963,2507.862
12315.53125,12324.423,12317.31,12313.456,12305.824,12299.007,12305.973,12299.525,12289.893,12292.19,12291.227,12290.486,12292.783,12289.227
1646.8590087890625,1646.7402,1647.245,1646.6511,1647.2004,1648.8928,1648.3435,1650.1176,1651.2606,1652.2924,1651.231,1652.1663,1653.0199,1654.3485
701.7859497070312,702.67255,703.8371,705.10504,706.7096,708.55743,709.8197,711.6248,712.90967,714.0104,715.1975,715.7535,716.12915,715.7535
10223.3837890625,10230.642,10224.86,10221.539,10215.203,10209.545,10215.326,10210.037,10201.918,10203.886,10203.086,10202.532,10204.378,10201.426
1173.3603515625,1175.5164,1176.5591,1178.148,1178.8842,1184.1377,1185.2888,1188.4066,1190.4498,1192.4192,1192.2042,1192.863,1193.2435,1193.2646
11980.5009765625,11989.006,11982.23,11978.339,11970.914,11964.283,11971.059,11964.859,11955.345,11957.651,11956.715,11956.065,11958.229,11954.769
1319.0029296875,1319.712,1320.1091,1320.6902,1321.199,1321.7471,1322.5382,1323.385,1324.0349,1325.2954,1325.5055,1325.7681,1326.3589,1326.3787
1283.1336669921875,1283.8234,1284.2097,1284.7749,1285.2666,1285.8031,1286.5758,1287.3997,1288.0254,1289.2516,1289.4559,1289.7178,1290.2861,1290.3053
1263.658447265625,1264.3717,1264.7562,1265.0479,1265.2524,1265.2524,1265.7673,1265.9657,1266.2201,1266.8341,1266.5798,1266.4991,1266.8403,1266.5116
1081.563720703125,1083.1649,1083.9552,1083.749,1083.7078,1084.3331,1084.182,1084.1682,1084.0927,1083.7422,1082.9725,1082.1685,1081.5363,1080.1892
975.555419921875,979.0694,987.0264,982.4219,979.31177,985.0473,986.1378,985.532,995.6297,1000.92096,996.5991,994.61993,999.99194,1002.4962
1103.9688720703125,1105.8988,1108.4398,1110.6843,1113.5361,1117.0837,1119.5597,1122.5846,1124.8776,1126.6079,1128.6649,1129.645,1130.129,1129.7539
1267.7298583984375,1269.6149,1270.5332,1270.3076,1270.2593,1270.9923,1270.8151,1270.7991,1270.7104,1270.2996,1269.4054,1268.4548,1267.7137,1266.1349
1303.2386474609375,1305.1681,1306.1204,1305.872,1305.8223,1306.5759,1306.3937,1306.3771,1306.286,1305.8638,1304.9363,1303.9674,1303.2056,1301.5784
10779.6123046875,10785.645,10788.979,10791.465,10793.264,10793.211,10797.604,10799.35,10801.519,10806.757,10804.588,10803.899,10806.757,10804.059
1299.071044921875,1299.7981,1300.1934,1300.4932,1300.71,1300.71,1301.2328,1301.4432,1301.7047,1302.336,1302.0746,1301.9854,1302.336,1302.0044
9420.73828125,9437.205,9458.886,9478.0625,9502.397,9532.689,9553.789,9579.625,9599.188,9613.952,9631.503,9639.969,9643.994,9640.897
1134.8314208984375,1136.8088,1139.4269,1141.7339,1144.6694,1148.3177,1150.8595,1153.9719,1156.3287,1158.1072,1160.2339,1161.2413,1161.7263,1161.3533
1019.2556762695312,1020.2653,1019.7068,1019.4347,1018.74725,1018.20306,1018.9836,1018.4895,1017.55865,1017.9811,1017.9954,1017.8737,1018.2675,1017.80927
980.23583984375,981.29095,980.1117,971.702,968.3971,965.48004,961.0425,954.3085,944.0407,939.1939,928.5673,925.43304,918.9939,912.29095
1185.88720703125,1187.0785,1186.4287,1186.0955,1185.2957,1184.6625,1185.5706,1184.9957,1183.9127,1184.4042,1184.4209,1184.2793,1184.7374,1184.2042
1217.6536865234375,1218.877,1218.1926,1217.8676,1217.0378,1216.3962,1217.3286,1216.7384,1215.6178,1216.1224,1216.1395,1215.9941,1216.4731,1215.9171
1024.3143310546875,1026.2625,1027.3564,1029.0074,1029.833,1034.1333,1035.2117,1037.8824,1039.762,1041.5615,1041.6016,1042.19,1042.4127,1041.9729
1257.0013427734375,1258.2247,1259.0273,1258.9493,1259.4325,1259.7598,1259.6819,1260.0013,1259.9935,1260.2117,1259.4014,1259.152,1258.7079,1257.5624
1223.5244140625,1225.8445,1227.1548,1229.1268,1230.1163,1235.2548,1236.5411,1239.7279,1241.9764,1244.1191,1244.1738,1244.8766,1245.1428,1244.6105
1191.114013671875,1191.5785,1191.244,1191.213,1191.0707,1190.922,1191.114,1191.3369,1191.3617,1191.8324,1191.7643,1191.7643,1192.0615,1192.3402
1080.357666015625,1081.4092,1082.099,1082.0387,1082.4473,1082.7352,1082.6683,1082.9429,1082.9362,1083.1238,1082.4272,1082.2062,1081.831,1080.8466
1290.6712646484375,1291.9274,1292.7515,1292.6794,1293.1675,1293.5035,1293.4315,1293.7596,1293.7437,1293.9756,1293.1436,1292.8795,1292.4314,1291.2552
1040.0709228515625,1040.575,1040.2211,1040.0066,1039.2614,1038.6661,1038.9557,1038.3981,1037.9852,1037.8137,1037.3043,1036.9719,1036.8433,1036.677
1243.04296875,1243.6324,1243.2224,1242.9532,1242.0626,1241.3578,1241.7039,1241.0375,1240.5441,1240.339,1239.7367,1239.3395,1239.1857,1238.987
1210.536865234375,1211.1234,1210.7115,1210.4495,1209.5884,1208.902,1209.2327,1208.59,1208.1033,1207.9098,1207.317,1206.9364,1206.7804,1206.5869
1191.6546630859375,1193.921,1195.2036,1197.1244,1198.088,1203.0917,1204.3485,1207.4523,1209.6454,1211.7323,1211.7921,1212.47,1212.7291,1212.2041
1297.164306640625,1332.1965,1338.9392,1338.0597,1322.8156,1305.5193,1340.9912,1326.9197,1300.8289,1313.7277,1315.4866,1310.2098,1307.8645,1283.8257
997.1654052734375,997.5542,997.2743,997.24835,997.1343,997.0047,997.1654,997.35724,997.3779,997.7668,997.71497,997.7098,997.9638,998.1919
9169.498046875,9167.605,9158.019,9159.418,9172.749,9174.642,9184.558,9205.089,9209.08,9215.808,9230.09,9241.544,9266.643,9271.683
9649.80078125,9648.023,9638.095,9639.655,9653.746,9655.783,9666.405,9687.975,9692.419,9699.528,9714.687,9726.685,9753.137,9758.296
1222.1490478515625,1222.0054,1220.843,1221.3394,1223.677,1224.676,1226.3607,1229.8932,1230.7421,1231.8195,1234.415,1236.2126,1240.0862,1240.4845
12521.099609375,12519.381,12506.219,12506.434,12522.442,12521.798,12534.046,12558.703,12563.565,12570.845,12587.766,12602.089,12634.852,12641.889
11392.705078125,11390.125,11377.32,11376.736,11391.147,11390.125,11400.446,11422.599,11425.909,11432.092,11446.813,11460.037,11489.663,11496.917
11969.806640625,11967.909,11955.087,11955.138,11970.423,11969.653,11981.193,12004.736,12009.07,12015.918,12031.946,12045.705,12077.006,12083.955
1326.7457275390625,1328.0208,1326.3058,1325.1475,1325.776,1322.5167,1324.6357,1326.216,1325.0219,1326.7727,1327.2216,1328.2991,1332.8243,1332.2856
1335.9327392578125,1335.7749,1334.4093,1334.7112,1337.0101,1337.7032,1339.3502,1342.8707,1343.6908,1344.631,1347.17,1349.0559,1353.1267,1353.7065
1278.46484375,1278.229,1276.8604,1277.0961,1279.2769,1279.9121,1281.425,1284.788,1285.4822,1286.3663,1288.737,1290.5757,1294.4675,1295.0962
1397.5245361328125,1397.4023,1396.0006,1396.3313,1398.7393,1399.4725,1401.2264,1404.9032,1405.8018,1406.79,1409.465,1411.429,1415.6926,1416.2677
1381.39697265625,1381.7234,1382.1199,1381.5135,1379.7646,1381.3503,1380.5808,1381.4669,1384.9648,1384.5217,1381.9333,1382.4463,1382.0966,1383.2393
1168.2734375,1168.1115,1166.9768,1167.4381,1169.6637,1170.6174,1172.2009,1175.5797,1176.3558,1177.3844,1179.85,1181.5789,1185.2766,1185.6818
1510.468994140625,1510.7966,1511.1998,1510.5194,1508.6798,1510.3682,1509.6122,1510.595,1514.3497,1513.871,1511.1241,1511.7039,1511.4266,1512.6614
1213.377685546875,1214.4397,1212.7894,1211.6459,1212.2585,1209.1665,1211.0658,1212.5035,1211.3191,1212.8876,1213.2224,1214.2435,1218.3771,1217.985
1268.1688232421875,1269.3599,1267.6975,1266.5579,1267.1663,1264.0215,1266.0352,1267.5433,1266.3694,1268.0403,1268.443,1269.4884,1273.8242,1273.31
1118.034912109375,1117.7969,1116.6666,1117.0712,1119.1948,1120.0872,1121.5447,1124.7808,1125.4589,1126.4375,1128.7485,1130.4275,1133.961,1134.4058
1443.7744140625,1444.1128,1444.4995,1443.8469,1442.0825,1443.7019,1442.9526,1443.8953,1447.4965,1447.0132,1444.3787,1444.9346,1444.6445,1445.8289
1425.040283203125,1424.6539,1422.4398,1421.1354,1422.4662,1419.7498,1420.83,1422.382,1421.5135,1422.4943,1422.8477,1424.2411,1428.032,1429.1283
1303.24853515625,1302.6951,1300.4952,1299.1031,1300.3463,1297.6968,1298.5254,1299.8418,1298.8428,1299.6069,1299.779,1301.0651,1304.5026,1305.6965
11787.62890625,11800.999,11797.512,11807.394,11825.413,11787.048,11823.67,11794.6045,11797.512,11807.975,11802.162,11803.905,11823.088,11850.409
1582.27978515625,1584.0743,1583.6062,1584.9326,1587.3516,1582.2017,1587.1174,1583.2161,1583.6062,1585.0107,1584.2305,1584.4645,1586.9614,1590.7068
1440.6768798828125,1446.7218,1447.9149,1449.3466,1450.0624,1447.199,1449.2671,1446.5627,1447.5172,1447.6763,1447.3582,1443.6993,1447.4376,1449.0284
2067.084716796875,2071.2844,2071.034,2070.957,2069.493,2067.1233,2070.9954,2070.3213,2067.7976,2069.724,2070.1863,2069.7625,2071.6697,2068.7607
1404.612548828125,1404.5865,1402.467,1400.4644,1401.03,1397.6263,1398.4456,1398.6797,1396.6674,1397.3597,1396.6283,1397.5321,1400.2368,1400.705
1400.638916015625,1398.9431,1396.3873,1393.5037,1391.9473,1388.1422,1385.5994,1382.6154,1379.3679,1377.3949,1374.4539,1373.2039,1372.2235,1371.2921
1342.552001953125,1342.4341,1340.3358,1338.3369,1338.8894,1335.5559,1336.2698,1336.4591,1334.4493,1335.0779,1334.3081,1335.1896,1337.7721,1338.3152
1281.382080078125,1279.7761,1277.4302,1274.7532,1273.1486,1269.6476,1267.2743,1264.368,1261.3496,1259.543,1256.7826,1255.436,1254.4261,1253.4835
10996.7705078125,11008.921,10995.714,10986.337,10985.148,10957.744,10974.45,10981.318,10965.998,10980.13,10980.79,10986.602,11016.978,11011.826
12089.4111328125,12103.857,12089.994,12080.363,12078.612,12049.72,12068.544,12075.84,12059.861,12075.548,12076.861,12082.844,12116.114,12109.548
1284.421142578125,1284.0952,1281.9207,1279.7933,1280.3445,1276.9698,1277.4706,1277.558,1275.4285,1275.947,1275.0343,1275.9062,1278.383,1279.1208
1338.923828125,1337.2849,1334.8419,1332.0782,1330.5345,1326.8906,1324.4418,1321.5302,1318.4135,1316.5154,1313.6917,1312.4261,1311.442,1310.5281
11556.0693359375,11569.718,11556.208,11546.738,11545.345,11517.421,11535.179,11542.281,11526.822,11541.725,11542.838,11548.827,11580.581,11574.592
11517.634765625,11517.288,11517.461,11512.614,11498.246,11510.19,11504.306,11511.057,11533.301,11528.886,11509.152,11513.999,11510.537,11522.135
12049.26953125,12048.908,12049.089,12043.858,12029.069,12041.334,12035.382,12042.416,12065.411,12060.992,12040.432,12045.481,12042.055,12053.959
8626.775390625,8624.46,8615.079,8616.083,8628.552,8630.173,8639.09,8658.274,8661.537,8667.675,8680.818,8691.717,8715.2705,8720.405
10959.5654296875,10959.232,10959.731,10954.741,10941.266,10952.578,10946.922,10953.41,10974.787,10970.712,10951.58,10956.238,10952.745,10963.891
11791.6533203125,11791.653,11774.978,11755.829,11752.988,11722.203,11726.006,11721.699,11698.68,11705.07,11693.411,11700.214,11715.011,11719.775
12219.8076171875,12201.919,12176.076,12148.163,12129.576,12093.124,12068.103,12039.57,12007.799,12001.318,11974.046,11959.825,11949.925,11950.465
11313.1357421875,11310.689,11294.177,11280.723,11284.96,11258.553,11264.604,11269.671,11255.735,11263.555,11259.754,11267.661,11291.818,11299.332
10764.162109375,10760.763,10744.094,10729.831,10734.019,10707.71,10712.499,10716.3545,10701.967,10708.519,10703.7705,10711.275,10734.019,10742.1455
11631.15234375,11613.47,11588.565,11561.772,11542.823,11507.929,11483.637,11455.566,11424.836,11419.171,11392.817,11378.054,11367.924,11368.268
12830.205078125,12818.434,12791.901,12759.767,12749.598,12706.369,12686.718,12662.559,12631.516,12624.491,12595.633,12593.829,12595.158,12600.759
12336.798828125,12337.759,12320.871,12301.872,12298.802,12267.377,12272.127,12267.856,12244.636,12251.257,12239.862,12246.651,12262.004,12265.9375
11217.880859375,11215.879,11198.5625,11178.288,11175.8955,11144.831,11146.658,11141.959,11118.356,11124.295,11111.635,11118.64,11132.997,11139.806
7531.19970703125,7533.371,7531.924,7534.529,7538.8716,7529.029,7539.3057,7531.779,7532.358,7534.2397,7532.5024,7533.95,7538.582,7545.964
16676.439453125,16671.441,16658.863,16651.098,16659.857,16647.059,16649.39,16665.092,16662.588,16668.818,16674.264,16682.793,16708.51,16720.896
5668.7548828125,5680.373,5679.3716,5677.4688,5668.955,5657.938,5666.5513,5658.038,5647.5215,5647.221,5643.615,5641.1616,5634.7515,5624.7856
7610.56396484375,7600.7114,7568.03,7574.8784,7552.7705,7525.3755,7525.255,7526.817,7506.391,7515.162,7512.2783,7527.1777,7519.9683,7534.747
7781.57421875,7799.7056,7788.8774,7808.5195,7806.001,7779.5596,7824.8877,7811.2896,7782.5815,7797.691,7814.563,7824.3843,7836.9756,7839.4937
17829.021484375,17832.904,17858.322,17841.906,17837.494,17859.205,17862.734,17879.504,17908.275,17938.459,17921.338,17922.043,17950.639,17979.498
6194.03076171875,6196.89,6196.272,6191.2876,6190.399,6186.767,6185.183,6181.7446,6175.988,6174.9443,6166.773,6163.45,6160.1465,6155.2593
16771.77734375,16770.672,16767.137,16752.33,16738.186,16784.816,16761.17,16786.586,16805.371,16808.465,16758.297,16768.242,16761.39,16811.338
5289.83056640625,5288.982,5288.416,5287.3657,5285.3857,5287.608,5284.82,5289.588,5295.245,5292.174,5287.689,5287.8906,5291.0425,5288.012
16779.30859375,16784.27,16764.979,16773.246,16751.752,16737.973,16765.254,16760.846,16729.154,16731.91,16745.965,16746.791,16757.814,16758.64
15610.1005859375,15634.654,15619.629,15625.492,15601.672,15585.547,15624.026,15614.865,15576.752,15581.883,15599.106,15595.809,15611.933,15597.641
8045.18408203125,8050.8296,8064.03,8073.1616,8099.5615,8107.3657,8132.6865,8153.7524,8163.4917,8176.6035,8199.517,8198.292,8220.687,8240.818
17938.24609375,17937.746,17925.244,17923.045,17916.244,17907.145,17913.744,17921.244,17925.445,17930.744,17937.545,17935.545,17953.346,17971.947
18233.634765625,18264.553,18247.77,18257.045,18227.893,18208.018,18256.604,18242.469,18196.092,18198.3,18219.502,18215.084,18229.66,18209.342
3949.0478515625,3962.6082,3964.0981,3965.4395,3966.7805,3959.7769,3964.6943,3960.373,3961.267,3961.565,3959.7769,3949.197,3956.3496,3956.7966
19693.107421875,19695.816,19674.285,19666.906,19655.914,19634.23,19649.74,19666.152,19639.8,19664.947,19674.133,19683.018,19721.566,19733.312
3860.2568359375,3864.5457,3867.665,3864.8057,3854.1484,3861.8164,3856.4878,3861.2966,3879.8818,3877.2825,3863.1162,3862.3364,3861.8164,3862.8562
17293.91796875,17308.244,17292.936,17311.385,17305.496,17283.516,17313.74,17305.889,17293.328,17278.02,17289.01,17295.684,17295.486,17296.469
5469.16650390625,5476.3623,5499.948,5474.763,5442.3823,5483.558,5472.7646,5500.348,5573.1055,5598.2905,5543.923,5557.1147,5569.108,5619.878
5051.0986328125,5048.6724,5044.4067,5036.443,5034.289,5028.6636,5024.521,5016.851,5008.935,5005.0664,4996.971,4993.9077,4988.563,4986.327
17014.837890625,17028.85,17013.686,17031.537,17025.78,17004.473,17034.225,17026.162,17013.879,16999.098,17009.654,17016.564,17016.182,17017.14
15134.23046875,15133.546,15116.415,15108.649,15104.881,15085.467,15095.06,15112.304,15095.402,15116.758,15123.153,15133.432,15167.464,15179.341
17344.232421875,17355.45,17337.22,17353.486,17333.574,17315.627,17350.682,17341.707,17312.262,17300.762,17317.59,17320.395,17322.918,17316.467
16164.98828125,16172.371,16149.817,16123.993,16131.923,16156.023,16140.061,16124.234,16062.966,16041.244,15998.904,15990.767,15954.633,15917.12
14402.1748046875,14400.999,14384.848,14377.147,14374.152,14355.542,14364.419,14381.212,14365.596,14385.918,14391.907,14401.961,14434.477,14446.242
7693.40625,7773.639,7763.286,7793.05,7787.874,7714.112,7794.344,7755.522,7761.992,7747.758,7689.5244,7675.2896,7723.17,7737.405
4586.4130859375,4579.2227,4570.752,4568.2383,4568.2383,4564.422,4561.4897,4568.006,4561.7227,4563.2583,4558.3247,4561.4434,4568.9365,4572.1016
17064.4453125,17075.16,17057.303,17073.512,17053.73,17036.146,17070.49,17061.697,17032.85,17021.586,17038.07,17040.818,17043.291,17037.246
17862.080078125,17870.326,17849.252,17861.164,17837.645,17821.455,17853.832,17847.113,17811.986,17810.766,17826.953,17828.48,17837.033,17835.201
5272.6103515625,5280.2524,5269.553,5280.4224,5273.4595,5255.9673,5280.5923,5275.837,5252.061,5253.42,5260.722,5267.6855,5264.7983,5263.1
14889.4931640625,14888.822,14872.049,14864.221,14860.643,14841.5205,14850.913,14868.022,14851.584,14872.607,14878.87,14889.046,14922.482,14934.447
18327.337890625,18326.168,18310.164,18308.018,18298.553,18286.55,18294.941,18296.309,18296.016,18297.87,18304.895,18301.188,18314.848,18333.584
16897.775390625,16905.182,16885.242,16896.066,16874.133,16859.035,16888.945,16882.963,16850.203,16849.35,16864.447,16865.871,16874.133,16872.707
4642.134765625,4649.458,4649.6616,4648.17,4649.5938,4666.0034,4662.5454,4664.7827,4667.6987,4661.053,4654.476,4650.8145,4645.7964,4645.8643
18258.36328125,18271.719,18251.99,18271.719,18251.383,18230.44,18269.896,18259.578,18228.62,18214.049,18232.564,18236.812,18238.027,18231.047
18252.3125,18268.15,18251.027,18271.148,18269.863,18241.824,18276.285,18266.44,18254.453,18241.611,18251.457,18259.162,18261.303,18268.15
6244.3525390625,6243.3716,6245.0977,6245.3726,6249.3745,6254.9854,6254.632,6255.103,6252.3174,6247.5303,6243.803,6241.253,6233.406,6223.5967
17543.642578125,17551.41,17530.797,17542.447,17519.443,17503.61,17535.576,17528.705,17494.348,17493.453,17509.285,17510.48,17519.145,17517.352
18589.591796875,18603.559,18583.385,18603.559,18583.074,18561.35,18602.008,18591.455,18559.797,18544.9,18563.521,18568.178,18569.418,18561.97
19293.515625,19310.135,19292.594,19314.29,19311.98,19282.207,19319.367,19309.21,19295.824,19281.977,19292.594,19301.363,19303.21,19310.135
17586.44921875,17598.889,17580.086,17598.889,17579.508,17559.258,17596.863,17587.318,17557.523,17543.928,17561.572,17565.623,17567.068,17560.416
6746.5546875,6770.016,6793.861,6817.1143,6840.209,6880.0586,6903.2534,6929.514,6954.5757,6973.038,6989.701,7000.365,7001.4316,6996.0996
19198.544921875,19195.621,19188.068,19171.986,19157.611,19207.56,19180.514,19206.342,19222.666,19222.666,19168.574,19178.078,19170.037,19222.18
5534.68603515625,5521.8887,5501.6147,5492.522,5479.792,5458.3057,5456.42,5458.4404,5441.8374,5456.9585,5454.332,5462.8857,5466.186,5484.372
8722.419921875,8742.643,8796.938,8763.973,8748.183,8786.688,8794.168,8792.229,8854.281,8896.111,8867.578,8852.619,8891.956,8913.009
18442.57421875,18440.207,18434.053,18418.193,18403.99,18452.99,18426.951,18452.754,18470.035,18470.982,18418.193,18427.662,18420.086,18471.691
17797.015625,17818.842,17820.219,17806.736,17794.738,17812.432,17806.34,17803.03,17788.486,17772.594,17753.965,17738.768,17726.61,17713.682
17362.03125,17354.328,17341.23,17329.49,17331.564,17324.666,17314.861,17313.91,17304.814,17302.014,17287.836,17287.525,17291.328,17301.393
14822.0869140625,14826.353,14847.831,14833.664,14827.876,14846.613,14848.44,14860.933,14887.743,14912.878,14896.73,14897.035,14920.038,14944.106
17097.109375,17118.373,17119.902,17107.273,17095.877,17115.13,17109.4,17106.86,17093.518,17077.887,17060.623,17045.97,17034.457,17022.502
17046.298828125,17050.04,17040.89,17034.332,17032.146,17017.59,17022.193,17022.078,17012.93,17017.418,17015.633,17018.395,17028.521,17029.729
15548.3173828125,15568.141,15569.829,15559.006,15549.303,15571.432,15566.428,15565.577,15555.159,15540.227,15525.856,15512.595,15502.612,15493.122
1557.4896240234375,1557.3704,1556.6985,1554.8872,1554.9186,1554.0381,1552.6976,1552.2017,1550.8778,1550.1356,1548.3906,1547.6797,1547.4756,1547.507
7973.7978515625,7974.7915,7978.7666,7980.533,7996.765,8006.3716,8014.5425,8034.529,8042.037,8055.343,8066.2744,8072.789,8093.4375,8098.793
15424.744140625,15428.628,15450.689,15436.241,15431.425,15450.534,15453.176,15467.003,15493.104,15519.36,15503.669,15504.135,15528.527,15553.54
6585.11474609375,6589.022,6592.2954,6597.0474,6596.2026,6591.556,6605.1787,6592.718,6589.1274,6604.545,6612.571,6609.403,6626.0874,6630.523
13488.8017578125,13494.036,13513.956,13500.288,13493.309,13511.193,13511.775,13522.099,13549.29,13572.264,13555.6875,13555.6875,13575.462,13597.418
16736.322265625,16729.416,16717.299,16705.635,16708.143,16700.586,16691.328,16689.865,16680.639,16678.008,16664.39,16663.305,16666.76,16675.377
15328.5849609375,15327.18,15323.164,15309.713,15297.265,15339.226,15317.542,15339.828,15356.09,15357.897,15312.523,15321.357,15314.933,15359.503
4961.9541015625,4980.0513,5015.1963,4989.7554,4990.542,5021.4907,5015.4585,5028.8345,5071.585,5094.9277,5067.1265,5066.602,5076.044,5095.9766
17081.9765625,17079.363,17072.83,17058.24,17045.39,17090.252,17065.861,17088.945,17103.537,17103.32,17055.191,17063.684,17056.28,17102.666
6372.69287109375,6366.9326,6354.4946,6340.781,6329.5215,6314.645,6306.888,6294.8306,6282.43,6276.5796,6264.289,6261.245,6261.147,6258.4956
4851.55517578125,4852.656,4850.9263,4849.302,4846.42,4842.4893,4844.114,4838.9263,4835.52,4833.7905,4828.9175,4826.2188,4821.5283,4818.6465
1567.517578125,1567.474,1566.8899,1565.0969,1565.0969,1564.2362,1562.9669,1562.451,1561.1499,1560.4156,1558.6991,1557.9518,1557.7078,1557.6084
15029.0869140625,15021.746,15009.841,15000.276,15001.536,14997.602,14988.597,14989.126,14981.785,14979.639,14967.1045,14967.944,14971.303,14981.661
17510.83984375,17504.15,17492.066,17479.596,17482.518,17473.648,17464.514,17462.492,17452.312,17449.768,17435.781,17433.994,17437.465,17445.453
17450.693359375,17450.826,17445.043,17425.334,17424.611,17414.066,17401.617,17394.457,17380.348,17371.922,17353.527,17344.838,17341.66,17338.088
16288.830078125,16309.742,16311.602,16300.092,16289.441,16311.193,16306.024,16304.675,16293.102,16277.753,16262.226,16248.195,16237.475,16226.83
7103.57080078125,7131.2646,7157.4683,7176.7104,7201.347,7236.414,7260.845,7281.397,7305.032,7314.7944,7333.1885,7343.3613,7345.2114,7340.69
836.8829956054688,840.5037,843.4363,845.73737,848.062,852.3626,855.1285,857.08905,860.0001,860.8979,862.97064,863.6044,863.4591,862.03326
6940.59228515625,6967.857,6993.6597,7012.6655,7036.749,7071.321,7095.3604,7115.6196,7138.701,7148.277,7166.52,7176.2974,7178.0107,7173.677
752.9892578125,753.11426,752.80316,752.85266,753.2404,753.24756,753.7925,754.4299,754.3288,754.9507,755.30145,755.56305,756.4644,756.26227
1214.561767578125,1218.2173,1216.7847,1216.7847,1218.9088,1215.8462,1217.7727,1216.2908,1215.698,1215.4016,1215.8955,1214.463,1213.0057,1213.1045
890.6967163085938,891.13226,891.14954,891.2099,891.7792,891.1409,891.3307,891.0978,890.84766,890.9684,890.6838,890.494,890.1835,889.5409
974.6942749023438,976.7139,977.9132,978.6315,979.87024,981.1091,982.21606,983.0859,984.16,984.79254,985.4251,985.35925,985.5305,984.9507
1123.7860107421875,1129.5085,1133.2797,1136.6543,1137.8668,1145.11,1148.8309,1152.2974,1156.2887,1158.4513,1160.4867,1160.5662,1160.0096,1157.529
652.5549926757812,654.01013,654.6457,654.445,655.16974,655.21436,655.21436,654.85754,655.2478,654.23315,654.23315,652.94525,652.5717,651.09436
1402.00048828125,1405.6178,1409.6923,1413.5095,1419.7269,1424.5614,1427.9672,1433.8188,1440.4476,1444.7906,1448.265,1450.3679,1453.7052,1452.471
917.094482421875,919.11066,920.3156,921.0936,922.25745,923.611,924.7496,925.6541,926.7547,927.39355,928.05133,928.0387,928.1526,927.558
1321.7862548828125,1323.0515,1320.9303,1322.0095,1319.0695,1317.0599,1321.0419,1319.8511,1316.2784,1315.6458,1317.5809,1317.3577,1318.5485,1317.5065
1026.599853515625,1031.7246,1034.917,1037.0212,1036.6277,1043.7927,1046.5426,1049.5264,1052.2117,1053.4536,1054.1632,1053.5826,1053.0826,1050.9053
964.7401733398438,967.7061,968.9999,968.72705,968.287,969.35187,970.0824,969.9504,969.79193,968.72705,968.01416,966.40356,965.31226,963.2396
948.0216064453125,950.96576,952.25977,952.00793,951.565,952.66797,953.3975,953.2933,953.15436,952.12085,951.426,949.85406,948.77716,946.7319
1175.6993408203125,1179.8734,1183.3394,1184.681,1189.265,1197.7249,1200.8181,1207.1724,1210.3123,1215.8466,1217.8497,1218.3481,1222.7365,1226.7941
960.701416015625,962.59326,963.61646,963.70654,964.20844,964.8069,965.4504,965.5662,965.9652,965.63055,965.70135,964.82623,964.5366,963.5006
1408.86376953125,1407.8655,1405.3605,1405.5782,1408.5734,1410.1163,1411.3506,1418.1576,1419.519,1421.8788,1425.618,1429.1667,1436.9177,1439.3347
799.1773071289062,798.76044,797.78864,796.0713,795.40436,793.9801,793.06055,791.22174,789.4877,788.6826,786.9629,786.46265,785.448,784.93823
1122.9561767578125,1127.6619,1129.8157,1129.8624,1129.2849,1131.8914,1133.1711,1134.0608,1134.5602,1134.1232,1133.296,1131.2827,1130.3307,1127.9271
904.0838623046875,905.958,906.9814,907.12317,907.57935,908.2575,908.92944,909.11444,909.54596,909.28705,909.39185,908.5904,908.3315,907.3451
1079.1358642578125,1080.2197,1080.9865,1080.8806,1082.0967,1082.1232,1082.5593,1082.5726,1082.9559,1083.2996,1083.4714,1082.9956,1083.3129,1082.8766
823.1256103515625,816.56134,808.65204,799.78314,793.0934,781.31903,775.61566,768.0471,759.5997,761.447,753.32245,750.7039,750.88324,754.9366
1186.0513916015625,1189.0436,1190.7119,1190.7845,1191.0746,1192.2625,1193.1782,1193.2599,1193.7405,1192.9515,1192.8156,1191.4102,1190.5669,1188.6265
1053.3536376953125,1058.8065,1062.407,1065.6857,1066.7917,1073.8462,1077.4489,1080.8027,1084.6313,1086.7267,1088.6711,1088.7465,1088.219,1085.8373
860.315673828125,860.3157,857.28345,857.97723,856.08856,853.96857,854.7266,854.8294,853.6474,853.8658,854.2769,854.67523,854.09705,855.26624
980.8919067382812,981.90326,980.25433,980.3862,978.4295,976.27496,978.3636,978.0118,975.37354,975.4615,976.0331,976.143,977.22034,976.8246
1113.41064453125,1115.22,1116.4612,1116.7943,1118.4926,1119.2177,1120.1453,1120.7201,1121.7782,1122.4576,1123.0323,1123.1239,1123.7249,1123.3329
1063.433349609375,1065.2743,1066.531,1066.9017,1068.5541,1069.3646,1070.2883,1070.8915,1071.9973,1072.6256,1073.2036,1073.3042,1073.857,1073.4424
10158.6337890625,10163.892,10156.122,10153.516,10159.611,10145.211,10157.215,10177.246,10174.966,10191.391,10200.324,10209.49,10243.828,10245.41
10676.8798828125,10678.925,10675.399,10682.026,10701.202,10712.765,10723.691,10752.209,10764.863,10776.002,10797.099,10808.273,10837.442,10841.954
4863.529296875,4867.618,4870.3154,4870.7285,4873.534,4873.0776,4874.774,4875.1655,4876.4487,4876.8403,4876.9272,4874.7305,4874.665,4870.9463
11423.453125,11429.474,11420.654,11417.697,11424.404,11408.007,11421.6045,11444.26,11441.461,11460.208,11470.242,11480.593,11519.46,11521.255
11971.505859375,11976.811,11983.127,11989.695,12008.98,12016.938,12034.37,12053.233,12064.792,12074.202,12092.435,12094.345,12115.088,12124.751
5265.556640625,5274.1895,5266.123,5265.415,5258.3394,5248.1494,5259.825,5261.382,5248.574,5256.9946,5260.8867,5262.231,5276.0293,5274.8975
9940.4599609375,9937.155,9928.007,9926.505,9937.675,9931.666,9937.947,9955.836,9958.847,9968.508,9977.656,9987.1875,10011.028,10020.614
10167.7138671875,10165.762,10171.168,10164.561,10151.946,10168.314,10163.96,10181.83,10204.807,10224.4795,10204.656,10213.517,10229.135,10257.292
8960.4208984375,8980.645,8970.128,8978.218,8991.16,8951.522,8996.015,8967.297,8934.938,9035.248,9069.629,9066.393,9127.468,9173.578
12144.810546875,12143.154,12137.253,12131.344,12133.678,12126.593,12125.255,12127.948,12124.716,12123.296,12123.23,12124.765,12134.91,12137.334
6844.21044921875,6866.1924,6867.6577,6871.077,6866.6807,6855.201,6868.3906,6861.552,6863.75,6862.529,6853.4917,6840.547,6849.3394,6845.1875
10796.412109375,10794.339,10789.196,10783.883,10785.234,10778.99,10777.154,10779.019,10775.761,10774.168,10773.271,10774.381,10782.574,10784.48
11676.8671875,11676.148,11667.586,11663.528,11668.436,11656.564,11662.406,11675.342,11671.889,11683.4,11687.602,11695.171,11717.043,11723.95
10382.8447265625,10382.114,10374.564,10370.991,10375.496,10365.115,10370.224,10381.611,10378.742,10388.758,10392.482,10399.177,10418.354,10424.443
7708.41552734375,7712.8745,7715.528,7696.3193,7693.614,7694.6733,7687.377,7665.3916,7641.1494,7617.017,7595.924,7584.298,7555.4097,7520.2686
10529.005859375,10529.956,10519.329,10523.58,10539.407,10538.729,10552.498,10580.309,10591.837,10605.281,10624.172,10638.552,10674.977,10685.062
9462.3564453125,9463.404,9454.698,9460.905,9478.236,9482.871,9496.656,9526.422,9539.723,9552.6045,9573.316,9588.068,9622.893,9632.768
10223.1015625,10230.28,10218.991,10216.251,10217.566,10199.755,10213.182,10231.103,10225.786,10245.461,10253.353,10263.217,10301.798,10304.757
11327.470703125,11331.942,11319.852,11328.63,11314.883,11305.607,11323.33,11316.87,11303.288,11294.013,11303.454,11303.619,11303.619,11301.301
11660.8994140625,11669.41,11656.706,11653.64,11654.516,11634.238,11649.697,11669.661,11662.965,11685.432,11694.318,11705.083,11748.766,11751.77
1662.523681640625,1675.1677,1698.978,1681.5719,1675.8246,1693.5591,1691.5886,1696.1864,1729.0281,1744.6279,1725.7439,1722.4597,1730.3418,1740.6869
11053.9951171875,11066.737,11049.748,11068.153,11061.276,11039.838,11066.939,11052.782,11038.018,11028.107,11036.197,11041.254,11028.714,11019.41
9069.0703125,9110.58,9136.247,9138.09,9135.143,9196.978,9207.969,9213.065,9233.636,9213.925,9215.645,9197.346,9188.933,9167.687
12395.3271484375,12399.591,12391.729,12388.905,12387.299,12377.416,12381.651,12381.513,12379.686,12384.974,12385.14,12388.019,12400.588,12401.64
6322.791015625,6323.579,6314.126,6315.0264,6305.4604,6299.384,6307.1484,6303.5474,6294.8823,6294.5444,6298.033,6297.6953,6300.6216,6303.8853
11920.5869140625,11923.097,11911.078,11907.731,11905.221,11890.273,11898.604,11907.274,11899.212,11912.9795,11916.327,11922.868,11947.515,11953.752
3708.97607421875,3711.1895,3713.3748,3711.3499,3712.5647,3715.8044,3714.9038,3711.0427,3706.5325,3698.3916,3695.6548,3690.7954,3683.311,3670.0454
11623.7099609375,11621.131,11619.289,11620.578,11622.6045,11645.63,11657.42,11700.893,11713.787,11744.918,11750.168,11767.76,11808.884,11852.42
12226.220703125,12219.517,12207.505,12193.626,12191.175,12177.095,12169.478,12156.868,12147.366,12135.963,12123.534,12120.94,12119.07,12118.406
3253.054443359375,3267.107,3269.449,3272.5718,3267.8877,3256.4895,3282.2524,3276.163,3256.1772,3271.0105,3275.3823,3279.286,3279.1296,3276.319
10868.9599609375,10872.518,10865.501,10863.064,10862.065,10853.466,10857.047,10857.389,10856.121,10860.75,10861.043,10863.819,10875.294,10876.513
10452.3818359375,10454.182,10443.583,10440.45,10438.851,10425.451,10432.518,10440.583,10433.984,10446.049,10449.049,10455.115,10477.112,10483.045
11659.0078125,11665.889,11663.173,11665.722,11666.469,11670.362,11677.199,11676.602,11674.756,11678.922,11680.223,11681.312,11683.122,11672.453
20691.248046875,20691.967,20665.66,20664.943,20648.443,20622.137,20638.639,20622.855,20613.53,20596.549,20597.027,20577.896,20586.744,20587.223
18400.494140625,18406.24,18375.781,18402.219,18389.0,18349.92,18392.16,18390.148,18352.506,18341.588,18357.104,18372.908,18372.047,18377.793
17112.13671875,17141.6,17124.48,17140.805,17116.916,17085.064,17140.406,17120.498,17077.5,17065.156,17085.463,17085.463,17085.064,17057.99
5675.41015625,5709.9927,5717.4697,5723.545,5731.0225,5712.329,5721.2085,5706.721,5709.9927,5718.4043,5724.9473,5695.5054,5721.676,5734.294
17416.494140625,17460.516,17446.486,17462.934,17436.328,17401.016,17468.254,17440.682,17391.824,17377.795,17401.498,17397.145,17393.275,17352.156
18101.212890625,18107.254,18078.697,18104.508,18113.844,18060.85,18108.9,18102.31,18074.854,18078.148,18084.19,18102.31,18111.098,18140.754
17080.541015625,17099.594,17075.438,17100.955,17086.664,17048.9,17101.975,17091.088,17050.602,17035.291,17054.344,17065.23,17061.148,17049.24
12131.287109375,12156.788,12146.255,12143.483,12115.211,12076.959,12101.906,12084.166,12049.241,12044.528,12036.213,12034.272,12019.582,11993.111
15821.6259765625,15832.971,15816.08,15813.308,15798.9375,15775.493,15794.904,15787.09,15769.947,15773.351,15777.258,15777.51,15792.636,15787.09
18031.9609375,18051.355,18036.178,18038.707,18050.09,18012.146,18047.56,18029.01,18029.432,18037.443,18020.578,18024.373,18035.334,18051.355
5827.322265625,5822.5044,5816.121,5809.617,5811.3306,5807.5356,5804.361,5801.6694,5791.277,5791.7607,5784.2817,5783.314,5783.2134,5785.854
12964.68359375,12983.864,12972.719,12971.423,12957.945,12937.728,12961.833,12950.169,12933.321,12934.099,12939.542,12936.173,12944.985,12930.211
16987.439453125,17006.387,16982.363,17007.74,16993.53,16955.973,17008.756,16997.928,16958.002,16942.44,16961.725,16972.213,16968.492,16956.31
17436.962890625,17451.297,17441.209,17453.951,17470.938,17427.406,17472.0,17443.863,17443.332,17450.766,17443.332,17450.766,17463.506,17486.863
16553.38671875,16553.73,16524.451,16537.293,16517.602,16496.37,16513.492,16506.3,16497.055,16478.39,16484.041,16480.445,16480.273,16478.562
17521.669921875,17521.67,17490.348,17505.11,17485.668,17462.447,17480.988,17474.867,17464.428,17445.707,17452.188,17449.307,17448.947,17448.586
2866.20556640625,2869.3826,2869.7356,2873.9717,2877.8545,2868.1472,2879.09,2870.2651,2869.559,2874.501,2875.7366,2874.854,2882.62,2889.5034
17426.23828125,17425.88,17394.902,17409.406,17390.068,17366.969,17385.412,17379.324,17368.938,17350.137,17356.582,17353.896,17353.54,17353.18
18457.306640625,18473.686,18464.084,18476.508,18494.58,18449.965,18496.275,18465.213,18466.908,18474.25,18465.213,18471.99,18486.11,18509.828
16801.216796875,16821.111,16792.412,16823.068,16822.416,16773.17,16830.244,16819.154,16786.215,16776.105,16792.738,16810.023,16810.023,16815.893
17689.828125,17710.168,17680.176,17712.236,17713.615,17660.18,17720.51,17708.79,17674.66,17664.662,17681.898,17700.516,17701.205,17708.79
10409.1591796875,10402.496,10393.262,10399.223,10428.271,10440.721,10458.021,10496.158,10503.493,10525.82,10549.309,10566.164,10595.694,10602.504
4304.42724609375,4324.543,4329.302,4334.926,4332.33,4326.706,4331.465,4324.9756,4331.465,4329.302,4327.7876,4314.377,4324.9756,4326.057
11435.9775390625,11451.927,11440.516,11439.219,11432.605,11415.359,11434.292,11445.184,11432.477,11453.224,11461.782,11466.061,11502.628,11498.868
12905.4951171875,12910.121,12904.16,12914.214,12927.382,12944.999,12967.643,13013.886,13034.438,13059.867,13078.523,13095.852,13135.311,13170.722
10206.0341796875,10209.708,10198.187,10198.6875,10185.329,10173.808,10184.828,10173.641,10164.29,10159.781,10158.612,10158.445,10153.9375,10154.771
3033.08056640625,3039.9622,3056.4988,3046.844,3039.654,3052.185,3055.8826,3058.4504,3081.766,3095.4268,3085.4636,3083.1013,3100.357,3110.2173
12288.8095703125,12291.402,12277.236,12273.995,12271.495,12254.459,12264.089,12276.773,12267.422,12286.68,12291.031,12299.92,12331.308,12340.011
1091.3653564453125,1091.5707,1090.2975,1089.9935,1089.8127,1088.2849,1089.1145,1090.2892,1089.5006,1091.201,1091.5872,1092.4167,1095.2426,1096.0476
11955.76171875,11965.512,11959.891,11959.317,11953.468,11945.094,11954.156,11948.02,11942.857,11945.323,11947.159,11946.241,11951.403,11946.585
11977.5126953125,11986.87,11976.856,11977.185,11968.073,11957.32,11971.274,11971.274,11958.716,11967.991,11973.737,11973.737,11990.482,11989.333
2604.857421875,2608.3962,2605.6484,2605.2737,2604.004,2599.1118,2604.7532,2607.3555,2601.3809,2609.3123,2608.2297,2610.936,2617.1814,2615.8906
12119.6689453125,12129.312,12119.171,12119.669,12110.359,12099.554,12113.851,12113.851,12100.967,12110.193,12116.012,12116.012,12132.803,12131.307
10745.4287109375,10754.082,10749.034,10748.313,10743.162,10735.539,10743.472,10738.114,10733.633,10735.951,10737.496,10736.775,10741.565,10737.394
12573.984375,12573.2295,12576.532,12574.739,12580.684,12582.665,12581.25,12585.873,12589.884,12587.383,12582.948,12583.42,12580.872,12574.833
19701.8984375,19702.59,19677.969,19675.438,19659.562,19634.021,19648.518,19632.871,19624.357,19609.17,19608.25,19590.303,19599.047,19599.967
2901.05908203125,2915.193,2946.0493,2924.7485,2914.795,2941.0725,2939.48,2945.6511,2987.4563,3012.3403,2988.0537,2984.4702,2999.2017,3019.706
18070.1171875,18101.748,18083.191,18101.748,18076.865,18042.703,18101.748,18081.082,18034.69,18021.615,18043.547,18043.547,18043.125,18014.445
19325.22265625,19331.28,19298.877,19327.645,19314.926,19273.137,19318.258,19316.137,19277.072,19265.566,19281.918,19298.877,19298.271,19305.236
19429.5703125,19435.658,19403.385,19432.31,19419.521,19377.504,19422.871,19420.74,19381.766,19369.89,19386.334,19403.385,19402.775,19409.777
13844.904296875,13865.699,13853.777,13853.223,13838.527,13817.178,13843.795,13830.764,13812.187,13812.464,13818.841,13814.959,13823.555,13807.195
7768.9189453125,7804.164,7864.5396,7868.524,7936.5615,8005.825,8055.0146,8114.7773,8155.7686,8188.255,8233.422,8218.213,8270.463,8306.842
8038.15234375,8064.0215,8111.056,8089.8906,8103.119,8170.1436,8182.784,8225.115,8262.155,8298.166,8293.757,8294.933,8333.295,8379.889
2598.186767578125,2608.2551,2608.0327,2608.867,2603.805,2600.9124,2610.2576,2609.9795,2602.5256,2613.2615,2612.7607,2613.7065,2619.3247,2615.8203
1159.3475341796875,1162.7301,1169.1931,1163.8174,1162.3677,1168.8911,1167.2603,1170.8844,1181.1528,1185.079,1177.9514,1178.5555,1179.9447,1185.4414
1351.2056884765625,1352.2845,1351.5847,1347.5609,1344.8784,1343.027,1340.9858,1337.7786,1333.609,1330.8828,1325.6052,1323.8047,1320.9696,1317.3973
1277.293701171875,1279.794,1284.6158,1280.0321,1279.1987,1285.6874,1283.6635,1287.7114,1296.1647,1298.7244,1291.8785,1293.1287,1293.4263,1299.0221
711.593994140625,689.61774,692.0989,680.40186,661.6158,698.4791,689.61774,748.81177,784.2573,834.2355,795.2454,824.8424,864.00977,936.8503
1259.3482666015625,1261.8721,1266.5674,1262.0481,1261.2264,1267.6238,1265.6283,1269.6194,1278.0122,1280.536,1273.7278,1274.9603,1275.3124,1280.8295
1331.79052734375,1333.8228,1337.942,1333.7678,1333.3284,1338.6561,1336.6239,1340.5236,1348.103,1350.5198,1344.3132,1345.6315,1346.1807,1350.7944
1175.843994140625,1179.2744,1185.7678,1180.3158,1178.8456,1185.5227,1183.8075,1187.483,1197.8969,1201.8787,1194.6501,1195.2628,1196.6718,1202.2462
1040.8648681640625,1043.9751,1050.1609,1046.1522,1045.7375,1050.3337,1050.23,1051.3358,1057.9019,1062.1179,1058.835,1057.7637,1060.7356,1063.5002
1420.787109375,1422.9551,1427.3496,1422.8965,1422.4277,1428.1113,1426.002,1430.1035,1438.1895,1440.7676,1434.2051,1435.5527,1436.1387,1441.0605
1400.9505615234375,1403.0883,1407.4215,1403.0305,1402.5684,1408.1726,1406.0349,1410.137,1418.11,1420.6521,1414.1235,1415.4523,1416.0879,1420.941
1306.100830078125,1308.0173,1312.0419,1307.6979,1307.2507,1314.0222,1311.6587,1316.2582,1323.9879,1326.2877,1319.069,1320.7299,1320.9855,1326.7987
1373.8582763671875,1375.8741,1380.0403,1375.5382,1375.0677,1382.1906,1379.6371,1384.5424,1392.6058,1395.0249,1387.499,1389.1788,1389.4476,1395.6296
1324.981201171875,1329.7609,1329.698,1330.83,1331.2073,1327.937,1330.9558,1329.0062,1329.5721,1328.8175,1326.5535,1324.8555,1326.9937,1327.8113
1102.1038818359375,1105.3192,1111.4054,1106.2953,1104.9174,1111.1757,1109.5681,1113.0131,1122.7738,1126.5634,1119.7308,1120.3623,1121.6255,1126.8505
1415.4510498046875,1418.1333,1421.6045,1417.7389,1418.2911,1426.9691,1423.9713,1429.0203,1435.4104,1436.4755,1429.0991,1430.677,1430.0853,1435.9232
1393.2919921875,1395.3363,1399.6295,1394.9956,1394.5186,1401.7421,1399.2206,1404.1272,1412.3728,1414.826,1407.1256,1408.8973,1409.1699,1415.3712
1489.1868896484375,1491.9258,1495.5775,1491.5107,1492.1747,1501.2213,1498.1504,1503.4622,1510.1433,1511.2638,1503.5452,1505.2051,1504.5411,1510.7242
1321.3026123046875,1327.933,1328.1041,1319.1637,1312.6616,1310.9077,1307.9562,1301.4113,1290.4176,1282.9103,1270.2162,1263.7997,1255.9368,1246.0205
1365.03125,1366.5063,1369.4568,1365.7018,1365.8358,1372.8094,1370.2614,1374.754,1380.99,1382.1635,1375.2904,1376.9332,1376.5645,1382.0629
1457.3895263671875,1458.9646,1462.1146,1458.1055,1458.2487,1465.6941,1462.9736,1467.8419,1474.3925,1475.6812,1468.343,1470.097,1469.7032,1475.538
4601.02783203125,4599.072,4589.181,4595.5938,4586.6816,4576.0303,4589.616,4588.5293,4577.226,4571.574,4577.7695,4578.639,4581.791,4582.552
6246.75244140625,6284.094,6331.363,6347.434,6405.9287,6457.8057,6508.383,6561.205,6600.1646,6624.604,6664.6045,6655.86,6691.3115,6713.4683
9938.125,9981.665,10033.157,10079.865,10136.615,10206.728,10267.033,10336.05,10384.038,10421.782,10469.365,10490.125,10510.614,10515.197
8920.728515625,8959.932,9006.033,9048.0205,9098.9,9161.866,9215.968,9277.92,9320.996,9354.755,9397.589,9415.981,9434.615,9438.729
2840.635009765625,2861.326,2866.8792,2867.954,2867.954,2862.0425,2867.4167,2860.9675,2864.9087,2862.9382,2863.2964,2845.9197,2855.9517,2852.1897
10336.373046875,10380.504,10436.734,10428.905,10464.494,10556.492,10588.7,10648.49,10698.315,10732.658,10752.678,10747.25,10795.5625,10839.826
15370.15234375,15421.053,15417.211,15426.814,15399.443,15374.475,15434.497,15410.008,15358.147,15362.47,15381.677,15373.994,15374.475,15341.821
13961.9921875,13999.078,14006.256,13970.167,13939.462,13938.863,13934.078,13907.76,13856.418,13824.616,13768.341,13738.981,13700.413,13651.401
1050.386962890625,1053.732,1060.9003,1055.7119,1049.2263,1057.009,1056.6676,1058.5109,1074.2126,1080.0837,1071.1406,1071.6184,1075.2367,1082.0636
9676.8642578125,9727.972,9780.366,9811.063,9871.814,9946.949,10010.111,10087.959,10143.588,10184.088,10227.804,10232.304,10270.072,10293.216
927.7000732421875,931.6607,936.7074,936.0366,939.2307,947.47144,950.36206,955.72815,960.1998,963.2742,965.0788,964.58374,968.9277,972.89233
10125.0205078125,10180.005,10234.034,10274.755,10326.154,10410.703,10470.311,10544.102,10600.92,10641.242,10682.839,10693.677,10717.743,10722.364
908.7139282226562,913.663,918.4977,922.1594,926.7724,934.3498,939.70654,946.33276,951.4249,955.05804,958.77704,959.764,961.9239,962.32434
10139.943359375,10195.008,10249.115,10289.895,10341.368,10425.96,10485.693,10559.631,10616.371,10657.071,10698.569,10709.423,10733.523,10737.992
7759.65283203125,7794.8525,7854.845,7859.1304,7927.081,7996.2563,8045.383,8105.0693,8145.9316,8178.377,8223.448,8208.259,8260.46,8296.755
8523.1552734375,8564.361,8610.688,8646.655,8697.15,8757.322,8810.11,8870.074,8912.71,8944.27,8984.404,8995.4795,9015.964,9022.633
9472.0771484375,9495.026,9563.364,9519.505,9520.525,9614.872,9621.502,9695.449,9754.607,9834.675,9796.427,9810.706,9876.239,9975.431
2070.303955078125,2070.0442,2070.6501,2070.9966,2072.497,2074.8777,2074.9785,2076.941,2077.6912,2078.1816,2077.7776,2078.4702,2078.903,2078.2249
8817.9287109375,8846.307,8897.904,8874.686,8889.197,8962.723,8976.59,9023.027,9063.499,9103.164,9098.166,9099.617,9141.7,9192.733
8532.9130859375,8574.288,8620.671,8656.561,8707.176,8767.391,8820.271,8880.307,8922.934,8954.531,8994.714,9005.803,9026.312,9032.988
3972.4091796875,3986.0642,4017.9258,4008.6057,4039.1667,4072.112,4071.8953,4102.673,4119.796,4148.1895,4143.8545,4144.288,4168.13,4176.4746
9051.765625,9090.913,9137.952,9148.687,9205.513,9276.2295,9326.269,9396.117,9444.577,9480.183,9517.662,9514.081,9562.61,9601.718
9460.7080078125,9483.63,9551.377,9508.08,9509.099,9603.334,9609.955,9683.814,9742.902,9822.874,9784.671,9798.934,9864.389,9963.207
8634.9541015625,8655.876,8718.174,8678.191,8679.121,8765.13,8771.174,8838.586,8892.516,8965.508,8930.639,8943.656,9003.397,9093.823
20353.041015625,20431.314,20433.71,20440.102,20444.094,20404.957,20438.504,20416.938,20422.53,20416.139,20392.178,20350.645,20376.203,20371.412
9061.98046875,9101.174,9148.27,9159.017,9215.911,9286.713,9336.812,9406.586,9455.144,9490.831,9528.276,9524.7,9573.357,9612.59
8954.4658203125,9000.298,9044.194,9063.539,9110.114,9182.582,9231.464,9296.975,9347.196,9379.562,9411.665,9412.484,9447.453,9470.815
1689.2684326171875,1686.5443,1682.1538,1674.6868,1670.5457,1662.3445,1657.6936,1650.3146,1643.6968,1642.2386,1635.669,1631.8873,1629.5157,1628.4583
1608.9420166015625,1611.7762,1617.3129,1613.5887,1613.8195,1617.2799,1616.8844,1617.8071,1623.5745,1626.6724,1623.4756,1622.454,1623.7393,1624.7609
1086.648681640625,1087.2778,1089.1035,1088.1752,1088.9797,1090.1453,1090.4753,1091.1561,1092.693,1094.0133,1093.5801,1093.2604,1094.8075,1095.3439
1226.3736572265625,1228.5084,1233.5623,1229.8154,1228.7263,1234.2158,1232.8652,1235.7406,1242.8857,1247.7217,1242.4501,1242.755,1244.9769,1250.2051
1420.7120361328125,1418.213,1414.997,1411.2094,1408.3838,1403.4283,1400.3116,1396.0377,1391.7638,1390.0315,1386.1125,1383.642,1381.8529,1380.6318
1317.71630859375,1323.8458,1330.6664,1334.4109,1340.468,1348.2859,1353.2732,1358.394,1362.6179,1365.3372,1369.3381,1369.6501,1370.2074,1369.1152
1076.093994140625,1076.7592,1078.6808,1077.6882,1078.3745,1079.5676,1079.9266,1080.518,1082.1967,1083.5481,1083.0414,1082.6718,1084.2766,1084.8152
1162.051025390625,1163.1322,1166.0459,1164.1034,1163.3337,1165.6244,1165.6793,1166.1375,1169.9308,1172.3313,1170.2789,1169.7108,1171.3601,1172.9728
1128.4373779296875,1129.8895,1132.911,1130.8031,1131.1075,1133.8011,1133.2156,1134.4569,1137.9937,1140.2188,1137.8063,1137.7828,1138.673,1140.3828
1157.287109375,1159.8534,1165.7689,1161.5498,1160.158,1165.5515,1164.812,1166.8564,1174.9468,1179.8618,1174.7292,1174.3813,1176.9476,1181.3843
2137.126953125,2138.6973,2142.0625,2143.016,2148.3445,2152.7473,2156.0286,2160.179,2163.1936,2166.2085,2169.819,2169.679,2174.0466,2174.2148
1214.1239013671875,1216.3425,1221.5192,1217.7345,1216.6035,1222.0846,1220.8231,1223.5637,1230.8284,1235.7004,1230.4368,1230.6543,1232.9164,1237.9625
1150.88232421875,1152.0101,1154.9868,1153.027,1152.195,1154.5245,1154.617,1154.9868,1158.8878,1161.3098,1159.2391,1158.629,1160.3115,1161.9015
1075.49755859375,1077.1823,1080.9846,1078.4095,1078.0486,1080.8162,1080.5515,1081.3457,1085.7257,1088.4452,1085.8461,1085.2684,1086.6403,1088.2527
1143.41650390625,1144.3492,1146.9575,1145.1783,1144.7983,1146.8539,1146.664,1147.3722,1150.5159,1152.7269,1150.7405,1150.395,1151.5696,1153.0897
955.4534301757812,956.2817,958.5707,957.0196,956.3118,958.16406,958.16406,958.5707,961.718,963.64557,961.88367,961.4921,962.74207,964.1124
980.34130859375,980.93884,982.32074,981.5551,981.89124,982.84357,982.9556,983.41315,985.07513,986.05554,985.4486,985.2339,986.3543,986.6904
950.207275390625,957.6047,963.08966,969.3254,973.728,983.638,990.08325,995.45435,1000.90674,1005.1711,1009.4679,1011.0304,1010.6723,1008.23096
1080.6180419921875,1081.8342,1085.0038,1082.94,1081.9264,1084.193,1084.3403,1084.5247,1088.4497,1090.8821,1088.7814,1088.0443,1089.5553,1090.8636
1096.5421142578125,1098.2963,1102.6816,1100.0043,1098.6886,1101.8046,1102.4047,1102.2661,1107.5979,1110.7368,1108.4518,1107.3209,1110.3906,1112.0525
15813.69921875,15815.609,15827.07,15825.342,15840.259,15851.629,15862.452,15879.006,15885.965,15901.199,15910.113,15910.841,15932.125,15946.496
15588.1650390625,15589.799,15602.144,15598.785,15611.583,15622.657,15632.279,15647.801,15654.881,15670.494,15676.938,15677.393,15698.814,15712.952
9451.5048828125,9458.464,9461.36,9452.813,9451.741,9459.066,9456.507,9447.773,9432.553,9419.122,9408.493,9400.798,9384.071,9362.117
11665.5966796875,11672.205,11665.34,11663.223,11659.886,11650.39,11658.089,11663.8,11655.073,11666.495,11669.189,11672.911,11690.107,11690.62
6036.4140625,6078.5166,6160.1846,6108.4443,6061.777,6124.1694,6135.836,6125.691,6256.0557,6309.8247,6253.012,6235.2583,6283.4473,6310.8394
11128.3193359375,11132.315,11124.735,11121.092,11119.741,11107.842,11113.924,11120.622,11112.161,11122.796,11123.972,11128.73,11146.183,11148.532
5859.6650390625,5874.0684,5873.918,5868.5923,5870.1675,5881.6445,5881.945,5896.3477,5906.6997,5909.325,5897.923,5891.0215,5897.6978,5897.173
10350.8291015625,10358.503,10338.593,10353.94,10340.252,10317.024,10343.363,10340.045,10313.499,10304.581,10314.328,10323.453,10318.062,10318.891
8570.234375,8576.469,8566.119,8559.511,8537.067,8515.497,8515.123,8500.16,8481.645,8481.832,8465.373,8466.246,8454.214,8437.319
12476.5380859375,12477.782,12473.26,12461.701,12462.69,12460.705,12451.65,12445.199,12431.716,12425.032,12411.989,12408.683,12402.154,12396.897
11784.896484375,11791.956,11785.093,11783.132,11779.536,11770.385,11778.294,11783.851,11775.025,11786.466,11789.407,11793.002,11810.194,11810.391
13469.087890625,13463.895,13461.025,13452.415,13443.3955,13472.914,13456.242,13477.697,13491.09,13501.203,13468.404,13480.157,13482.48,13519.242
12340.1240234375,12328.679,12316.124,12299.399,12288.446,12269.079,12259.143,12245.687,12232.23,12233.722,12219.294,12214.646,12215.757,12223.698
12709.0546875,12705.678,12705.948,12696.223,12687.577,12716.89,12701.085,12722.428,12739.043,12749.85,12716.89,12727.831,12729.857,12765.654
12564.4052734375,12573.833,12618.171,12597.106,12612.573,12636.878,12648.367,12652.491,12674.734,12696.388,12692.41,12678.563,12703.752,12710.233
6349.44384765625,6342.819,6330.9688,6328.517,6336.6895,6333.946,6337.3315,6353.063,6352.742,6359.776,6367.3647,6376.996,6400.1885,6410.2905
12350.423828125,12351.839,12347.424,12336.187,12337.1,12335.74,12326.935,12320.82,12307.457,12300.819,12288.04,12284.756,12278.218,12273.01
14017.7998046875,14010.95,13999.4375,13989.091,13984.136,14009.056,13988.653,13999.875,14001.479,13997.689,13967.085,13971.895,13967.96,13993.9
13063.0634765625,13070.024,13060.479,13056.567,13050.2705,13036.813,13044.37,13044.304,13031.245,13039.398,13038.604,13041.719,13053.319,13053.585
11097.279296875,11164.493,11167.994,11170.795,11174.996,11139.988,11169.395,11149.79,11154.691,11149.79,11127.386,11093.778,11116.883,11107.081
13971.58984375,13983.14,13975.34,13974.289,13965.59,13955.765,13966.939,13964.24,13950.515,13956.665,13959.14,13959.74,13968.59,13965.14
13668.296875,13655.28,13640.68,13622.008,13608.932,13586.124,13573.971,13558.404,13543.393,13545.038,13527.723,13521.554,13522.87,13531.548
13844.7275390625,13838.062,13827.337,13817.191,13811.975,13837.191,13817.191,13828.786,13831.25,13827.916,13797.192,13802.265,13798.352,13824.728
14632.9755859375,14635.674,14647.672,14640.789,14638.743,14647.485,14651.485,14659.02,14674.831,14689.527,14682.737,14682.272,14700.13,14711.664
12789.515625,12780.05,12768.227,12753.791,12745.044,12727.484,12715.921,12704.637,12692.055,12690.777,12676.038,12671.165,12671.245,12677.156
6354.96142578125,6354.4478,6354.3745,6358.7007,6368.233,6378.2417,6383.943,6398.3145,6403.0806,6415.0713,6418.687,6424.9956,6432.8687,6441.026
13315.638671875,13302.435,13286.999,13265.269,13252.44,13229.185,13215.947,13198.238,13181.273,13179.0,13160.154,13153.333,13152.021,13158.274
13874.60546875,13879.444,13875.323,13859.975,13857.82,13856.251,13845.647,13836.801,13817.704,13807.673,13789.413,13783.024,13772.421,13762.705
14659.6826171875,14662.726,14657.172,14638.876,14636.138,14629.671,14616.605,14604.814,14583.999,14573.324,14552.02,14545.42,14534.504,14524.424
9722.6806640625,9725.981,9725.641,9724.388,9723.363,9716.305,9722.225,9714.996,9709.702,9712.435,9704.693,9702.644,9695.87,9691.203
908.9788818359375,910.8926,915.3691,912.12274,911.02924,915.2324,914.5831,916.29175,922.5453,926.3384,922.2719,922.101,924.01465,927.5686
1020.5003051757812,1021.722,1024.2726,1022.47217,1022.83655,1025.2799,1024.6798,1025.9229,1028.9663,1030.9167,1028.7521,1028.8378,1029.6094,1031.1954
727.6718139648438,728.81934,729.2054,729.3126,729.67725,729.05524,729.8488,728.4654,729.1625,730.0633,730.9212,729.6129,730.8569,731.67194
945.148193359375,946.0274,948.36194,946.7854,946.0274,947.90717,947.95264,948.2862,951.5,953.44037,951.6819,951.24225,952.54596,953.88
958.1509399414062,959.8032,963.6931,960.73267,959.8721,964.17505,963.14233,965.41425,971.0253,974.77747,970.5434,970.8532,972.5399,976.5675
994.7069091796875,995.4329,997.56555,996.0682,995.7657,997.5202,997.2933,998.0042,1000.68134,1002.5871,1000.81744,1000.62085,1001.5888,1003.0106
1317.681396484375,1319.1088,1323.0754,1320.951,1320.868,1323.1584,1323.8223,1323.7228,1327.2911,1329.4487,1328.1542,1327.0255,1329.4653,1329.9633
934.5411376953125,935.5276,938.13696,936.4186,935.5435,937.4369,937.5164,937.7551,941.1123,943.2125,941.35095,940.76227,942.0351,943.26025
1371.093505859375,1373.0474,1375.0796,1377.4572,1380.5997,1383.6677,1387.1339,1391.3534,1394.139,1396.4537,1399.3962,1400.7537,1402.935,1403.704
11702.7978515625,11729.119,11716.601,11732.329,11718.205,11695.415,11734.255,11705.687,11684.501,11668.452,11678.724,11674.872,11653.687,11622.55
9532.5810546875,9535.109,9526.422,9522.19,9527.231,9518.025,9522.45,9532.775,9536.438,9540.296,9546.618,9554.236,9575.4375,9579.587
8691.578125,8707.121,8720.301,8736.632,8765.927,8785.732,8819.916,8858.452,8884.005,8902.234,8930.527,8939.768,8967.272,8981.956
512.4476318359375,511.6905,511.19135,510.68658,509.73312,510.0472,509.76678,510.65854,511.23062,510.87167,509.95746,510.36688,510.79315,511.58395
10840.455078125,10833.614,10840.74,10830.193,10823.923,10866.107,10862.6875,10910.715,10930.524,10958.457,10938.362,10961.735,10990.665,11043.681
8809.6044921875,8824.676,8837.248,8854.248,8881.784,8902.356,8935.411,8974.269,8999.823,9018.752,9046.181,9057.324,9083.753,9097.182
5381.1875,5516.098,5782.547,5630.7725,5519.4707,5718.464,5763.9966,5743.76,6155.2373,6339.0527,6177.16,6108.0186,6307.0117,6382.8994
1026.8121337890625,1027.0736,1026.6821,1027.1798,1027.7064,1027.9753,1029.0422,1031.404,1033.2477,1034.523,1035.7821,1037.1963,1039.6049,1040.9415
886.0453491210938,886.27515,885.64166,885.77826,886.87756,886.85895,887.6865,889.68945,890.79755,891.3586,892.74976,893.8009,896.4265,897.03204
1012.8883666992188,1013.17004,1012.81915,1013.4115,1014.1784,1014.6114,1015.823,1018.4413,1020.4178,1021.74725,1023.1476,1024.6477,1027.1521,1028.5685
10685.5498046875,10679.58,10688.677,10676.169,10667.071,10708.008,10703.46,10750.935,10773.25,10803.952,10779.789,10802.957,10832.238,10887.175
817.82763671875,819.28534,821.01074,822.2751,825.80774,827.7563,831.2963,834.71747,837.1326,838.6735,841.872,841.95935,845.21497,847.08545
540.197021484375,539.68304,539.4106,538.9277,539.414,540.1246,539.8831,539.48303,537.9895,537.04443,536.0856,535.60956,534.01605,532.4846
9980.3740234375,9988.147,9990.741,9994.735,10002.222,10014.461,10015.244,10024.79,10035.887,10036.991,10039.018,10040.768,10045.679,10039.048
10115.6787109375,10124.623,10128.382,10133.099,10140.707,10151.629,10152.304,10160.372,10173.073,10174.208,10176.325,10176.57,10180.773,10171.447
1010.4300537109375,1010.9469,1011.1305,1011.7972,1012.3478,1012.9011,1013.6488,1014.9903,1016.491,1017.4897,1018.38043,1019.0228,1020.4642,1020.7449
932.8248291015625,933.0547,933.6421,933.1824,933.0292,934.86804,934.76587,936.5473,937.8051,938.43726,937.90094,938.8267,940.15485,941.54034
997.4957885742188,998.0078,998.2447,998.9962,999.6351,1000.3088,1001.12744,1002.6547,1004.25446,1005.2959,1006.27826,1007.0352,1008.5061,1008.796
749.3093872070312,752.0356,752.37964,753.1737,752.3003,751.00336,755.18524,753.46484,750.81805,751.79736,752.8296,752.80316,752.3003,750.421
939.2396240234375,939.88654,940.11127,940.9555,942.2493,943.4581,945.01373,947.626,949.56256,950.7193,952.31464,953.4659,955.38464,956.20154
680.7146606445312,679.9681,677.7102,677.5524,679.62213,679.0516,680.2109,683.886,684.63556,686.18024,688.2644,690.62164,695.5152,697.7033
12041.64453125,12037.387,12032.702,12027.45,12022.767,12061.374,12053.142,12082.24,12093.312,12104.524,12083.659,12099.272,12111.4795,12149.236
1204.3472900390625,1204.9742,1204.194,1203.7272,1203.367,1202.24,1202.8068,1202.7268,1202.1666,1202.4467,1202.6267,1202.8268,1204.0272,1203.6737
11814.501953125,11816.374,11810.984,11810.554,11809.314,11807.314,11810.352,11817.387,11824.421,11829.735,11834.392,11838.491,11850.638,11857.875
11851.0009765625,11846.481,11844.363,11837.866,11830.805,11869.502,11860.322,11891.393,11904.809,11919.215,11895.064,11912.012,11925.005,11966.526
11036.861328125,11037.421,11048.617,11034.902,11017.828,11055.335,11042.18,11075.208,11106.837,11134.267,11097.04,11114.394,11129.648,11180.87
1164.3201904296875,1164.503,1164.0045,1164.0297,1164.0045,1163.8843,1164.2476,1165.2119,1166.0936,1166.7349,1167.286,1167.8722,1169.2449,1170.0514
1087.5335693359375,1087.826,1087.5186,1088.0127,1089.0591,1089.876,1090.9375,1093.2792,1094.8519,1095.8467,1097.1854,1098.2697,1100.3473,1101.5878
778.034912109375,778.5626,776.78503,776.0004,776.15314,773.1813,774.9103,776.75726,774.9727,777.3405,777.64606,778.97925,783.0343,783.49255
1282.1856689453125,1283.1108,1283.1176,1282.0925,1282.3188,1282.199,1281.114,1280.3918,1279.9893,1278.9076,1277.6796,1276.861,1276.1188,1274.7449
1167.9227294921875,1169.608,1169.463,1168.6838,1167.1798,1164.7426,1165.7301,1163.9362,1161.7888,1161.7073,1160.167,1159.8046,1158.2552,1155.827
853.7808227539062,853.7946,853.3796,853.8915,856.60333,858.8032,859.6887,864.047,864.96014,866.6343,869.3669,870.77124,875.16064,874.78705
1179.596435546875,1179.5499,1178.9595,1178.5449,1178.6908,1179.6163,1178.933,1178.8103,1178.9363,1178.0208,1177.238,1177.2645,1177.019,1176.9395
1230.4630126953125,1230.9124,1230.5775,1230.463,1230.115,1229.789,1230.2692,1229.9343,1230.2251,1230.137,1230.4894,1230.1106,1230.6216,1230.7802
2009.044677734375,2011.997,2015.738,2018.8175,2025.7272,2029.1119,2036.168,2042.4,2046.2366,2049.701,2055.5925,2055.6943,2060.8608,2064.0928
1099.656494140625,1100.4705,1100.8369,1101.8787,1102.2072,1103.7377,1106.1709,1107.0492,1105.7417,1107.3562,1107.6171,1108.2543,1107.8547,1105.1787
1917.9755859375,1920.8182,1924.4141,1927.3418,1933.926,1937.1573,1943.8995,1949.843,1953.5103,1956.813,1962.4314,1962.5286,1967.4668,1970.5524
1396.935302734375,1399.1868,1402.1418,1404.3668,1409.3096,1411.816,1416.9061,1421.2998,1423.9507,1426.4507,1430.5403,1430.6106,1434.0494,1436.336
1446.962890625,1449.2952,1452.3381,1454.6613,1459.7723,1462.3688,1467.6415,1472.1954,1474.9413,1477.5287,1481.765,1481.8379,1485.4001,1487.778
1689.288818359375,1689.2313,1688.3557,1688.9453,1689.6367,1689.8333,1690.6969,1692.5847,1693.4762,1695.0308,1696.1002,1697.3431,1699.5068,1700.732
1571.7567138671875,1572.8577,1572.0435,1571.8284,1571.8745,1570.579,1571.7977,1572.6324,1572.3661,1573.7026,1574.1942,1574.7576,1577.3179,1576.857
1517.3033447265625,1518.3563,1517.5753,1517.3627,1517.4121,1516.1664,1517.338,1518.1537,1517.8916,1519.1819,1519.6564,1520.2002,1522.6719,1522.2368
1528.1236572265625,1528.6553,1531.3983,1531.1432,1534.8007,1537.2247,1539.2874,1542.3706,1543.8165,1547.0487,1548.7924,1548.9944,1552.9601,1554.3848
1532.9691162109375,1535.0233,1537.0774,1537.1427,1538.9359,1545.718,1547.0712,1552.3207,1554.9943,1559.1108,1558.8582,1560.252,1563.6675,1568.432
1725.1021728515625,1727.3771,1729.6887,1729.7622,1731.7803,1739.4124,1740.9534,1746.8425,1749.8513,1754.4838,1754.1995,1755.7589,1759.6116,1764.9688
1609.843017578125,1610.2239,1609.5819,1609.1956,1608.9126,1608.2052,1608.4773,1607.9332,1607.7156,1607.8951,1607.4869,1607.6665,1607.8298,1607.8461
1348.850341796875,1349.7953,1349.0876,1348.9075,1348.947,1347.8396,1348.8811,1349.6019,1349.3733,1350.5204,1350.9423,1351.4257,1353.623,1353.2363
1242.0555419921875,1244.0576,1246.6696,1248.6638,1253.0588,1255.2876,1259.8136,1263.7231,1266.0815,1268.3044,1271.9448,1271.9996,1275.0652,1277.1062
1664.14599609375,1665.9363,1666.8843,1667.9429,1668.5564,1670.0715,1671.159,1671.8105,1672.7295,1673.0144,1673.6077,1673.5612,1673.3285,1671.9036
1449.455810546875,1449.4065,1448.6553,1449.1611,1449.7528,1449.9222,1450.6624,1452.2821,1453.0454,1454.3807,1455.3013,1456.3677,1458.221,1459.2721
1131.7635498046875,1133.1572,1133.1547,1132.2946,1131.6666,1134.265,1134.0966,1134.2472,1133.3027,1132.3098,1131.0795,1130.232,1129.4153,1129.0579
1606.5050048828125,1608.2333,1609.1456,1610.1675,1610.7598,1612.228,1613.2723,1613.9124,1614.7938,1615.069,1615.6416,1615.5968,1615.3778,1613.9966
2204.16162109375,2205.7815,2204.5994,2204.2493,2204.1982,2202.323,2204.045,2205.11,2204.563,2206.4526,2207.0947,2207.8389,2211.385,2210.699
1428.1275634765625,1429.6642,1430.4779,1431.3864,1431.9155,1433.221,1434.1494,1434.7135,1435.5023,1435.747,1436.2561,1436.2162,1436.0215,1434.7935
1667.6728515625,1668.0674,1667.4023,1667.0078,1666.7091,1665.9764,1666.2582,1665.6946,1665.4691,1665.6495,1665.2324,1665.4185,1665.5875,1665.6045
2287.08837890625,2288.769,2287.5427,2287.1792,2287.1262,2285.173,2286.9673,2288.0725,2287.4897,2289.4656,2290.147,2290.904,2294.5833,2293.8867
1265.75634765625,1265.8827,1266.9508,1266.1239,1268.1451,1268.8687,1267.9614,1268.1222,1268.4093,1266.2388,1264.9755,1264.3324,1261.978,1258.9003
2340.4736328125,2342.9055,2344.2358,2345.8232,2346.996,2349.0105,2350.638,2351.675,2353.0952,2353.7334,2354.7227,2354.9062,2354.7625,2353.0952
2196.7109375,2200.1794,2202.9546,2203.972,2207.0244,2216.968,2219.743,2227.4204,2231.6177,2237.179,2237.6995,2239.5261,2244.2378,2250.1462
2241.067626953125,2240.936,2239.6514,2240.2156,2240.9685,2240.9177,2241.899,2244.102,2245.06,2246.9949,2248.195,2249.7363,2252.5115,2254.0862
1296.2523193359375,1295.1512,1293.3314,1290.8744,1289.0479,1286.5126,1284.2698,1281.483,1278.9886,1278.1255,1275.733,1273.6125,1271.8046,1270.8395
1777.11083984375,1777.5308,1776.797,1777.28,1777.7708,1777.7155,1779.8861,1783.2737,1785.7537,1787.4951,1789.4028,1790.9536,1794.4735,1796.0488
2279.592041015625,2283.1917,2286.0713,2287.1272,2290.271,2300.614,2303.4458,2311.413,2315.7808,2321.5522,2322.08,2323.988,2328.8716,2335.027
2340.64501953125,2341.1963,2340.1667,2339.51,2338.9426,2337.7266,2338.156,2337.24,2336.7537,2336.8833,2336.259,2336.4617,2336.6562,2336.6482
2255.66748046875,2256.1987,2255.2065,2254.5737,2254.019,2252.855,2253.2612,2252.3784,2251.9175,2252.0347,2251.441,2251.6284,2251.816,2251.808
2546.706298828125,2554.7903,2555.5798,2555.7302,2551.9326,2549.0374,2556.3694,2553.9253,2548.0222,2552.9102,2552.7598,2552.1582,2553.1357,2548.7366
2159.722900390625,2159.596,2158.3608,2158.9033,2159.63,2159.581,2160.5264,2162.6501,2163.5757,2165.4404,2166.5972,2168.087,2170.7522,2172.279
1832.1600341796875,1837.0212,1840.2815,1841.1674,1841.407,1844.5656,1846.2211,1846.5841,1847.1215,1845.829,1845.582,1843.6942,1841.4868,1835.8378
701.3660888671875,701.1507,698.5285,696.2874,696.29565,693.61365,693.00653,691.70166,687.7124,687.7953,684.7091,685.6453,685.3636,685.0985
2851.32177734375,2854.4841,2853.6409,2854.2031,2852.2354,2850.654,2854.5544,2852.868,2849.6702,2849.9514,2851.357,2850.865,2851.4272,2849.354
5713.3935546875,5723.868,5728.1387,5726.1543,5722.7603,5736.2817,5737.8745,5737.397,5733.2295,5725.4897,5722.005,5714.9043,5708.1562,5698.2056
8905.7138671875,8922.377,8913.573,8916.089,8921.748,8897.225,8915.46,8906.972,8904.7705,8912.63,8901.627,8900.684,8908.857,8923.006
11309.0546875,11327.815,11355.847,11378.58,11436.85,11459.362,11521.825,11572.645,11603.903,11631.327,11687.996,11687.141,11745.078,11788.008
635.4579467773438,636.5852,636.52313,636.38354,636.094,636.00604,636.99365,636.6989,635.37524,636.2439,635.6183,635.8199,635.6131,633.9998
1539.347900390625,1540.2041,1539.249,1540.5334,1543.7445,1546.5604,1549.5244,1556.4076,1559.4869,1562.1216,1566.5676,1569.5317,1577.2084,1579.6548
1505.873291015625,1505.7385,1503.3877,1503.3727,1505.5588,1505.7385,1507.1086,1511.8405,1513.4727,1514.5883,1517.6692,1520.357,1526.9343,1528.9971
1659.53955078125,1659.3817,1656.3378,1656.0038,1658.8806,1657.7484,1659.5767,1665.0194,1666.8013,1668.3557,1671.8531,1674.9551,1683.269,1685.9695
1208.708251953125,1206.7202,1208.9794,1204.7322,1198.9489,1208.7083,1204.1901,1213.0458,1223.5282,1229.2664,1216.0278,1220.5461,1221.5402,1235.863
1388.319580078125,1389.3402,1390.4509,1390.1508,1391.2014,1394.2334,1396.2448,1401.4983,1404.5903,1407.9225,1409.4084,1411.1346,1418.1143,1421.0037
1468.12060546875,1468.5448,1467.5736,1468.3885,1470.3756,1472.1729,1473.825,1478.2231,1480.1432,1481.6447,1484.5526,1486.6261,1491.6111,1493.0198
1112.851318359375,1117.9569,1127.7754,1130.3064,1144.3359,1151.9944,1161.0056,1168.6641,1175.3516,1178.5371,1188.0323,1184.491,1192.5393,1193.2894
1601.0135498046875,1600.456,1598.8354,1597.902,1595.5034,1595.5293,1594.6477,1595.9182,1596.7351,1594.8292,1593.6753,1594.0125,1596.0609,1595.9701
1594.2947998046875,1594.5657,1594.1141,1593.6926,1590.1401,1591.4045,1590.095,1590.5165,1593.798,1591.5099,1588.6799,1588.3187,1587.9875,1587.3854
1624.9151611328125,1624.3717,1622.5266,1621.9403,1619.8092,1620.7102,1620.0667,1623.0559,1624.3002,1623.6566,1622.8986,1624.343,1627.9615,1629.1058
1790.74365234375,1789.6184,1786.2427,1785.5997,1786.0016,1786.1624,1786.4034,1791.6117,1792.303,1793.3639,1795.1562,1798.3632,1805.6171,1808.7798
1082.146484375,1082.252,1084.3604,1081.8829,1077.5604,1082.5155,1081.4612,1085.889,1095.0084,1099.4889,1093.0052,1094.903,1098.2766,1105.0765
1308.5916748046875,1311.1976,1311.7899,1312.6783,1314.1589,1311.1976,1313.7444,1310.9607,1311.553,1312.5598,1312.6783,1310.9607,1313.7444,1315.9358
1643.931884765625,1644.0975,1642.1183,1642.6387,1645.6115,1645.7219,1647.8588,1653.1342,1655.4446,1657.2858,1660.9683,1663.6887,1670.6791,1672.5795
1549.9124755859375,1550.083,1547.714,1547.8503,1550.7306,1550.2023,1552.2644,1557.4965,1559.6674,1561.3055,1564.8877,1567.6965,1575.2124,1577.3257
1493.740234375,1494.1439,1492.8823,1493.8412,1496.6294,1497.6512,1499.7393,1504.5966,1507.0189,1508.6843,1512.168,1514.5414,1520.2535,1521.6854
1314.8189697265625,1315.9938,1315.5983,1317.657,1320.6577,1322.7861,1327.7002,1332.5328,1332.998,1336.5165,1340.1221,1341.9364,1346.3154,1344.0591
770.7913818359375,771.4944,771.65,772.60657,774.1394,775.73846,777.6977,779.4293,780.5861,780.98303,782.88104,783.41693,785.12836,783.42847
1067.902587890625,1068.9216,1068.5974,1069.9639,1073.0558,1075.1172,1077.989,1083.0729,1085.7942,1087.8092,1091.5728,1093.4343,1098.906,1100.701
1713.8028564453125,1713.9253,1713.7211,1712.9042,1708.8197,1712.3733,1711.7606,1716.5394,1722.0127,1724.0549,1720.9507,1723.5647,1728.364,1733.0612
1586.9559326171875,1586.7888,1584.5514,1584.6028,1586.2488,1586.4545,1587.9204,1592.2924,1594.0669,1595.25,1597.9503,1600.5093,1606.4468,1608.7839
644.6002807617188,674.9966,685.6876,678.3506,679.18915,739.56244,733.0639,741.4491,759.8965,742.2876,718.3899,706.8602,690.2995,692.81506
1411.711181640625,1414.065,1416.7129,1419.7745,1423.967,1427.0288,1430.4122,1434.7335,1438.6871,1443.4497,1445.7299,1448.1204,1450.7316,1451.3568
1654.65234375,1654.2749,1652.8486,1651.9678,1649.1155,1649.1714,1648.0388,1648.3605,1649.3531,1646.7106,1645.0607,1644.7251,1645.7039,1644.6832
1822.4207763671875,1821.7352,1818.7316,1817.4069,1816.5134,1815.697,1815.3428,1817.7303,1817.6226,1816.5288,1816.8677,1818.5159,1823.5684,1825.0856
1408.757568359375,1411.1597,1410.2197,1408.392,1408.6008,1420.5593,1416.0161,1419.9327,1421.4471,1419.6194,1411.5774,1411.3685,1408.7576,1413.5618
1437.1839599609375,1439.1628,1441.6248,1443.4427,1445.9489,1448.9224,1451.4545,1454.2671,1455.9655,1457.664,1459.5494,1460.2039,1460.9414,1461.5231
12940.517578125,12953.2295,12970.359,12986.067,13005.184,13026.989,13047.613,13070.062,13082.045,13095.603,13111.503,13121.181,13128.401,13136.159
1395.2845458984375,1400.9037,1399.7916,1400.6696,1397.4503,1394.5237,1401.1378,1397.9186,1392.8262,1392.8262,1394.9333,1393.9968,1394.231,1389.8995
1773.91015625,1774.649,1774.0499,1773.1412,1772.8318,1778.2635,1776.9855,1779.4218,1779.8011,1779.7811,1777.3049,1777.6544,1777.964,1780.7498
1573.1025390625,1574.375,1573.9122,1574.2738,1573.3917,1572.6398,1574.216,1573.2616,1572.0469,1571.5986,1572.1191,1571.9457,1571.6709,1570.5719
1672.966552734375,1673.1769,1672.9402,1673.0402,1673.2926,1672.7771,1673.3032,1673.4873,1673.3663,1674.1764,1674.0133,1673.9554,1674.4921,1674.9023
1419.8778076171875,1421.773,1422.1223,1420.9434,1419.8954,1420.1923,1419.8866,1419.1268,1417.6683,1416.437,1414.507,1413.1184,1411.8129,1410.0345
1272.9903564453125,1275.135,1277.1648,1278.3575,1280.6499,1283.4895,1285.4768,1287.9641,1289.6992,1291.1053,1292.5442,1292.473,1293.5181,1293.8628
1572.64990234375,1573.3983,1572.8442,1571.7167,1571.1919,1576.2949,1574.7494,1576.6642,1576.8586,1576.2852,1573.583,1573.6218,1573.4955,1576.081
1486.202392578125,1486.7251,1486.6504,1486.4797,1486.7571,1486.5225,1486.6344,1486.6825,1486.6771,1486.9598,1486.5117,1486.1543,1486.245,1486.101
1427.7332763671875,1429.4603,1431.7859,1433.6224,1436.05,1438.8164,1441.3749,1444.1576,1445.6512,1447.3636,1449.2854,1450.1805,1450.9882,1451.8833
1598.662109375,1600.1117,1600.2106,1598.868,1598.0115,1597.7726,1597.229,1596.2571,1594.7498,1593.4937,1591.484,1590.2485,1589.0027,1587.2957
1656.18408203125,1656.6128,1656.2351,1656.0514,1656.0718,1655.2756,1655.439,1654.8265,1654.3469,1653.7345,1653.3263,1652.6425,1652.2648,1651.6626
14342.9580078125,14356.9,14353.341,14357.642,14349.1875,14341.327,14358.977,14349.039,14335.987,14331.241,14337.025,14335.395,14331.982,14319.376
1265.28271484375,1267.3451,1269.4634,1270.8214,1273.0942,1275.8091,1277.8754,1280.3357,1281.9952,1283.4293,1284.9395,1285.061,1285.9125,1286.186
1470.779052734375,1471.297,1471.038,1470.1533,1469.862,1469.1338,1468.6915,1467.9524,1467.1487,1466.372,1465.1743,1464.4137,1463.8176,1462.9196
11115.58203125,11131.931,11149.699,11162.479,11179.824,11202.464,11219.274,11238.693,11251.549,11262.985,11275.6875,11278.911,11283.594,11284.591
12555.1044921875,12565.672,12562.892,12566.785,12560.556,12554.215,12567.2295,12558.998,12549.654,12544.648,12548.431,12547.541,12542.535,12532.412
14406.74609375,14416.381,14413.857,14407.358,14404.759,14446.737,14439.32,14458.513,14461.036,14461.763,14444.1,14445.4375,14448.113,14465.165
14069.4521484375,14068.245,14059.712,14059.971,14051.695,14042.387,14046.782,14041.869,14036.008,14032.215,14029.629,14027.13,14024.371,14025.319
5344.22314453125,5348.285,5356.2354,5351.477,5346.7188,5352.986,5353.218,5353.392,5366.9707,5372.1934,5365.81,5364.3594,5368.3633,5371.091
12600.9248046875,12609.642,12606.613,12598.118,12593.76,12633.798,12623.898,12638.525,12638.969,12634.389,12615.33,12614.222,12613.778,12630.399
9699.634765625,9706.87,9703.891,9706.019,9713.041,9696.868,9711.126,9701.55,9703.465,9706.444,9700.911,9700.273,9706.87,9717.297
12795.66015625,12799.497,12796.463,12789.504,12786.381,12778.976,12775.764,12768.27,12761.846,12754.262,12744.269,12738.202,12732.135,12723.257
14254.115234375,14284.842,14279.17,14288.151,14289.569,14259.787,14283.896,14273.497,14273.024,14274.442,14256.479,14246.078,14261.679,14274.442
13349.6416015625,13364.328,13366.046,13353.3125,13344.173,13343.392,13338.861,13329.643,13314.488,13302.184,13282.693,13270.702,13257.988,13240.88
1593.1136474609375,1593.6202,1592.0497,1591.5531,1591.1073,1589.3137,1590.2764,1590.7628,1589.4758,1591.006,1591.0769,1591.8572,1594.1877,1594.6538
1384.0697021484375,1385.5781,1387.047,1389.2004,1393.6465,1395.9786,1400.628,1405.915,1408.4651,1412.0035,1415.8318,1416.9432,1420.9674,1424.6294
1525.5828857421875,1528.88,1532.8206,1537.0962,1542.7295,1550.397,1555.195,1562.7588,1568.6389,1572.7999,1577.2783,1579.2001,1581.122,1579.7467
2046.7244873046875,2054.6118,2057.1526,2058.37,2057.4172,2054.3472,2064.4045,2059.6934,2055.141,2058.7407,2061.5461,2061.8108,2060.3816,2056.6233
1486.199951171875,1487.6501,1487.9437,1489.3766,1490.8096,1497.1455,1498.898,1503.8096,1506.3604,1510.0333,1509.9125,1511.7598,1514.2351,1517.8239
1046.1917724609375,1047.332,1048.4421,1050.07,1053.4305,1055.1935,1058.7078,1062.7079,1064.6343,1067.3081,1070.2037,1071.04,1074.0819,1076.8574
1261.3577880859375,1261.7589,1260.5154,1260.1223,1259.7693,1258.3573,1259.1115,1259.4965,1258.4775,1259.6891,1259.7532,1260.371,1262.2081,1262.5773
1261.4642333984375,1262.6805,1262.9296,1264.1459,1265.362,1270.7325,1272.2273,1276.3888,1278.5466,1281.6641,1281.5542,1283.1259,1285.2245,1288.2692
1458.256103515625,1457.8008,1456.4786,1456.2847,1456.2847,1455.5326,1455.869,1457.1675,1457.306,1458.6321,1458.7311,1459.7286,1461.5021,1463.4813
1692.824951171875,1693.979,1694.1605,1694.5597,1694.8718,1695.0604,1696.0839,1696.7299,1696.8533,1697.7822,1697.6588,1697.5935,1697.9855,1697.9202
2581.46826171875,2582.2576,2577.4233,2580.6792,2578.6074,2573.51,2576.8315,2576.733,2572.655,2571.8328,2572.918,2575.286,2573.0496,2574.2007
1579.0325927734375,1580.109,1580.2782,1580.6506,1580.9418,1581.1245,1582.0724,1582.6749,1582.7968,1583.6633,1583.5415,1583.4873,1583.8462,1583.7852
1630.1634521484375,1630.1328,1628.7538,1628.4474,1627.7502,1626.3022,1626.8386,1626.5627,1625.8273,1626.5627,1626.0035,1626.218,1626.9918,1628.2098
1340.2247314453125,1341.1384,1341.2821,1341.5924,1341.8395,1341.9948,1342.7992,1343.3107,1343.4083,1344.1439,1344.0463,1343.9945,1344.2991,1344.253
1563.6119384765625,1563.128,1561.7146,1561.5067,1561.5024,1560.6981,1561.0588,1562.449,1562.6017,1564.0194,1564.1298,1565.1951,1567.1051,1569.2188
1290.6046142578125,1290.5803,1289.4948,1289.2461,1288.6942,1287.5541,1287.9725,1287.7603,1287.1781,1287.7542,1287.3175,1287.4873,1288.0999,1289.0642
1520.5771484375,1520.5486,1519.2694,1518.9764,1518.3333,1516.9827,1517.4829,1517.2328,1516.5468,1517.2256,1516.711,1516.904,1517.6329,1518.7692
15417.232421875,15409.433,15397.546,15384.187,15370.37,15354.23,15339.046,15327.595,15316.31,15297.059,15280.463,15267.933,15263.452,15248.848
10913.1767578125,10892.086,10858.978,10825.003,10801.416,10751.546,10721.937,10692.281,10656.179,10656.547,10623.761,10612.341,10610.867,10620.077
5805.689453125,5812.2446,5811.8413,5814.8667,5810.833,5807.908,5820.111,5815.7744,5806.3955,5812.9507,5815.7744,5817.186,5818.3965,5818.497
11247.9599609375,11244.112,11237.112,11231.606,11221.058,11216.745,11206.661,11202.813,11201.021,11185.829,11174.285,11166.324,11161.149,11148.81
5227.10400390625,5233.488,5222.6963,5230.904,5219.2,5208.8647,5226.648,5218.4404,5204.609,5197.921,5205.3687,5206.737,5206.129,5201.417
11779.5380859375,11760.705,11735.167,11711.037,11685.507,11650.4,11622.942,11597.203,11569.576,11572.002,11545.723,11527.529,11519.849,11522.8125
4692.455078125,4701.6426,4700.3506,4701.9297,4704.0825,4694.8955,4700.207,4697.4795,4696.331,4698.915,4695.326,4691.0195,4696.1875,4701.499
10138.701171875,10135.764,10129.95,10126.175,10116.765,10114.367,10105.617,10103.46,10103.819,10090.454,10080.205,10073.673,10068.878,10058.09
9871.521484375,9868.36,9862.287,9853.569,9850.227,9841.981,9837.055,9828.204,9820.486,9817.439,9808.98,9805.934,9804.367,9805.222
12543.7177734375,12536.199,12526.593,12513.228,12511.139,12529.935,12514.341,12521.441,12523.809,12514.0625,12487.331,12489.838,12485.104,12500.976
11804.7060546875,11781.952,11745.825,11708.214,11682.89,11628.162,11596.327,11563.992,11524.671,11525.17,11489.343,11477.566,11476.768,11487.546
13061.9912109375,13040.492,13011.202,12983.204,12954.232,12913.781,12882.955,12853.665,12822.652,12825.948,12796.134,12775.908,12768.267,12772.611
7340.736328125,7342.4644,7337.7607,7329.746,7325.7144,7315.588,7313.2363,7306.757,7297.542,7292.983,7282.184,7276.6167,7274.793,7269.01
15230.716796875,15207.655,15162.5625,15109.611,15083.458,15012.662,14981.227,14946.376,14890.977,14889.946,14847.173,14846.2705,14856.578,14875.6455
8212.580078125,8224.656,8238.477,8228.011,8231.23,8243.575,8240.892,8242.636,8265.715,8262.36,8251.357,8250.553,8245.454,8247.467
14968.7255859375,14956.509,14936.377,14917.629,14913.634,14923.084,14898.881,14900.11,14891.197,14875.983,14842.789,14842.482,14836.182,14855.083
1354.4444580078125,1353.8204,1352.8423,1351.8131,1350.6124,1349.419,1348.1489,1347.2803,1346.4481,1344.7328,1343.3533,1342.2803,1341.8569,1340.4993
6733.6220703125,6743.9253,6736.907,6735.2646,6727.6494,6717.645,6730.188,6730.0386,6716.4507,6722.722,6727.0522,6726.455,6738.4004,6734.3687
11357.369140625,11365.84,11352.528,11366.748,11360.243,11344.662,11367.655,11361.302,11351.318,11338.309,11346.023,11351.923,11349.2,11348.293
14840.0205078125,14817.569,14773.606,14722.182,14696.908,14627.954,14597.131,14563.203,14509.395,14508.517,14466.749,14465.62,14475.529,14494.092
11489.7265625,11748.379,11802.663,11840.982,11869.722,11748.379,11809.05,11741.992,11751.571,11773.924,11754.765,11585.523,11726.025,11780.311
7145.095703125,7166.034,7177.2363,7175.5127,7173.8755,7209.6353,7213.5127,7218.683,7228.8506,7219.9756,7215.8394,7207.2227,7203.259,7199.5537
15365.2041015625,15352.596,15331.397,15311.697,15307.441,15316.268,15290.893,15291.681,15281.594,15265.833,15231.476,15230.845,15224.54,15243.611
13798.3505859375,13787.557,13770.443,13754.111,13750.276,13761.07,13740.052,13742.324,13735.791,13722.583,13692.475,13692.759,13687.221,13704.831
13439.0732421875,13416.032,13384.949,13353.75,13324.354,13280.561,13251.137,13220.848,13189.981,13195.174,13164.452,13146.423,13142.673,13150.894
15581.9404296875,15546.69,15500.504,15448.3125,15405.524,15339.388,15303.063,15256.193,15214.596,15219.576,15173.097,15150.833,15150.052,15162.16
1458.4764404296875,1457.348,1454.5583,1450.3652,1449.2998,1445.4686,1442.907,1439.4357,1435.3685,1433.1688,1429.5715,1428.2196,1427.3718,1426.7876
8757.1982421875,8750.002,8746.804,8743.605,8738.968,8756.398,8760.396,8794.058,8805.492,8823.322,8821.323,8838.114,8866.698,8897.501
5753.36572265625,5758.429,5752.141,5751.585,5747.5786,5743.1826,5749.9155,5753.922,5746.577,5758.095,5760.7104,5763.3257,5776.8467,5778.9614
8519.513671875,8516.476,8507.838,8488.363,8484.678,8474.607,8463.265,8444.652,8423.864,8410.639,8390.643,8385.073,8370.519,8361.343
15183.3154296875,15149.393,15105.017,15054.321,15013.021,14948.988,14913.64,14868.218,14827.833,14832.489,14787.543,14765.6875,14764.737,14776.5205
876.0014038085938,877.1803,876.9034,876.61145,876.0987,875.6122,876.02014,874.9235,874.1563,874.0777,873.0597,872.895,872.023,870.3145
1385.106201171875,1385.9977,1388.2069,1386.1914,1385.2612,1390.9974,1390.0286,1394.6796,1398.4779,1403.1289,1398.9042,1401.0747,1403.6715,1410.9
1392.9434814453125,1395.5079,1399.7959,1401.3141,1407.6433,1411.1311,1416.2499,1420.9224,1423.6023,1426.3413,1430.5651,1429.7059,1433.4321,1436.3455
1312.7503662109375,1314.0641,1315.3386,1316.7504,1319.1165,1321.4498,1323.8109,1327.2366,1328.9792,1331.3322,1332.9531,1333.757,1335.5936,1337.1558
1344.750244140625,1345.9883,1346.4535,1346.304,1346.2874,1349.1373,1349.129,1349.91,1350.691,1350.18,1349.7438,1349.5776,1349.5527,1349.993
1079.46875,1079.5713,1079.0327,1079.2961,1080.0656,1080.2871,1080.9142,1082.2968,1082.9548,1083.5127,1084.514,1085.3009,1087.053,1087.5216
1220.9974365234375,1221.1074,1220.4862,1220.751,1221.5846,1221.7706,1222.4574,1223.9581,1224.6655,1225.2811,1226.363,1227.2294,1229.1809,1229.7104
11595.365234375,11622.823,11637.094,11645.027,11647.912,11666.767,11681.397,11692.9375,11700.149,11708.289,11709.113,11703.55,11701.901,11691.907
997.322998046875,999.0598,1002.14417,1003.1024,1007.6765,1010.2293,1013.789,1017.0717,1018.9489,1020.89954,1023.9479,1023.2385,1026.0178,1028.1401
691.240478515625,690.06433,687.2962,685.5624,685.8361,687.499,686.0896,688.54846,688.2392,688.5586,685.81586,686.99207,688.6296,692.8603
1224.2447509765625,1225.0708,1227.1014,1225.2429,1224.348,1229.4075,1228.547,1232.6427,1236.0844,1240.2833,1236.4286,1238.356,1240.6791,1247.1323
1291.188232421875,1292.3556,1292.8113,1292.6434,1292.6354,1295.3538,1295.3297,1296.0732,1296.8368,1296.3611,1295.9054,1295.7694,1295.7455,1296.2012
1160.201904296875,1161.3466,1162.4738,1163.63,1165.8026,1167.8232,1169.9271,1172.971,1174.5175,1176.5746,1178.023,1178.6741,1180.397,1181.892
1689.54248046875,1689.6738,1688.7765,1689.0829,1690.1918,1690.3158,1691.2368,1693.234,1694.144,1694.981,1696.402,1697.5747,1700.2631,1701.0035
1144.960205078125,1146.1512,1147.2147,1148.6636,1149.8015,1152.0817,1153.6232,1155.7501,1157.2465,1158.8529,1159.9089,1160.7448,1161.4303,1161.6805
1607.1976318359375,1608.2234,1610.7211,1608.4019,1607.376,1614.0662,1612.9957,1618.3925,1622.6741,1628.0485,1623.2539,1625.7738,1628.8066,1637.1248
880.1752319335938,880.6254,879.6764,878.75165,877.87555,876.3059,876.25726,874.7485,873.8055,873.14233,872.41833,872.4488,871.62134,870.71484
1323.7200927734375,1323.6931,1323.2477,1323.5648,1325.353,1326.0076,1327.0568,1329.6985,1330.9493,1331.919,1333.6813,1334.7795,1337.2323,1337.7755
13593.0859375,13632.84,13625.926,13651.852,13638.024,13606.05,13678.643,13656.173,13606.914,13617.284,13644.506,13653.148,13659.197,13641.914
1419.8470458984375,1419.9674,1419.2328,1419.529,1420.5106,1420.702,1421.5076,1423.2716,1424.0922,1424.8132,1426.0787,1427.0973,1429.3999,1430.0234
878.21630859375,882.058,882.3479,879.94556,877.84357,881.6697,880.73773,879.7126,876.0159,872.7865,869.3577,866.593,863.52795,860.39044
1678.4207763671875,1679.491,1682.0967,1679.6771,1678.6534,1685.633,1684.5164,1690.1465,1694.5669,1700.1738,1695.1718,1697.8241,1700.9882,1709.666
1200.29150390625,1198.7448,1197.6649,1196.5413,1197.6211,1198.7301,1197.0958,1197.5336,1196.0597,1195.0529,1193.1267,1193.1412,1192.1927,1191.8134
1506.8111572265625,1508.1245,1508.6516,1508.439,1508.4481,1511.5557,1511.5094,1512.3881,1513.2898,1512.7672,1512.2124,1512.1013,1512.0829,1512.6748
1586.01904296875,1587.577,1589.1194,1590.9265,1593.6918,1596.5194,1599.3549,1603.4795,1605.567,1608.4375,1610.4005,1611.4677,1613.5786,1615.3391
1183.563232421875,1183.6996,1183.972,1184.3052,1186.2887,1187.7574,1188.6129,1191.3762,1192.527,1194.079,1195.7596,1196.5886,1199.4087,1199.6737
1409.958251953125,1410.8624,1413.1425,1411.059,1410.0762,1415.9336,1414.9508,1419.6682,1423.56,1428.3561,1424.0319,1426.2333,1428.9261,1436.297
903.0591430664062,903.7925,904.0641,905.3406,905.748,903.5209,907.4047,904.7159,903.05914,906.6986,908.5455,908.21954,912.18494,913.7059
1648.7652587890625,1651.8381,1654.1088,1656.2075,1657.6902,1661.7649,1664.5021,1666.8909,1669.1508,1670.834,1672.4242,1672.6534,1672.8109,1672.0303
1367.0166015625,1367.1627,1374.8295,1371.5437,1374.866,1380.2328,1383.9932,1387.8265,1391.806,1398.0854,1398.487,1397.1729,1405.0587,1410.4437
1199.365966796875,1200.5142,1199.0215,1199.0215,1197.6206,1195.8867,1197.8273,1197.5977,1195.5768,1196.3346,1197.0236,1197.1154,1199.0215,1198.677
1077.619140625,1077.5294,1075.9677,1075.7155,1076.0919,1074.8617,1075.4965,1077.0642,1077.3594,1078.4,1079.1733,1080.4885,1083.5299,1085.0319
1077.6641845703125,1078.6959,1077.3547,1077.3547,1076.1167,1074.5278,1076.2611,1076.0754,1074.2596,1074.9406,1075.5596,1075.6421,1077.3547,1077.0452
1443.099365234375,1443.0448,1441.0571,1440.2689,1440.4276,1438.3184,1438.9058,1439.9319,1439.5254,1440.5614,1440.9232,1442.1526,1445.3499,1446.6584
1107.453125,1107.361,1105.7587,1105.5013,1105.8883,1104.6267,1105.28,1106.8944,1107.1978,1108.2692,1109.0641,1110.4197,1113.5417,1115.0854
1167.0634765625,1168.1808,1166.7283,1166.7283,1165.3876,1163.6781,1165.544,1165.3429,1163.3765,1164.1139,1164.7618,1164.8737,1166.7283,1166.3931
1251.99560546875,1252.4664,1252.4432,1250.8125,1251.0566,1251.016,1249.8125,1247.2661,1245.0627,1241.0164,1239.4816,1236.912,1233.5748,1228.7844
1355.3740234375,1355.8486,1360.5948,1360.3575,1367.2097,1371.5999,1375.1298,1379.5793,1380.9735,1386.476,1389.4127,1389.1605,1393.8325,1397.0583
855.5534057617188,856.5623,860.02765,860.3054,864.0632,866.7243,869.40735,871.5348,873.33325,874.69305,877.35785,876.2247,879.25867,880.0665
1276.2869873046875,1279.3531,1279.5966,1278.7367,1277.2928,1275.1189,1275.3785,1272.3123,1269.5543,1269.2136,1265.4011,1265.1821,1261.3209,1256.527
1341.9327392578125,1340.7606,1338.3622,1337.1161,1336.9624,1335.9724,1335.3806,1336.5869,1336.3195,1336.6466,1335.3123,1336.3394,1338.4639,1341.9697
1689.4296875,1691.6263,1689.7385,1690.1504,1687.8851,1685.5511,1688.9835,1687.9194,1684.6931,1685.0707,1686.3063,1686.2377,1687.8851,1686.7181
1256.240234375,1255.9462,1254.0271,1253.8104,1252.2473,1250.4211,1251.2723,1250.9473,1249.3301,1249.508,1249.5468,1250.0652,1251.0712,1251.7521
1267.903076171875,1267.163,1265.1611,1264.2754,1262.2128,1259.7074,1259.404,1258.2635,1256.6985,1256.6924,1255.3214,1255.928,1255.746,1256.0372
1233.63427734375,1232.9023,1230.9545,1230.0928,1228.0858,1225.6422,1225.347,1224.2433,1222.7205,1222.7086,1221.3748,1221.9708,1221.7878,1222.0771
1138.834716796875,1138.1699,1136.3717,1135.5762,1133.7235,1131.4677,1131.1952,1130.1763,1128.7704,1128.7595,1127.5281,1128.0784,1127.9094,1128.1764
995.038330078125,994.9555,993.5151,993.2831,993.6298,992.49493,993.0821,994.5294,994.8037,995.7646,996.47876,997.69324,1000.50165,1001.8886
1733.0721435546875,1735.3262,1733.3892,1733.8118,1731.4873,1729.0925,1732.6143,1731.5226,1728.212,1728.5994,1729.8673,1729.7969,1731.5226,1730.2899
1270.512939453125,1270.3112,1268.6105,1269.2446,1267.7168,1266.2035,1267.5294,1267.1259,1265.5404,1265.2522,1265.6846,1266.1746,1266.3765,1266.7944
1569.32666015625,1571.3645,1569.5814,1569.9954,1567.8619,1565.6967,1568.9127,1567.9257,1564.9006,1565.2827,1566.3972,1566.3335,1567.8938,1566.7793
1141.422119140625,1141.2408,1139.7129,1140.2827,1138.9102,1137.5505,1138.7418,1138.3663,1136.955,1136.683,1137.0845,1137.5247,1137.7059,1138.0814
1746.6697998046875,1746.1259,1743.832,1742.6654,1742.8751,1740.8663,1740.4862,1740.9418,1740.7975,1741.774,1740.2043,1740.7352,1742.6522,1745.0248
1657.3837890625,1657.2561,1654.872,1655.617,1653.4457,1651.4233,1653.2966,1652.7645,1650.3164,1650.2313,1650.8699,1651.466,1652.1472,1652.7219
1271.9874267578125,1271.9352,1270.187,1269.4939,1269.629,1267.774,1268.2906,1269.1887,1268.8313,1269.7424,1270.0607,1271.1417,1273.9579,1275.1001
1702.6065673828125,1702.0698,1699.8331,1698.6956,1698.9001,1696.9414,1696.5708,1697.0054,1696.8584,1697.8074,1696.2737,1696.7881,1698.6572,1700.9642
1539.4852294921875,1539.3274,1537.1172,1537.8276,1535.795,1533.9203,1535.6569,1535.1636,1532.8942,1532.7954,1533.3875,1533.9597,1534.5715,1535.1044
1289.989990234375,1292.1064,1291.6655,1292.5033,1292.5033,1289.8577,1292.4152,1291.0923,1290.8718,1291.3569,1289.6813,1289.4167,1290.9159,1292.5916
1665.1549072265625,1664.6364,1661.592,1662.696,1660.1536,1657.3768,1658.2133,1657.5275,1655.7377,1655.4867,1655.3027,1656.2395,1655.3195,1655.8547
1793.0609130859375,1792.4844,1789.2231,1790.4303,1787.7457,1784.773,1785.6918,1784.9711,1783.0432,1782.773,1782.6108,1783.6018,1782.6108,1783.1874
1724.5350341796875,1724.4298,1722.0511,1723.693,1721.9669,1719.504,1722.03,1721.6722,1719.0199,1718.4937,1719.483,1720.5355,1720.4723,1721.1249
1601.749267578125,1601.6517,1599.4075,1600.9492,1599.3293,1597.0656,1599.388,1599.0562,1596.5972,1596.1094,1597.0266,1598.0219,1597.9438,1598.5682
1250.688720703125,1248.7086,1245.8011,1243.2523,1241.146,1236.9006,1233.941,1231.8091,1228.9476,1228.424,1225.6094,1224.2628,1224.3002,1224.5994
1128.0587158203125,1126.1444,1123.7751,1121.4795,1119.0345,1115.4617,1112.8799,1110.506,1107.8442,1107.5486,1104.9427,1102.9446,1102.433,1102.2731
13354.5517578125,13348.7295,13348.496,13340.345,13319.384,13344.77,13334.988,13363.402,13385.527,13404.16,13373.417,13390.419,13403.927,13449.459
10267.1728515625,10316.641,10325.107,10303.327,10282.516,10340.317,10333.302,10329.954,10308.543,10268.232,10241.619,10207.641,10181.083,10150.731
12703.904296875,12705.462,12697.303,12695.194,12690.29,12680.71,12685.936,12686.211,12680.252,12683.14,12685.019,12686.715,12696.661,12698.266
11539.92578125,11538.917,11529.697,11524.583,11520.549,11513.346,11518.46,11520.045,11511.617,11521.485,11518.316,11522.639,11529.697,11537.116
11725.55078125,11722.029,11712.8545,11701.508,11696.259,11683.017,11673.636,11659.831,11650.613,11639.917,11628.83,11622.917,11620.656,11616.481
10813.224609375,10811.5625,10801.541,10798.002,10801.304,10791.926,10795.044,10804.661,10805.195,10810.836,10814.666,10821.92,10840.741,10850.273
1453.9677734375,1455.079,1457.3441,1458.669,1462.9854,1466.2761,1469.1503,1472.5372,1474.2573,1477.078,1479.9308,1480.1658,1482.8156,1483.2029
8241.5634765625,8249.834,8247.599,8254.528,8258.775,8244.693,8260.563,8247.599,8250.729,8252.74,8252.069,8249.834,8257.435,8263.47
16386.419921875,16398.172,16395.861,16384.11,16388.629,16379.1875,16377.681,16375.169,16375.471,16370.749,16361.81,16344.934,16346.34,16340.213
2756.966796875,2833.1902,2966.3718,2875.9087,2876.7466,2981.4492,2970.56,2994.851,3149.811,3218.4958,3135.5713,3119.6565,3149.811,3195.0425
7931.51708984375,7953.5166,7993.849,7968.183,7940.5425,7972.1313,7978.0547,7973.8237,8046.5913,8074.796,8041.5146,8032.4893,8057.873,8072.2573
1246.599609375,1248.0863,1248.056,1248.5415,1248.6932,1247.1154,1249.1787,1247.6615,1248.238,1247.9954,1246.9333,1246.7512,1247.9043,1248.4808
12325.048828125,12337.421,12331.652,12329.83,12324.062,12313.359,12325.504,12319.887,12312.9795,12316.547,12318.748,12317.307,12325.049,12316.699
15278.36328125,15280.545,15266.206,15280.233,15286.156,15258.102,15284.909,15279.609,15264.647,15268.7,15272.44,15282.104,15289.585,15307.041
13200.537109375,13222.562,13216.766,13226.039,13213.983,13197.06,13230.907,13217.461,13192.887,13187.554,13199.609,13199.1455,13197.06,13178.513
14193.201171875,14193.201,14184.711,14193.201,14200.8955,14178.078,14199.834,14190.813,14183.119,14190.283,14189.222,14195.8545,14204.875,14223.713
9661.2177734375,9679.563,9698.011,9713.095,9756.104,9787.597,9819.497,9861.055,9893.804,9908.548,9943.557,9949.697,9977.317,9973.189
16217.1943359375,16229.18,16227.468,16215.684,16219.914,16211.051,16209.339,16207.324,16207.525,16202.993,16193.728,16177.008,16178.317,16172.072
11633.2587890625,11654.411,11656.491,11656.376,11643.431,11636.148,11654.526,11643.777,11631.525,11644.702,11634.53,11634.415,11628.289,11618.233
14818.5537109375,14843.663,14840.007,14840.494,14837.8125,14822.211,14835.618,14830.499,14826.843,14828.793,14819.773,14808.315,14815.142,14808.315
13926.333984375,13939.951,13937.639,13941.236,13944.0625,13928.133,13943.292,13935.07,13933.528,13935.327,13925.307,13923.508,13931.986,13940.723
2270.152587890625,2270.656,2269.817,2272.0945,2278.0405,2282.6436,2285.976,2293.708,2296.2615,2299.7258,2305.7856,2308.4048,2315.422,2314.8152
15002.40625,15017.514,15015.398,15018.723,15023.557,15005.428,15023.557,15011.471,15012.68,15014.795,15004.219,15001.802,15012.68,15022.953
14973.697265625,14999.006,14995.284,14996.028,14994.291,14978.164,14991.811,14986.848,14982.878,14984.615,14975.435,14964.27,14970.969,14964.518
15227.6591796875,15240.707,15240.908,15229.566,15232.276,15226.455,15224.146,15224.548,15223.846,15220.935,15210.195,15195.24,15196.144,15190.0205
2871.624267578125,2876.4033,2878.7563,2875.9626,2875.2156,2879.502,2879.714,2876.5908,2871.2693,2864.1836,2861.3904,2856.7314,2849.7488,2839.5151
2887.658935546875,2888.6262,2885.262,2886.103,2882.8228,2880.0051,2883.4536,2882.5283,2877.6082,2878.323,2879.5425,2880.2576,2881.1406,2881.6873
13215.9248046875,13243.446,13239.172,13247.722,13233.827,13216.46,13254.401,13238.103,13211.115,13206.306,13219.398,13216.727,13214.322,13190.541
14294.9296875,14303.331,14299.999,14294.785,14302.462,14294.351,14298.406,14293.336,14295.509,14290.149,14290.439,14275.81,14278.127,14273.13
11367.5576171875,11377.985,11372.871,11370.879,11366.2295,11356.599,11366.562,11361.58,11356.134,11359.321,11360.65,11359.786,11366.296,11359.255
14645.7890625,14652.757,14649.822,14657.523,14668.893,14643.222,14670.359,14651.289,14650.923,14656.79,14653.49,14656.79,14668.893,14685.027
1626.88623046875,1631.6267,1629.4935,1630.0269,1626.6493,1622.9161,1628.9602,1627.4196,1621.257,1623.8643,1625.3456,1625.2864,1627.7158,1625.9974
14453.59375,14461.693,14458.077,14453.016,14460.825,14452.582,14456.776,14451.714,14453.738,14448.242,14449.11,14434.357,14436.889,14432.116
13322.048828125,13331.374,13329.581,13323.627,13330.083,13322.838,13325.779,13322.12,13324.416,13319.825,13318.175,13304.1875,13305.766,13300.314
14000.2724609375,14011.52,13997.558,14015.01,14018.889,13989.025,14023.154,14013.459,14001.823,13995.618,14002.212,14008.805,14016.562,14027.421
2356.8486328125,2356.917,2355.2473,2351.507,2351.7366,2351.3093,2348.696,2346.9077,2341.2048,2339.6084,2334.955,2334.057,2331.596,2329.887
1623.990478515625,1627.9603,1634.4941,1630.1521,1631.6821,1636.5204,1635.9001,1637.3474,1643.964,1646.5278,1643.0955,1642.2684,1643.1368,1644.0466
12962.3603515625,12969.433,12955.442,12970.3545,12971.277,12947.603,12974.352,12969.74,12954.059,12952.214,12959.747,12968.817,12971.585,12978.656
5981.44091796875,5987.7617,5980.816,5977.9683,5975.607,5964.355,5972.968,5981.0938,5975.329,5985.261,5990.47,5994.0127,6016.864,6016.516
14482.365234375,14489.892,14487.383,14494.192,14505.661,14480.574,14506.736,14488.1,14488.816,14493.834,14489.892,14492.759,14504.228,14519.28
15009.0703125,15034.373,15034.089,15036.647,15040.344,15023.569,15038.922,15029.54,15029.256,15027.55,15017.884,15009.07,15017.315,15017.315
12593.9267578125,12592.421,12581.456,12576.807,12579.264,12566.753,12570.254,12579.555,12577.652,12585.287,12588.3,12595.988,12616.702,12626.056
4955.4794921875,4963.491,4961.375,4963.2305,4967.6924,4963.2617,4977.5024,4989.449,4987.3643,4998.7065,5004.628,5009.674,5026.8125,5018.4307
7785.64404296875,7785.633,7778.715,7764.2266,7766.761,7768.764,7757.9116,7751.343,7726.8037,7720.207,7701.3906,7697.7603,7686.6475,7678.28
6474.95263671875,6491.672,6491.9873,6495.615,6487.571,6480.631,6500.978,6491.8296,6476.372,6477.634,6483.3125,6481.104,6479.2114,6466.1196
12390.693359375,12383.859,12369.9375,12354.816,12344.699,12325.152,12311.861,12294.533,12280.644,12274.608,12260.364,12252.82,12248.916,12248.649
11722.37890625,11732.098,11723.313,11720.136,11717.426,11702.193,11714.155,11723.313,11715.65,11728.266,11734.061,11738.546,11766.581,11764.245
9002.4599609375,9007.077,9005.365,9013.302,9028.915,9036.592,9051.349,9075.572,9088.994,9098.82,9116.875,9126.535,9150.837,9158.384
10350.7958984375,10358.176,10350.561,10347.499,10346.399,10333.29,10342.789,10351.503,10346.243,10356.919,10361.865,10366.497,10391.147,10389.97
12432.318359375,12430.781,12419.95,12415.341,12417.789,12405.46,12408.896,12418.102,12416.253,12423.726,12426.693,12434.297,12454.763,12464.032
11127.5634765625,11147.201,11189.412,11162.776,11140.43,11170.677,11178.126,11169.097,11229.14,11255.099,11228.012,11216.048,11235.687,11244.489
10251.2958984375,10273.977,10265.305,10270.642,10285.984,10239.955,10290.654,10257.967,10264.638,10266.639,10242.624,10245.959,10267.306,10295.323
12231.8857421875,12225.238,12211.538,12196.686,12186.78,12167.606,12154.51,12137.464,12123.818,12117.676,12103.592,12096.22,12092.447,12092.096
3318.3486328125,3315.9155,3311.935,3308.397,3308.0527,3306.031,3303.2551,3303.889,3301.8345,3299.9875,3296.4358,3296.6763,3298.84,3302.5557
4808.94580078125,4815.667,4815.5645,4803.61,4795.811,4793.0405,4788.166,4780.0083,4765.9243,4757.2275,4740.912,4733.203,4723.5234,4711.846
3267.606689453125,3271.3943,3268.2378,3273.0586,3272.9438,3266.2866,3275.9282,3272.8865,3267.2622,3268.525,3272.0256,3274.436,3276.3872,3277.9941
13095.3857421875,13052.13,12980.315,12896.419,12886.16,12823.892,12749.502,12717.972,12667.903,12626.232,12536.078,12520.867,12527.522,12572.203
1097.137451171875,1097.3022,1096.6791,1096.5287,1096.0989,1095.3683,1095.7946,1095.6907,1095.2573,1095.3898,1095.5151,1095.6011,1096.2637,1096.3137
12595.9365234375,12604.367,12594.23,12590.115,12588.811,12571.599,12583.692,12595.836,12588.61,12602.962,12609.386,12615.909,12648.527,12648.226
10950.2373046875,10947.334,10937.838,10926.945,10922.404,10910.045,10901.073,10887.856,10878.522,10868.724,10857.997,10852.957,10850.296,10846.908
10446.119140625,10458.471,10488.113,10465.433,10453.9795,10477.334,10475.089,10482.051,10527.862,10552.789,10523.146,10520.003,10531.455,10550.319
12172.0126953125,12170.083,12158.802,12154.445,12158.032,12146.111,12149.789,12160.719,12160.21,12167.709,12171.596,12180.047,12201.854,12212.444
12335.693359375,12333.762,12322.341,12317.92,12321.507,12309.417,12313.143,12324.233,12323.65,12331.326,12335.244,12343.793,12365.921,12376.613
12874.830078125,12876.505,12868.27,12866.177,12861.105,12851.475,12856.872,12857.1045,12851.01,12853.94,12855.941,12857.523,12867.618,12869.107
12569.6005859375,12563.577,12563.131,12555.323,12534.8,12558.67,12549.746,12577.408,12599.383,12617.676,12588.5625,12605.071,12618.902,12662.516
12428.6015625,12436.91,12426.821,12422.766,12421.579,12404.566,12416.436,12428.503,12421.48,12435.624,12441.855,12448.482,12480.529,12480.431
4454.18115234375,4458.04,4452.499,4453.8843,4447.156,4443.4946,4451.8066,4448.3433,4439.3384,4439.5366,4442.703,4442.208,4443.0986,4441.911
12486.255859375,12507.871,12523.026,12524.02,12528.988,12530.728,12542.073,12540.417,12542.404,12539.838,12535.779,12525.759,12518.968,12500.831
7318.17578125,7342.791,7375.2007,7406.872,7444.6665,7488.0405,7528.4707,7574.583,7602.3984,7629.0645,7662.131,7679.854,7695.6074,7705.6177
12646.31640625,12700.417,12750.026,12793.308,12845.673,12944.739,13001.255,13090.761,13157.009,13207.128,13246.122,13261.2295,13292.873,13301.039
12620.8310546875,12626.355,12617.53,12623.959,12634.971,12635.262,12651.18,12680.889,12700.322,12715.017,12734.876,12752.34,12788.012,12796.53
8546.62109375,8574.363,8610.91,8647.552,8690.702,8740.457,8786.827,8840.133,8872.135,8903.19,8941.347,8962.556,8981.491,8993.043
1118.3502197265625,1118.8558,1118.1305,1118.805,1119.8506,1120.0066,1121.5057,1124.2903,1126.1592,1127.5249,1129.3821,1130.9982,1134.2211,1134.996
8405.95703125,8433.481,8469.495,8505.696,8548.254,8597.318,8643.083,8695.564,8727.194,8757.797,8795.304,8816.203,8834.678,8846.06
11197.8359375,11245.763,11289.299,11325.7,11372.62,11460.516,11510.705,11590.986,11649.477,11694.019,11727.951,11740.573,11770.39,11780.999
1141.3037109375,1143.2688,1145.7021,1148.6108,1152.2526,1155.8138,1158.8219,1162.7095,1166.6918,1169.0848,1171.828,1173.9279,1176.2738,1176.4061
12809.1015625,12814.651,12805.564,12811.829,12822.888,12822.907,12838.867,12868.658,12888.155,12902.899,12922.828,12940.272,12976.457,12985.099
1306.9364013671875,1309.0659,1311.6996,1314.8964,1318.9017,1322.7123,1326.0051,1330.2853,1334.7363,1337.4474,1340.4788,1342.8057,1345.5167,1345.7302
12836.259765625,12891.0625,12941.316,12985.365,13038.307,13138.891,13196.204,13286.884,13353.991,13404.969,13444.675,13460.185,13491.825,13499.685
1096.7388916015625,1098.4752,1100.7423,1104.0148,1107.4167,1111.4542,1114.5643,1119.2648,1123.0693,1126.0487,1129.1285,1131.4839,1133.8794,1134.3826
1339.0797119140625,1343.3772,1347.6041,1351.287,1356.0345,1362.2015,1366.0581,1370.1735,1375.7114,1377.4751,1381.0259,1382.578,1383.8478,1381.9196
1186.8272705078125,1190.7117,1194.5219,1197.8634,1202.031,1207.6853,1211.1617,1214.9031,1219.8208,1221.453,1224.6113,1225.968,1227.0066,1225.2473
12376.3876953125,12394.932,12419.151,12455.087,12492.076,12535.473,12569.301,12620.999,12663.482,12696.749,12730.465,12756.539,12784.187,12790.03
1358.9786376953125,1363.3336,1367.6113,1371.3324,1376.1489,1382.3899,1386.2869,1390.4396,1396.0559,1397.8408,1401.4342,1403.0049,1404.3138,1402.3862
1287.7816162109375,1289.8977,1292.5145,1295.6821,1299.656,1303.4507,1306.7184,1310.9664,1315.3514,1318.0394,1321.033,1323.352,1326.0294,1326.2191
8807.384765625,8832.53,8884.866,8850.658,8829.898,8867.908,8874.049,8870.247,8941.589,8974.92,8942.466,8929.894,8955.623,8972.874
10434.8251953125,10458.8955,10509.556,10477.089,10454.138,10489.403,10495.281,10489.963,10558.816,10591.004,10558.816,10545.382,10567.772,10581.207
10652.521484375,10684.697,10751.665,10707.519,10680.581,10728.844,10736.7,10731.463,10823.123,10865.399,10823.498,10806.662,10838.837,10860.536
12362.2294921875,12397.118,12463.451,12416.932,12408.317,12459.574,12455.267,12468.188,12551.319,12591.378,12544.428,12535.383,12553.904,12583.193
11774.2236328125,11796.619,11843.811,11814.482,11787.288,11820.882,11828.347,11819.549,11889.136,11919.797,11887.536,11873.938,11896.334,11907.532
13230.51171875,13276.62,13372.965,13303.459,13278.685,13362.643,13353.695,13380.535,13515.417,13584.235,13502.342,13494.772,13527.805,13591.805
10854.26171875,10886.218,10953.103,10909.256,10881.016,10929.321,10937.125,10931.551,11023.332,11065.692,11023.332,11006.982,11039.31,11060.118
11555.1337890625,11577.89,11626.111,11595.77,11569.221,11603.626,11610.67,11602.542,11672.437,11703.591,11671.082,11657.266,11680.022,11691.671
8599.248046875,8624.431,8676.844,8642.585,8622.674,8660.739,8666.303,8663.375,8733.942,8767.323,8734.821,8722.23,8747.998,8765.273
9622.154296875,9654.248,9720.674,9676.639,9654.621,9702.389,9707.612,9706.493,9793.817,9835.613,9794.563,9779.264,9809.118,9831.882
12987.0224609375,13033.171,13129.601,13060.033,13036.615,13121.335,13111.004,13139.243,13272.867,13341.057,13259.78,13252.893,13285.265,13350.011
11741.9853515625,11787.638,11877.6,11811.807,11794.352,11878.271,11864.844,11897.069,12019.928,12085.05,12007.172,12003.815,12033.355,12098.478
10963.244140625,10993.379,11054.412,11012.07,10998.72,11046.02,11044.112,11053.268,11131.465,11170.755,11128.032,11117.352,11138.331,11166.178
11142.94921875,11174.066,11239.846,11194.942,11175.643,11224.878,11226.06,11231.574,11317.836,11360.77,11315.473,11302.868,11328.471,11357.225
12334.6533203125,12365.036,12430.863,12386.459,12359.972,12409.051,12413.336,12413.336,12504.092,12548.107,12501.755,12487.343,12514.609,12541.485
12295.6943359375,12331.94,12401.339,12352.273,12340.781,12393.383,12389.846,12400.896,12488.861,12531.296,12482.23,12471.622,12492.397,12521.571
12360.009765625,12388.957,12449.821,12407.884,12386.359,12431.636,12433.491,12436.461,12519.592,12560.416,12515.881,12503.263,12525.901,12551.138
10914.2021484375,10950.385,11016.496,10969.593,10965.572,11019.176,11012.476,11029.003,11110.749,11149.611,11102.262,11095.562,11112.982,11143.805
12568.4404296875,12598.497,12663.621,12619.691,12591.946,12640.115,12645.124,12643.969,12734.91,12778.84,12732.599,12717.569,12745.314,12771.133
12130.6044921875,12159.903,12222.257,12179.436,12159.527,12205.354,12206.48,12210.612,12293.25,12334.193,12289.869,12277.098,12300.012,12325.93
12069.1005859375,12106.1,12175.194,12126.6045,12116.352,12169.398,12165.387,12177.868,12264.794,12307.143,12258.107,12247.8545,12267.914,12297.781
11785.962890625,11807.388,11853.043,11824.731,11799.736,11832.128,11839.015,11831.363,11897.168,11926.5,11896.658,11883.65,11905.585,11916.553
10292.2119140625,10314.918,10362.971,10332.08,10311.485,10345.017,10350.562,10345.809,10410.23,10440.594,10410.759,10398.086,10419.472,10432.673
11540.8759765625,11562.86,11609.415,11579.931,11555.618,11588.724,11595.448,11588.207,11654.159,11684.161,11653.9,11640.969,11662.953,11674.333
7543.86474609375,7568.239,7618.6875,7585.244,7569.6562,7606.2173,7609.9014,7609.9014,7675.371,7707.1143,7676.2217,7664.885,7688.125,7705.9805
11605.3984375,11644.353,11725.211,11666.78,11646.713,11719.899,11709.865,11735.835,11849.156,11907.587,11837.942,11833.221,11860.96,11917.621
11367.0048828125,11405.894,11486.028,11428.284,11409.429,11482.493,11472.477,11498.402,11609.767,11668.1,11599.16,11595.036,11622.141,11679.295
11472.08203125,11498.551,11555.899,11517.214,11494.817,11537.575,11540.968,11541.646,11620.374,11659.059,11619.017,11606.121,11630.554,11654.308
11937.52734375,11964.485,12020.82,11982.111,11964.14,12006.649,12007.341,12011.488,12087.178,12125.194,12084.412,12073.007,12094.09,12118.628
12108.283203125,12143.385,12209.255,12162.887,12155.952,12207.521,12202.321,12216.622,12298.526,12337.962,12291.159,12283.359,12301.127,12331.028
11234.1484375,11260.843,11318.337,11279.323,11258.447,11301.226,11304.306,11306.017,11384.045,11422.717,11382.676,11370.355,11394.654,11418.609
10147.58984375,10184.974,10259.175,10205.365,10191.204,10262.007,10249.546,10278.433,10379.822,10435.332,10369.627,10367.928,10392.85,10449.492
10020.966796875,10047.957,10104.33,10066.065,10050.69,10093.739,10094.081,10100.23,10173.345,10210.585,10171.978,10161.387,10183.936,10209.56
10432.6357421875,10460.281,10515.572,10477.428,10466.93,10510.322,10507.873,10517.672,10587.66,10623.3545,10584.161,10576.112,10594.309,10620.904
10811.9755859375,10845.829,10907.963,10864.255,10862.112,10913.963,10906.249,10923.818,11000.094,11036.089,10991.095,10986.382,11001.38,11032.232
11690.4873046875,11717.71,11774.6,11735.51,11719.106,11762.035,11762.035,11767.2705,11842.657,11880.002,11839.865,11828.697,11849.289,11874.767
5172.216796875,5215.5728,5261.0625,5279.371,5331.263,5391.523,5429.9087,5476.248,5515.7217,5537.175,5567.979,5557.5894,5580.2217,5583.3105
5224.888671875,5269.1924,5314.958,5334.1865,5386.249,5446.802,5485.708,5532.4297,5572.348,5594.022,5624.973,5615.0215,5637.061,5639.366
791.798828125,798.2834,805.0468,807.5744,815.3488,824.6224,830.2179,837.23846,843.1238,846.4859,851.01373,849.38824,853.0184,853.74176
856.0478515625,862.26666,868.6635,872.66327,878.8136,887.40125,892.3538,898.4973,904.0586,906.92145,911.00336,910.97595,912.0855,910.48285
966.1534423828125,968.9233,973.81476,972.1646,974.40405,985.89606,986.4854,994.88336,1000.01056,1007.43616,1004.46,1006.69946,1011.82666,1020.2394
825.5353393554688,831.72437,837.9682,841.8706,847.90216,856.3877,861.26953,867.3525,872.8158,875.70496,879.6758,879.5936,880.7712,879.2787
861.8099975585938,868.0141,874.42316,878.4408,884.60394,893.2016,898.16003,904.3026,909.8713,912.741,916.82697,916.82697,917.90656,916.294
786.173828125,792.6271,799.3594,801.8186,809.52765,818.79767,824.33527,831.31177,837.1459,840.512,845.0032,843.3549,847.03503,847.83734
959.5192260742188,962.3457,967.2332,965.5844,967.8221,979.30475,979.8936,988.2259,993.37836,1000.7979,997.8242,1000.0618,1005.15546,1013.57605
903.4011840820312,906.9376,909.59985,910.8714,913.45416,922.2952,923.7058,929.07007,932.6164,936.01373,936.0237,936.8978,939.3217,941.68097
918.130615234375,924.39844,929.8342,933.49506,939.1527,949.1091,954.1519,961.4343,967.51025,971.55475,974.9475,974.9198,977.3141,977.40656
912.33349609375,918.34204,923.18823,927.21185,931.65564,941.3972,945.83325,952.38165,958.0773,961.7879,964.6312,964.98,966.42847,965.5075
924.4749755859375,927.381,932.26306,930.5195,932.6118,943.94525,944.5264,952.7214,957.8069,965.2172,962.19495,964.3454,969.40186,977.80023
897.1548461914062,900.6547,903.3989,904.59204,907.1573,916.0064,917.4183,922.7675,926.327,929.7374,929.7374,930.6025,933.05835,935.4844
926.0465698242188,932.57355,939.54425,943.89557,950.54425,959.6835,965.0582,971.5995,977.5611,980.5383,985.0185,985.133,986.2208,984.4459
884.5372924804688,890.60864,895.85205,899.23724,904.7198,914.5351,919.3967,926.5443,932.41785,936.41943,939.6298,939.53784,942.1136,942.5827
856.4364013671875,862.4,867.7515,871.02185,876.7581,886.1233,891.0638,898.0651,903.87854,907.65173,911.07074,910.8084,913.38794,913.764
918.2718505859375,924.8134,931.78534,936.089,942.7596,951.85645,957.2378,963.77576,969.7148,972.71295,977.1601,977.2318,978.3651,976.6436
4895.576171875,4935.701,4979.133,4993.6836,5044.06,5102.263,5137.7583,5181.7686,5218.561,5239.3657,5268.853,5257.1406,5281.778,5287.7856
864.2562255859375,867.6951,870.5016,871.4898,873.96027,882.7551,884.07935,889.37604,892.92365,896.3922,896.2736,897.1432,899.6532,902.33124
873.2914428710938,879.15845,883.795,887.53986,891.81976,901.43616,905.716,912.1503,917.6551,921.3242,923.9813,924.2666,925.9162,925.39905
877.0325317382812,883.5205,890.33716,894.42426,901.0694,909.93384,915.2493,921.7123,927.5071,930.47955,934.8382,934.6953,936.01,934.49524
908.946044921875,911.6607,916.33,914.9184,917.36163,928.11194,928.872,936.8533,941.60406,948.52655,946.1648,948.1194,953.0873,960.7021
906.1608276367188,912.16,916.97723,920.9528,925.3671,935.1091,939.5234,946.062,951.73663,955.4436,958.2551,958.5954,960.0817,959.23114
900.7085571289062,903.36475,908.1351,906.56305,908.9482,919.6814,920.3861,928.3276,933.0979,940.09076,937.59717,939.5487,944.5358,952.30115
906.4507446289062,912.7834,918.4634,922.4146,928.19165,937.9111,943.1247,950.32056,956.48566,960.3664,964.04425,964.09717,966.09045,965.59656
858.64111328125,861.1947,866.14233,864.17395,866.30194,876.6227,877.15466,884.8155,889.63007,896.75885,893.91266,895.8013,900.8286,908.75543
898.4417724609375,904.7267,910.35834,914.1893,919.97986,929.65875,934.84467,942.02106,948.14703,952.0133,955.6501,955.64124,957.75977,957.4243
974.82177734375,978.86273,981.88306,983.54944,986.6531,996.17224,998.00525,1003.91046,1007.85767,1011.44037,1011.90906,1012.6901,1015.3355,1017.41846
966.0968017578125,970.01465,973.09894,974.6202,977.70447,987.18646,988.93695,994.82416,998.73157,1002.3785,1002.7536,1003.56635,1006.27026,1008.5418
920.5818481445312,924.2511,927.4668,928.41504,931.32153,940.49457,941.9169,947.7299,951.46094,955.3363,955.3466,956.233,959.1807,962.10785
894.500244140625,900.6017,905.6295,909.4764,914.31635,924.03656,928.6305,935.3715,941.133,944.86804,947.8919,948.0798,949.869,949.27856
945.995849609375,952.4511,957.89667,962.33246,967.19196,977.2942,982.15765,989.02826,995.159,998.9637,1002.2905,1002.6872,1003.9494,1002.5069
937.7894897460938,944.1969,949.5574,953.90717,958.77136,968.82007,973.638,980.5022,986.56665,990.37494,993.6508,993.9938,995.38354,994.10205
16875.2265625,16883.87,16872.05,16870.354,16869.467,16869.172,16877.96,16877.887,16872.863,16889.336,16887.34,16892.363,16905.14,16902.926
16650.80859375,16659.088,16647.686,16646.234,16645.58,16645.725,16654.586,16654.877,16650.229,16666.352,16664.754,16669.691,16682.328,16680.15
12238.89453125,12269.372,12271.456,12276.666,12261.817,12255.306,12286.304,12270.675,12247.751,12253.222,12261.817,12256.868,12256.607,12236.289
13080.884765625,13125.714,13162.631,13192.599,13242.377,13294.694,13323.9,13356.789,13402.885,13428.535,13452.154,13473.233,13478.567,13467.9
11472.861328125,11500.14,11501.785,11506.488,11492.85,11487.206,11515.189,11500.609,11480.151,11485.324,11492.614,11488.382,11487.676,11469.805
12117.6171875,12147.34,12149.391,12154.515,12139.653,12133.504,12163.995,12148.621,12126.073,12131.454,12139.909,12135.041,12134.528,12114.799
13809.8203125,13855.244,13892.323,13922.517,13975.542,14027.266,14057.101,14090.714,14138.269,14165.628,14189.601,14212.791,14219.826,14211.228
13001.072265625,13011.895,13020.257,13025.668,13024.356,13021.404,13034.194,13010.582,13022.717,13038.458,13051.575,13035.834,13060.758,13069.612
12869.9951171875,12879.871,12887.643,12892.985,12891.204,12889.1,12902.052,12878.09,12889.747,12907.232,12920.509,12905.613,12931.194,12940.585
13549.5224609375,13581.353,13580.195,13584.825,13567.463,13560.519,13590.612,13572.961,13549.8125,13553.863,13561.387,13555.0205,13554.731,13533.318
12375.8369140625,12389.298,12384.683,12391.028,12379.49,12373.337,12393.144,12380.26,12365.645,12366.991,12370.26,12370.452,12365.452,12359.876
1307.2335205078125,1308.7556,1308.2969,1309.0892,1307.859,1307.2126,1309.5063,1308.1718,1306.462,1306.6497,1307.1709,1307.1918,1306.7748,1306.1075
13947.1728515625,13992.6455,14029.685,14059.883,14113.604,14165.1,14195.199,14228.964,14276.6,14304.344,14328.423,14351.9795,14359.569,14351.194
1320.359130859375,1321.9269,1321.4608,1322.2659,1321.0159,1320.3591,1322.7319,1321.376,1319.6176,1319.8082,1320.3591,1320.4015,1319.9989,1319.321
13026.919921875,13036.803,13028.105,13044.709,13043.918,13026.327,13056.766,13040.163,13028.699,13042.93,13055.777,13058.742,13076.135,13086.413
12176.419921875,12183.249,12181.58,12188.713,12189.319,12179.304,12202.067,12182.339,12183.704,12203.433,12214.359,12209.655,12231.356,12241.9795
12897.2412109375,12906.768,12898.408,12914.545,12913.768,12896.658,12926.21,12910.073,12898.797,12912.989,12925.433,12928.543,12946.041,12956.151
12211.0625,12219.11,12211.0625,12225.906,12225.369,12209.632,12236.637,12221.256,12211.957,12225.369,12236.994,12239.14,12255.593,12266.323
10585.0,10590.847,10584.019,10582.567,10580.988,10580.689,10585.384,10581.97,10577.445,10586.494,10582.439,10585.384,10588.884,10586.195
11298.001953125,11305.615,11297.955,11295.573,11292.631,11290.343,11295.526,11290.389,11284.551,11294.732,11289.269,11292.164,11296.04,11292.304
13659.4716796875,13710.831,13753.832,13786.704,13850.473,13909.646,13945.19,13984.957,14042.7,14073.478,14101.532,14131.493,14144.84,14139.937
12628.8779296875,12678.238,12719.935,12752.107,12810.603,12869.129,12903.1455,12940.654,12995.366,13023.304,13050.724,13077.627,13087.975,13080.99
12676.8369140625,12705.873,12704.554,12708.513,12692.411,12686.34,12713.265,12697.162,12676.309,12679.74,12686.34,12680.796,12680.269,12661.263
12455.0927734375,12468.225,12460.548,12462.366,12447.214,12439.537,12453.881,12439.941,12426.608,12426.002,12424.588,12422.77,12417.113,12411.254
13505.228515625,13511.918,13500.828,13513.15,13511.565,13496.955,13520.72,13508.573,13496.251,13501.355,13506.461,13510.861,13504.7,13511.038
13479.84765625,13495.076,13487.237,13490.821,13474.473,13466.858,13484.774,13469.993,13453.869,13453.421,13454.316,13452.077,13446.702,13439.76
14625.759765625,14634.209,14623.647,14638.625,14639.394,14620.383,14651.107,14633.633,14626.336,14641.313,14653.411,14654.372,14669.158,14681.447
13892.841796875,13905.854,13895.878,13911.708,13903.251,13890.673,13918.864,13905.637,13888.505,13885.252,13895.661,13901.082,13897.3955,13895.444
14445.15234375,14453.672,14441.935,14457.27,14457.837,14438.716,14468.818,14452.915,14444.3955,14457.459,14468.439,14470.9,14481.313,14493.051
13313.8623046875,13328.837,13321.13,13324.433,13308.137,13300.65,13317.826,13303.072,13287.657,13287.217,13287.657,13285.455,13280.17,13273.344
14065.421875,14078.879,14068.511,14084.836,14076.231,14063.216,14092.337,14078.658,14061.23,14058.142,14068.951,14074.246,14070.717,14068.511
12997.4755859375,13008.792,12999.659,13013.755,13005.615,12994.497,13019.711,13007.203,12992.115,12988.541,12997.674,13002.042,12997.674,12995.887
9821.5029296875,9863.179,9916.045,9958.406,10013.155,10078.867,10134.93,10196.702,10237.465,10270.691,10315.107,10333.834,10350.504,10359.41
10759.36328125,10768.0625,10768.605,10783.314,10794.443,10808.208,10827.527,10858.333,10883.933,10900.984,10921.984,10939.6875,10966.241,10972.402
10613.365234375,10622.044,10622.943,10637.836,10649.107,10663.221,10682.515,10713.351,10738.808,10755.907,10776.907,10794.479,10820.621,10826.621
12260.86328125,12312.228,12353.664,12381.937,12423.805,12525.994,12574.984,12660.017,12720.958,12767.332,12793.985,12805.801,12844.648,12873.46
9956.201171875,9998.129,10051.723,10094.574,10149.958,10216.488,10273.258,10335.861,10376.98,10410.592,10455.522,10474.696,10491.56,10500.569
878.4326171875,882.2228,887.0458,890.8308,895.78284,901.72894,906.7817,912.3379,916.0455,919.01984,923.0166,924.6277,926.11487,926.8791
9491.048828125,9499.647,9502.404,9517.75,9529.423,9545.048,9563.536,9592.839,9616.706,9633.362,9653.258,9669.528,9692.277,9697.058
11575.5302734375,11602.946,11636.663,11674.774,11718.205,11771.973,11811.991,11864.059,11909.162,11939.01,11974.163,11999.147,12019.93,12021.92
12093.443359375,12143.994,12184.732,12212.461,12253.626,12354.513,12402.717,12486.781,12546.85,12592.547,12618.729,12630.353,12668.905,12697.807
11419.060546875,11446.28,11479.841,11517.527,11560.448,11613.809,11653.436,11704.924,11749.525,11779.041,11813.804,11838.509,11858.842,11861.028
1080.536376953125,1085.0087,1088.6327,1090.8882,1094.5701,1103.6495,1107.8616,1115.423,1120.739,1124.8447,1127.0905,1128.1025,1131.7362,1134.6857
11399.01171875,11443.364,11480.759,11513.962,11545.299,11605.722,11638.659,11672.618,11718.616,11732.473,11762.003,11768.591,11770.635,11746.329
11245.005859375,11288.885,11325.797,11358.71,11389.508,11449.343,11481.984,11515.694,11560.978,11574.799,11604.014,11610.306,11612.328,11588.282
1021.297607421875,1023.8275,1026.9268,1030.3564,1034.2504,1039.1752,1042.8042,1047.4976,1051.5375,1054.201,1057.3696,1059.5677,1061.3501,1061.5085
11384.8984375,11415.737,11449.355,11480.583,11526.528,11572.737,11609.384,11649.936,11697.495,11718.522,11749.762,11771.189,11792.216,11789.8125
1005.7984008789062,1009.77234,1013.1053,1016.0918,1018.7725,1024.243,1027.2108,1030.2858,1034.3414,1035.6184,1038.2338,1038.7854,1038.9489,1036.7627
11231.2109375,11261.765,11295.116,11326.038,11371.45,11417.404,11453.652,11493.862,11540.807,11561.6045,11592.505,11613.897,11634.3,11631.725
1004.7155151367188,1007.5249,1010.5928,1013.42944,1017.4994,1021.7787,1025.087,1028.746,1032.9893,1034.8593,1037.6821,1039.5701,1041.3141,1041.0264
669.5675048828125,670.34033,671.88586,670.80396,670.2888,671.5355,671.51495,671.79315,674.0393,674.99756,673.8539,673.7302,674.3691,675.19336
701.6900634765625,702.4975,704.1124,702.982,702.45447,703.75714,703.72485,704.0155,706.3625,707.3745,706.1795,706.0503,706.7285,707.57904
953.9829711914062,953.7651,953.0357,952.0021,951.57965,950.61365,949.7677,948.18097,947.11334,945.9086,944.8459,944.01825,943.1123,942.1279
778.98291015625,778.8055,778.21106,777.3675,777.0216,776.2349,775.54614,774.24866,773.37494,772.3953,771.52765,770.8479,770.1122,769.3085
890.68994140625,891.47736,891.671,890.961,890.5737,893.6074,892.5876,893.65906,894.82086,894.4336,892.0841,892.2003,891.4903,893.3621
1044.76904296875,1045.6926,1045.9197,1045.0869,1044.6327,1048.1909,1046.9948,1048.2515,1049.6143,1049.16,1046.4194,1046.5405,1045.7078,1047.9033
913.7217407226562,913.5142,912.81775,911.8276,911.42365,910.5021,909.6919,908.1723,907.1499,905.99615,904.9831,904.1858,903.3228,902.3848
970.856201171875,971.9898,972.06995,971.4602,970.9442,971.90674,971.6348,971.42444,970.6072,969.7598,968.86993,968.12604,967.3753,966.5223
1026.396240234375,1026.7671,1026.508,1026.1453,1026.1234,1027.2227,1026.7454,1026.8762,1026.6716,1026.0743,1025.3624,1025.117,1024.6969,1024.795
1012.9390258789062,1015.1541,1015.7098,1015.0219,1014.26685,1016.8104,1016.6892,1016.4132,1015.47266,1013.7172,1012.79816,1011.3618,1009.9763,1008.11505
970.0629272460938,972.183,972.71704,972.0575,971.3368,973.77167,973.6567,973.39294,972.4934,970.8149,969.9347,968.55914,967.2322,965.4497
827.4364013671875,828.40375,828.4708,827.94995,827.5114,828.3293,828.09753,827.917,827.22107,826.49896,825.7405,825.1059,824.46606,823.739
826.5737915039062,828.3833,828.837,828.2766,827.6611,829.73584,829.6378,829.41315,828.6463,827.2145,826.4645,825.2924,824.16364,822.64105
837.8051147460938,838.1079,837.89417,837.6002,837.58466,838.4798,838.0901,838.197,838.0322,837.54456,836.9634,836.76294,836.42004,836.5002
983.0191650390625,983.3771,983.1263,982.7815,982.76056,983.8133,983.35876,983.48413,983.28827,982.7188,982.0318,981.8019,981.3944,981.48846
862.3626098632812,861.9391,861.5414,861.08563,861.12,860.9265,860.5052,860.41486,859.95483,859.33997,858.7896,858.6778,858.5015,858.09735
1013.6923217773438,1014.8744,1014.95807,1014.32,1013.7828,1014.78625,1014.5008,1014.28265,1013.4286,1012.5428,1011.614,1010.835,1010.0505,1009.1613
840.6030883789062,841.53656,843.18896,842.0409,841.94434,843.2211,843.1353,843.5001,845.60315,846.44006,845.3993,845.2705,845.75336,846.3757
716.62109375,717.41693,718.8165,717.84686,717.7645,718.844,718.7708,719.09094,720.8839,721.5975,720.701,720.60034,721.00287,721.54254
1056.285400390625,1055.7551,1055.2406,1054.6425,1054.666,1054.3212,1053.7675,1053.5325,1052.8846,1052.0697,1051.3593,1051.1503,1050.8787,1050.3197
551.7891235351562,552.4428,553.72437,552.82983,552.38257,553.42334,553.4061,553.63837,555.522,556.3219,555.3672,555.2554,555.79724,556.4853
1013.6835327148438,1013.1764,1012.68677,1012.1219,1012.15204,1011.8407,1011.3135,1011.1176,1010.5101,1009.73676,1009.0689,1008.8831,1008.6321,1008.10986
1053.3299560546875,1054.1024,1054.8413,1053.5651,1052.6246,1056.5208,1054.9757,1057.1421,1059.745,1060.5007,1056.6719,1057.6459,1057.2764,1061.2228
1010.8204345703125,1011.53046,1012.30505,1011.0463,1010.14264,1013.90265,1012.43414,1014.49976,1017.0172,1017.7595,1014.0802,1015.0323,1014.6934,1018.4857
877.6241455078125,878.59875,880.3128,879.1253,879.0133,880.34644,880.25684,880.6377,882.8335,883.70734,882.60944,882.4974,882.9903,883.6401
859.5780029296875,860.2405,860.93066,859.8264,859.0259,862.2557,861.0134,862.8078,865.0714,865.7892,862.587,863.44275,863.15283,866.4793
1121.9383544921875,1123.2333,1122.9943,1122.3274,1122.1774,1124.7894,1124.0891,1124.1335,1123.9613,1122.3997,1121.2047,1120.4377,1119.4374,1119.2708
1032.8055419921875,1032.76,1032.8835,1032.3439,1032.2137,1033.5793,1033.0006,1033.8655,1034.6914,1034.815,1033.4753,1033.885,1033.794,1035.0035
915.471435546875,916.43536,916.1978,915.6724,915.58105,917.6414,917.02014,917.0658,916.9744,915.72723,914.6948,914.11005,913.27856,913.21466
1080.474609375,1080.5143,1079.8575,1079.1936,1079.2008,1080.1173,1079.1394,1079.2333,1078.7966,1077.9811,1076.7614,1076.5521,1076.0107,1076.4077
842.6764526367188,842.66565,842.8595,842.37494,842.2565,843.40875,842.95105,843.6995,844.5126,844.6795,843.53796,843.89874,843.8503,844.87335
1076.571044921875,1077.8047,1077.5643,1076.9235,1076.7899,1079.2786,1078.595,1078.6377,1078.4829,1076.9822,1075.834,1075.097,1074.1357,1073.9863
881.6217041015625,881.6247,881.1065,880.5943,880.6062,881.3954,880.6033,880.72235,880.43945,879.8022,878.79565,878.6586,878.212,878.58716
991.0330200195312,990.9955,991.1332,990.6138,990.4761,991.80273,991.2521,992.0906,992.91034,993.05426,991.7527,992.15314,992.07806,993.242
12586.7431640625,12590.531,12585.917,12592.94,12609.467,12615.871,12631.123,12659.751,12676.049,12686.33,12706.678,12720.295,12751.453,12759.234
12449.1962890625,12452.935,12448.38,12455.382,12471.697,12478.088,12493.1455,12521.459,12537.554,12547.742,12567.822,12581.316,12612.077,12619.827
12508.6181640625,12515.615,12505.619,12499.894,12500.075,12483.081,12492.487,12502.166,12496.577,12506.527,12511.617,12517.706,12546.423,12546.06
12401.5078125,12408.433,12398.36,12392.694,12392.965,12376.013,12385.365,12394.942,12389.412,12399.26,12404.206,12410.231,12438.739,12438.379
14139.236328125,14133.365,14133.645,14122.74,14097.857,14126.096,14112.676,14138.397,14168.594,14179.498,14141.753,14157.41,14163.002,14206.898
14261.7333984375,14255.818,14256.1,14245.115,14219.766,14248.213,14234.693,14260.889,14291.026,14302.012,14263.986,14279.76,14285.675,14330.037
11171.7119140625,11176.392,11167.552,11162.463,11165.212,11151.209,11158.192,11167.366,11165.36,11172.641,11177.283,11183.374,11208.26,11209.597
13448.2568359375,13445.746,13432.453,13425.265,13428.02,13415.41,13416.93,13424.865,13423.573,13425.965,13428.7,13435.757,13456.08,13466.65
12024.091796875,12020.586,12007.688,12000.673,12001.11,11991.195,11990.59,11997.588,11996.299,11995.996,11997.353,12003.421,12021.736,12032.841
13333.44921875,13330.888,13317.655,13310.415,13313.075,13300.513,13301.934,13309.69,13308.302,13310.556,13313.166,13320.132,13340.245,13350.778
12727.9990234375,12725.283,12729.357,12717.408,12695.139,12724.197,12710.89,12735.061,12767.379,12779.464,12741.85,12755.7,12760.046,12801.869
11841.4638671875,11838.864,11829.386,11819.741,11819.83,11812.651,11804.152,11792.324,11784.873,11771.444,11761.443,11756.174,11752.774,11745.975
13127.48828125,13124.593,13113.9375,13101.466,13099.305,13086.895,13076.108,13061.762,13049.891,13036.658,13023.745,13017.027,13014.364,13007.878
13261.408203125,13261.005,13251.772,13245.542,13241.599,13229.094,13231.604,13229.407,13223.626,13222.326,13221.161,13223.178,13230.932,13232.455
13147.9658203125,13147.389,13138.122,13131.826,13127.836,13115.288,13117.683,13115.377,13109.524,13108.149,13106.819,13108.858,13116.529,13118.126
11837.419921875,11831.827,11819.474,11806.047,11798.806,11782.705,11776.076,11766.482,11756.859,11750.871,11742.133,11740.362,11746.05,11750.607
10314.7841796875,10321.942,10325.01,10332.168,10349.722,10361.936,10379.83,10403.746,10418.971,10429.111,10448.767,10454.931,10480.75,10490.308
11458.2265625,11464.24,11462.925,11471.57,11489.611,11500.136,11517.989,11546.055,11562.467,11572.976,11594.291,11605.05,11633.475,11642.058
13777.017578125,13788.823,13777.782,13773.191,13768.381,13750.235,13764.009,13771.552,13760.7295,13772.645,13778.984,13782.701,13812.872,13808.5
11557.1884765625,11563.198,11561.807,11570.601,11588.886,11599.451,11617.483,11645.859,11662.467,11673.08,11694.628,11705.537,11734.277,11742.851
13647.8125,13659.379,13648.461,13643.921,13639.273,13621.112,13634.841,13642.191,13631.49,13643.272,13649.65,13653.218,13682.944,13678.729
13767.076171875,13756.798,13751.048,13742.482,13719.236,13741.504,13730.492,13755.208,13773.928,13782.125,13751.415,13766.953,13775.519,13816.506
10991.0390625,10996.442,10994.681,11002.962,11019.583,11028.511,11045.103,11071.635,11087.346,11097.234,11117.02,11127.855,11154.491,11161.892
12248.1572265625,12256.474,12247.084,12242.345,12240.288,12224.461,12234.654,12242.076,12235.102,12244.849,12249.767,12254.148,12280.527,12278.382
13637.59375,13627.521,13621.817,13613.444,13590.387,13612.474,13601.551,13625.822,13644.512,13652.5205,13622.182,13637.473,13645.847,13686.379
13490.5986328125,13488.953,13477.434,13471.248,13472.326,13458.424,13461.432,13468.837,13465.092,13471.05,13473.462,13480.2705,13499.678,13507.565
12227.9873046875,12221.399,12219.753,12211.047,12189.637,12212.93,12201.637,12224.223,12246.339,12255.632,12224.223,12237.986,12243.751,12282.571
11999.1484375,11997.562,11986.914,11981.026,11982.82,11971.615,11973.369,11979.371,11977.727,11980.566,11982.648,11988.294,12004.599,12012.302
14606.69921875,14597.653,14578.328,14556.403,14542.769,14515.403,14497.15,14473.831,14455.739,14446.987,14427.485,14417.735,14413.976,14414.093
13945.1650390625,13947.533,13939.397,13938.986,13931.159,13921.994,13929.614,13926.525,13919.522,13917.978,13921.17,13921.17,13927.452,13925.495
13000.291015625,12997.193,12985.253,12971.263,12967.623,12952.591,12940.562,12925.496,12912.335,12899.806,12885.438,12878.804,12876.445,12871.675
12519.1826171875,12519.926,12512.496,12509.8545,12504.406,12495.161,12499.371,12497.226,12492.148,12490.952,12491.859,12492.727,12498.464,12498.381
14469.8427734375,14460.989,14441.883,14420.185,14406.772,14379.744,14361.701,14338.605,14320.78,14311.927,14292.588,14283.034,14279.307,14279.307
13269.783203125,13304.016,13285.758,13319.99,13321.36,13264.763,13347.377,13321.816,13272.521,13295.344,13324.555,13340.986,13364.721,13372.023
12255.92578125,12269.817,12261.714,12281.1045,12287.183,12251.295,12301.074,12279.658,12253.031,12279.368,12295.865,12302.232,12332.332,12346.803
12161.30078125,12182.243,12169.355,12190.835,12186.539,12155.932,12203.991,12191.104,12159.69,12166.134,12183.586,12194.325,12201.306,12199.695
12322.947265625,12344.188,12331.117,12352.902,12348.545,12317.501,12366.246,12353.175,12321.041,12327.85,12345.55,12356.442,12363.522,12361.889
12279.6455078125,12310.669,12294.319,12324.923,12327.438,12275.034,12351.335,12327.02,12282.161,12304.381,12331.212,12345.466,12368.943,12377.327
14969.037109375,14994.591,14987.752,14993.151,14997.47,14971.916,14991.352,14982.354,14980.555,14983.073,14970.477,14960.399,14971.196,14981.634
11343.4794921875,11355.126,11349.038,11365.449,11371.802,11339.773,11384.508,11363.861,11340.568,11365.979,11381.331,11385.566,11414.683,11428.977
14783.9970703125,14809.209,14802.463,14807.789,14812.051,14786.838,14806.014,14797.136,14795.36,14797.491,14785.0625,14775.475,14786.128,14796.426
13854.8349609375,13878.894,13871.973,13877.246,13880.541,13857.142,13874.609,13866.699,13864.722,13867.358,13855.494,13846.596,13856.153,13865.381
13780.69921875,13833.383,13838.787,13846.217,13857.023,13823.927,13850.27,13828.655,13830.682,13828.655,13815.146,13790.155,13815.822,13827.9795
14249.8037109375,14278.413,14283.684,14294.224,14315.305,14272.391,14310.787,14273.896,14282.178,14293.471,14288.954,14275.402,14307.022,14334.126
13187.453125,13217.82,13221.2705,13230.242,13249.567,13209.538,13244.736,13212.299,13219.891,13227.482,13220.58,13207.468,13235.764,13260.609
13953.83984375,14006.538,14012.013,14019.541,14030.491,13996.956,14023.647,14001.747,14003.801,14001.747,13988.06,13962.737,13988.744,14001.0625
12913.5078125,12961.893,12966.92,12973.832,12983.887,12953.096,12977.603,12957.494,12959.38,12957.494,12944.299,12921.677,12944.927,12955.609
13420.345703125,13458.3,13441.088,13473.305,13464.037,13417.698,13494.931,13473.746,13420.787,13427.407,13455.211,13471.099,13476.395,13466.244
14073.4609375,14102.436,14106.893,14118.037,14138.097,14096.492,14133.639,14097.234,14105.407,14116.551,14112.094,14098.721,14129.924,14155.927
14001.0322265625,14052.655,14061.007,14073.153,14082.263,14049.619,14073.153,14050.378,14053.415,14055.692,14045.064,14019.252,14051.896,14071.635
11184.7705078125,11203.233,11191.573,11211.007,11207.849,11179.184,11223.153,11211.007,11182.827,11189.872,11205.663,11215.38,11222.668,11222.668
13827.5830078125,13878.526,13886.768,13898.755,13907.745,13875.53,13898.755,13876.279,13879.276,13881.523,13871.035,13845.563,13877.777,13897.256
13122.8955078125,13140.091,13132.419,13137.181,13139.297,13118.134,13134.007,13128.187,13125.806,13129.773,13119.721,13114.694,13121.044,13130.832
13281.76171875,13299.184,13291.411,13296.235,13298.647,13277.206,13293.287,13287.391,13284.71,13288.73,13278.546,13273.453,13280.154,13290.07
12956.6728515625,13003.331,13010.295,13020.74,13030.49,12999.152,13022.133,13000.545,13003.331,13004.724,12993.581,12970.601,12999.849,13017.955
13259.38671875,13296.863,13279.868,13311.68,13302.529,13256.772,13333.033,13312.116,13259.823,13266.795,13293.813,13309.501,13314.73,13305.144
12180.068359375,12196.53,12188.058,12192.173,12193.867,12173.29,12188.058,12183.699,12180.553,12184.91,12175.711,12170.869,12176.4375,12184.91
13155.56640625,13163.364,13163.364,13178.311,13193.906,13158.165,13197.155,13164.014,13158.815,13181.56,13188.058,13187.408,13217.95,13247.843
12998.0380859375,13005.736,13006.378,13021.135,13035.891,13001.246,13039.099,13007.02,13001.246,13023.701,13030.116,13030.116,13059.629,13089.141
12061.0712890625,12069.886,12070.474,12083.402,12097.506,12065.772,12099.856,12069.886,12066.947,12085.752,12091.041,12089.278,12115.723,12142.167
13691.224609375,13720.994,13723.763,13732.763,13752.84,13711.994,13749.379,13715.455,13723.07,13730.687,13722.378,13710.609,13738.302,13761.84
13009.6435546875,13053.702,13057.181,13063.558,13072.833,13043.268,13067.035,13048.484,13049.645,13048.484,13035.151,13016.0205,13036.891,13048.484
14190.47265625,14237.825,14242.944,14249.983,14260.222,14228.227,14253.822,14233.346,14234.626,14233.346,14219.269,14198.151,14221.828,14233.986
14020.7705078125,14067.525,14072.58,14079.53,14089.64,14058.048,14083.321,14063.103,14064.366,14063.103,14049.203,14028.353,14051.73,14063.734
13527.09375,13557.168,13559.902,13568.104,13588.609,13547.599,13584.508,13551.017,13559.219,13566.054,13557.852,13546.231,13573.572,13596.811
12551.90234375,12582.606,12583.859,12590.126,12608.925,12570.701,12604.539,12575.087,12581.98,12586.993,12576.34,12565.061,12590.126,12612.059
11703.3359375,11719.015,11734.054,11742.8,11758.265,11763.385,11788.662,11805.194,11824.073,11852.551,11867.056,11875.375,11908.013,11919.318
11092.55859375,11107.552,11122.038,11130.548,11145.54,11150.909,11175.02,11191.025,11209.665,11236.713,11250.692,11258.999,11289.998,11300.736
14265.5712890625,14279.109,14268.955,14281.044,14291.682,14256.384,14298.45,14270.406,14278.626,14275.725,14268.955,14273.308,14285.879,14306.187
14891.30078125,14905.965,14895.852,14907.988,14919.112,14882.704,14926.192,14896.357,14906.471,14903.437,14894.335,14898.886,14912.539,14932.766
1367.7701416015625,1369.1791,1370.2059,1370.8148,1371.8179,1371.5193,1373.9551,1374.8506,1375.7341,1378.1937,1379.2445,1379.3162,1382.4205,1383.2324
1698.15380859375,1705.2362,1709.1709,1710.5597,1719.6326,1722.896,1725.6967,1729.4692,1736.7368,1741.0419,1744.3285,1747.1522,1752.4293,1753.5403
1309.9951171875,1311.37,1312.3898,1312.997,1313.9938,1313.7532,1316.1133,1317.007,1317.9465,1320.3296,1321.3837,1321.4753,1324.4772,1325.2792
1626.653076171875,1633.4835,1637.293,1638.6257,1647.3777,1650.5541,1653.2863,1656.907,1663.9706,1668.1022,1671.3009,1674.0109,1679.1198,1680.186
1276.0667724609375,1281.6085,1284.7715,1285.9169,1293.0532,1295.7844,1297.987,1301.0354,1306.9912,1310.2687,1312.8766,1315.1674,1319.2201,1320.0659
11194.923828125,11204.317,11190.791,11206.195,11212.583,11182.9,11215.589,11199.809,11197.93,11195.3,11196.051,11199.809,11209.577,11227.236
1537.9918212890625,1538.5927,1536.3396,1538.793,1539.1936,1535.6385,1539.5941,1538.2922,1537.7415,1537.0405,1538.1421,1537.7415,1539.5941,1541.647
1206.1488037109375,1206.5999,1204.8934,1206.8352,1206.796,1204.305,1207.306,1206.443,1205.835,1205.0504,1206.2272,1205.8546,1207.1884,1208.3651
1605.609619140625,1606.237,1603.9885,1606.4985,1607.0215,1603.2303,1607.3352,1605.9233,1605.4528,1604.773,1605.8187,1605.4004,1607.3352,1609.6361
1558.9642333984375,1560.9515,1561.396,1561.9452,1564.4554,1563.2787,1565.3184,1564.56,1564.7692,1566.1813,1567.8547,1566.9133,1569.9989,1568.953
15798.345703125,15811.166,15784.499,15811.679,15811.679,15773.217,15815.781,15802.448,15792.704,15780.396,15790.141,15796.294,15803.474,15822.961
1493.1929931640625,1495.1221,1495.573,1496.0991,1498.5293,1497.427,1499.3561,1498.6545,1498.905,1500.2579,1501.8613,1500.9595,1503.9156,1502.9386
1171.09814453125,1172.7333,1173.2653,1173.6199,1175.5507,1174.8413,1176.319,1175.9053,1176.1614,1177.2449,1178.5059,1177.8359,1180.1804,1179.3727
1510.728759765625,1513.1991,1512.6765,1513.009,1514.0542,1510.9188,1515.0518,1511.964,1514.2443,1512.9141,1511.1089,1510.8239,1512.2965,1512.3915
1234.001708984375,1234.8777,1232.7474,1234.8777,1234.3601,1231.7322,1234.7981,1233.9221,1233.0063,1231.5928,1232.5883,1233.1257,1233.2054,1234.1212
1576.8394775390625,1579.52,1579.0236,1579.4207,1580.4135,1577.1869,1581.4062,1578.2789,1580.5624,1579.2222,1577.2366,1576.9387,1578.5272,1578.5272
1026.968505859375,1028.1492,1029.139,1029.702,1030.6375,1030.6647,1032.5991,1033.5344,1034.5697,1036.6404,1037.5848,1037.8209,1040.3456,1041.0176
16163.767578125,16171.039,16159.728,16177.504,16172.655,16152.455,16192.048,16181.8125,16173.194,16176.695,16198.781,16186.93,16218.173,16225.176
16523.251953125,16536.678,16509.29,16537.215,16538.826,16497.475,16542.586,16528.086,16518.957,16507.143,16516.271,16522.715,16530.771,16552.252
1185.837646484375,1187.4337,1186.877,1187.4708,1188.473,1186.0603,1189.104,1186.6913,1188.3616,1187.5079,1186.8026,1186.3201,1187.545,1188.2502
12330.6220703125,12386.036,12421.78,12438.306,12509.077,12543.924,12567.096,12602.48,12666.606,12699.297,12727.318,12749.592,12785.516,12789.827
16518.99609375,16590.982,16635.768,16655.248,16747.43,16789.482,16819.416,16863.37,16944.385,16987.625,17023.262,17051.771,17099.762,17106.89
15793.1962890625,15862.265,15905.617,15924.62,16012.918,16053.882,16082.556,16125.111,16202.941,16244.815,16278.951,16306.26,16352.685,16359.057
15447.4150390625,15454.628,15445.098,15461.067,15456.688,15438.4,15475.75,15466.477,15458.234,15463.386,15484.25,15472.917,15503.827,15510.524
1734.1241455078125,1737.2262,1738.515,1738.9946,1742.0518,1741.6322,1743.8801,1743.7902,1744.7793,1746.8174,1748.7955,1748.2561,1752.1525,1751.3433
1611.0789794921875,1611.9008,1610.6423,1612.5427,1613.3903,1610.5911,1614.2891,1612.3373,1612.4657,1613.0306,1614.6486,1613.082,1616.6517,1617.5762
1255.3255615234375,1255.9877,1255.165,1256.4894,1256.9308,1255.165,1258.0344,1256.6699,1256.7101,1257.8539,1259.5193,1258.2551,1261.586,1261.9473
1203.11083984375,1203.837,1203.5344,1204.422,1204.3009,1203.2319,1205.955,1205.5314,1205.1682,1206.2574,1207.7904,1207.0441,1209.8478,1210.4731
1294.60693359375,1297.1643,1298.2458,1298.6289,1301.0398,1300.8821,1302.5945,1302.662,1303.6309,1305.2758,1306.7854,1306.515,1309.5568,1309.016
1685.5771484375,1686.4368,1685.1205,1687.1353,1688.0754,1685.0668,1688.935,1686.8397,1687.0278,1687.4845,1689.0963,1687.4845,1691.0842,1692.105
1657.977783203125,1660.975,1662.2083,1662.6958,1665.65,1665.2772,1667.4283,1667.371,1668.3461,1670.3252,1672.1895,1671.7019,1675.4591,1674.6848
13154.5771484375,13161.829,13144.606,13136.937,13144.1875,13121.91,13134.217,13149.836,13149.278,13162.806,13170.964,13183.724,13224.725,13227.932
12351.6669921875,12358.674,12352.232,12365.455,12391.787,12403.992,12429.307,12474.992,12501.571,12519.548,12551.982,12574.697,12621.202,12632.503
12155.7880859375,12162.903,12156.566,12169.574,12195.646,12207.766,12232.726,12277.823,12304.027,12321.754,12353.747,12376.095,12421.846,12432.964
10908.09765625,10909.936,10897.961,10903.363,10926.254,10928.593,10946.527,10987.31,11006.406,11022.063,11049.034,11069.864,11117.679,11130.989
11120.2255859375,11122.1,11109.773,11115.34,11138.686,11141.015,11159.248,11200.827,11220.289,11236.244,11263.736,11284.952,11333.688,11347.32
13366.4501953125,13373.896,13356.308,13348.507,13355.953,13333.223,13345.741,13361.627,13360.989,13374.748,13383.046,13396.024,13437.655,13440.917
11807.7060546875,11814.124,11798.881,11792.216,11798.942,11779.503,11790.364,11804.064,11804.003,11815.667,11823.011,11834.304,11870.344,11873.182
1091.1292724609375,1091.8228,1091.3373,1092.5856,1094.9832,1096.172,1098.5051,1102.608,1105.0248,1106.6514,1109.5765,1111.5778,1115.6497,1116.6404
15258.197265625,15283.47,15301.748,15320.821,15363.736,15415.553,15460.216,15536.887,15582.703,15619.438,15654.605,15672.725,15723.11,15759.985
1270.676513671875,1270.8505,1269.3959,1269.2435,1270.0459,1269.0098,1269.8912,1271.805,1272.5203,1273.5859,1274.6926,1276.0507,1279.2743,1280.2505
15016.1337890625,15041.031,15059.038,15077.827,15119.948,15171.072,15214.993,15290.427,15335.513,15371.692,15406.219,15424.03,15473.745,15510.15
14380.033203125,14381.835,14364.954,14362.625,14371.842,14359.216,14369.056,14390.566,14397.995,14410.08,14422.276,14437.633,14474.5,14485.809
1346.9190673828125,1349.0515,1350.6436,1352.1078,1355.8323,1360.5093,1364.3119,1371.0715,1375.0438,1378.2682,1381.2357,1382.7852,1387.3982,1390.952
14152.62890625,14154.401,14137.841,14135.578,14144.655,14132.307,14141.971,14163.179,14170.539,14182.397,14194.446,14209.548,14245.858,14256.763
14170.8603515625,14178.882,14169.988,14170.075,14171.252,14168.331,14174.871,14176.702,14185.378,14187.471,14192.484,14198.021,14211.318,14210.185
14175.8046875,14179.819,14166.012,14160.283,14162.536,14148.092,14155.387,14161.018,14161.801,14167.726,14172.377,14179.7705,14201.854,14204.693
13946.4560546875,13954.35,13945.599,13945.727,13946.885,13944.14,13950.574,13952.376,13960.999,13963.016,13967.991,13973.482,13986.524,13985.494
1252.6417236328125,1253.0123,1251.8196,1251.3595,1251.564,1250.3627,1251.0101,1251.5214,1251.6492,1252.1646,1252.6034,1253.2509,1255.172,1255.4276
13951.529296875,13955.622,13941.997,13936.364,13938.578,13924.472,13931.598,13937.183,13938.001,13943.778,13948.496,13955.67,13977.431,13980.224
1252.0,1252.7179,1251.9385,1251.9923,1252.0806,1251.9232,1252.5029,1252.6642,1253.4781,1253.6471,1254.1079,1254.6069,1255.7473,1255.659
13869.8603515625,13886.913,13896.793,13922.44,13958.17,13995.118,14037.413,14109.786,14152.724,14191.093,14229.598,14256.26,14301.6,14330.0205
1546.137939453125,1546.7201,1544.2412,1543.0299,1544.0065,1540.6731,1542.3727,1545.274,1544.6919,1547.1896,1548.4572,1550.4572,1556.8326,1557.9219
1573.077880859375,1573.6705,1571.1467,1569.9231,1570.9172,1567.5188,1569.2443,1572.1984,1571.6151,1574.1581,1575.4487,1577.4753,1583.9761,1585.0659
9599.0966796875,9600.894,9590.74,9595.89,9616.148,9618.82,9634.804,9670.9,9688.135,9701.956,9725.8955,9744.21,9786.088,9797.699
1380.1337890625,1380.6224,1378.436,1377.3678,1378.2787,1375.3512,1376.8378,1379.4133,1378.9578,1381.1359,1382.2704,1384.0426,1389.6741,1390.6514
15535.98828125,15554.034,15563.208,15591.405,15630.13,15669.419,15716.414,15797.247,15845.183,15887.968,15931.053,15961.732,16014.217,16047.302
1540.8057861328125,1540.5365,1538.1954,1537.4507,1538.928,1536.7444,1537.8633,1541.0226,1541.4736,1543.3408,1544.7954,1546.8794,1552.1104,1554.0546
1677.468994140625,1678.1488,1676.7288,1676.1311,1676.3779,1674.9907,1675.7365,1676.3724,1676.6849,1677.1783,1677.8253,1678.5271,1681.1095,1681.2081
15806.5341796875,15824.73,15834.058,15862.499,15901.874,15941.745,15989.454,16071.682,16120.384,16164.04,16207.772,16239.119,16292.485,16326.279
1352.1328125,1351.9117,1349.8965,1349.2909,1350.5869,1348.7515,1349.7399,1352.5175,1352.9747,1354.5857,1355.8848,1357.7078,1362.256,1363.9397
1469.0235595703125,1469.6262,1468.4116,1467.9371,1468.1696,1467.0309,1467.6809,1468.2693,1468.6013,1469.0189,1469.6167,1470.2288,1472.4586,1472.5441
1514.456298828125,1514.1987,1511.8975,1511.1744,1512.6256,1510.4857,1511.5891,1514.6967,1515.1466,1516.9808,1518.4165,1520.4705,1525.6088,1527.5048
1645.3651123046875,1646.0369,1644.645,1644.0646,1644.3064,1642.952,1643.683,1644.3064,1644.6182,1645.1018,1645.736,1646.4238,1648.9552,1649.0519
1411.26220703125,1411.3251,1409.5182,1408.5804,1409.0378,1406.9564,1407.7456,1409.135,1408.7977,1409.9413,1410.5989,1411.7539,1415.1047,1415.9967
1608.2216796875,1608.2812,1606.1903,1605.0786,1605.575,1603.12,1604.0332,1605.6212,1605.1581,1606.5079,1607.2424,1608.5658,1612.4432,1613.4888
1580.7342529296875,1580.8058,1578.7393,1577.6476,1578.1415,1575.7305,1576.6273,1578.1804,1577.732,1579.0577,1579.779,1581.0723,1584.8933,1585.9071
1367.0074462890625,1369.5476,1373.2507,1375.3374,1380.3683,1383.3992,1388.189,1392.4569,1394.789,1397.3704,1400.9539,1400.9622,1403.5848,1405.8198
11881.4013671875,11885.198,11879.228,11877.9375,11880.793,11873.648,11879.662,11887.053,11887.807,11894.443,11898.53,11903.66,11920.413,11921.051
1167.92578125,1168.6266,1170.0001,1168.7667,1168.1781,1172.4949,1171.9062,1175.1578,1177.6526,1180.722,1177.919,1179.4746,1181.2125,1186.2301
1316.99609375,1319.4319,1323.0059,1325.0117,1329.8751,1332.7924,1337.415,1341.5243,1343.777,1346.2684,1349.7349,1349.719,1352.2582,1354.4232
12208.53515625,12212.495,12206.376,12204.991,12207.82,12200.42,12206.569,12214.074,12214.7295,12221.578,12225.658,12230.929,12248.082,12248.678
13868.146484375,13876.428,13891.664,13877.753,13871.459,13922.799,13916.506,13954.929,13983.579,14019.187,13987.058,14005.274,14025.811,14084.4375
13496.2333984375,13504.299,13519.462,13505.59,13499.46,13549.465,13543.336,13580.759,13608.665,13643.347,13611.892,13629.797,13649.799,13706.901
1028.371337890625,1028.6825,1028.1619,1028.0664,1028.3488,1027.7566,1028.2822,1028.9635,1029.0663,1029.6359,1030.0198,1030.4865,1031.9568,1032.0371
13121.2919921875,13126.555,13130.478,13142.15,13153.775,13168.635,13181.898,13205.585,13217.903,13235.341,13247.301,13257.969,13271.173,13280.262
12769.1015625,12774.327,12778.199,12789.513,12800.942,12815.434,12828.499,12851.724,12863.736,12880.741,12892.451,12902.808,12915.777,12924.734
12596.3330078125,12612.55,12618.332,12617.976,12614.101,12632.745,12635.506,12637.22,12637.687,12629.936,12628.513,12621.572,12617.071,12606.187
12943.3046875,12959.966,12965.913,12965.534,12961.53,12980.505,12983.351,12985.063,12985.456,12977.542,12976.032,12968.878,12964.206,12952.938
11284.234375,11305.324,11336.549,11353.1875,11395.436,11420.565,11460.04,11495.013,11514.408,11535.326,11565.044,11564.154,11585.997,11604.279
1478.723388671875,1479.2222,1478.4631,1478.2688,1478.5768,1477.6179,1478.3715,1479.2625,1479.2881,1480.1461,1480.6191,1481.2535,1483.3618,1483.4279
15141.2060546875,15150.159,15166.275,15151.592,15145.504,15201.374,15195.285,15237.546,15267.63,15306.31,15272.465,15292.342,15315.263,15378.476
12587.7421875,12592.788,12597.312,12605.32,12616.268,12622.627,12630.081,12640.4,12650.039,12661.542,12667.49,12675.302,12683.973,12687.914
10982.1796875,11002.74,11033.047,11049.202,11090.39,11114.822,11153.273,11187.318,11206.244,11226.537,11255.543,11254.541,11275.903,11293.727
12933.990234375,12939.114,12943.65,12951.768,12962.952,12969.307,12976.873,12987.342,12997.186,13008.902,13015.0,13023.007,13031.822,13036.01
1522.287353515625,1522.8083,1522.0344,1521.8268,1522.1326,1521.1398,1521.9137,1522.8196,1522.8309,1523.7218,1524.1974,1524.8429,1527.0022,1527.0625
1090.1495361328125,1091.5563,1092.0623,1092.0388,1091.7126,1093.3992,1093.6451,1093.81,1093.8934,1093.1981,1093.1027,1092.5105,1092.1398,1091.2344
950.6241455078125,952.3944,955.0265,956.39496,960.017,962.1105,965.4603,968.4061,970.0592,971.8033,974.33636,974.20825,976.1066,977.6673
1089.795654296875,1090.2521,1090.6798,1091.413,1092.3749,1092.9952,1093.6721,1094.6057,1095.4862,1096.4857,1097.0372,1097.714,1098.4597,1098.7667
1086.2230224609375,1088.2373,1091.199,1092.8157,1096.8906,1099.2726,1103.1123,1106.5046,1108.383,1110.414,1113.3027,1113.2365,1115.3899,1117.2053
1257.4429931640625,1258.191,1259.5972,1258.3107,1257.7422,1262.3496,1261.7812,1265.3416,1267.9294,1271.2355,1268.3035,1269.9789,1271.8937,1277.249
1510.5941162109375,1511.1028,1511.5635,1512.4742,1513.6367,1514.2638,1515.1211,1516.2644,1517.3223,1518.6788,1519.3102,1520.2059,1521.2383,1521.733
14707.4208984375,14715.777,14731.445,14717.519,14711.251,14765.568,14759.301,14800.387,14829.809,14867.587,14834.509,14854.008,14876.117,14937.746
1264.5594482421875,1264.9606,1264.3041,1264.1583,1264.4717,1263.6866,1264.3353,1265.1549,1265.2302,1265.9542,1266.4023,1266.9696,1268.8094,1268.8972
1491.0704345703125,1491.558,1491.7963,1492.9772,1494.1715,1495.668,1497.0631,1499.7142,1501.0942,1502.9982,1504.3091,1505.5549,1507.1637,1508.3337
1345.4451904296875,1347.1344,1347.7355,1347.7053,1347.3156,1349.2665,1349.5603,1349.7557,1349.8258,1349.0323,1348.8937,1348.1881,1347.7394,1346.6213
1573.481201171875,1575.4431,1576.1346,1576.0837,1575.6241,1577.7731,1578.1011,1578.3013,1578.3116,1577.4243,1577.2155,1576.379,1575.8223,1574.4618
1238.257568359375,1238.7084,1238.9269,1239.908,1240.9869,1242.2513,1243.5155,1245.8184,1246.9827,1248.5851,1249.7346,1250.759,1252.1658,1253.2219
1619.8800048828125,1621.8986,1622.6084,1622.5508,1622.0762,1624.2618,1624.597,1624.7958,1624.7941,1623.8857,1623.6604,1622.7974,1622.2184,1620.8087
1555.0732421875,1555.5891,1556.0536,1556.9791,1558.1643,1558.7886,1559.6605,1560.8303,1561.895,1563.2926,1563.9323,1564.8524,1565.9214,1566.4297
11948.1298828125,11958.377,11948.8955,11942.862,11938.073,11915.95,11931.178,11934.722,11917.291,11930.795,11928.209,11932.998,11951.386,11948.513
12204.630859375,12215.208,12205.513,12199.343,12194.348,12171.725,12187.296,12190.822,12172.802,12186.61,12183.868,12188.667,12207.373,12204.239
8580.0302734375,8598.516,8591.254,8585.973,8572.108,8547.682,8567.157,8561.325,8535.248,8544.161,8540.09,8540.42,8546.802,8536.679
9316.7431640625,9337.081,9329.425,9323.922,9308.369,9281.931,9303.345,9296.6455,9268.292,9277.265,9273.197,9273.437,9279.538,9268.292
10849.388671875,10845.895,10837.382,10822.69,10823.024,10812.392,10801.691,10792.193,10780.469,10771.769,10759.105,10754.65,10752.634,10752.164
9821.525390625,9818.04,9810.334,9797.853,9798.497,9789.3545,9779.449,9771.36,9761.2,9753.187,9742.027,9738.286,9736.118,9735.777
3573.213134765625,3593.8364,3593.8364,3595.7498,3596.813,3584.9067,3596.175,3589.7966,3591.0725,3588.521,3580.2292,3571.9375,3578.5283,3575.1265
1685.9263916015625,1690.4476,1690.7278,1691.0078,1688.8472,1687.2867,1691.528,1689.6875,1686.4866,1688.327,1688.6871,1688.1271,1688.207,1685.4863
11529.24609375,11544.013,11544.013,11546.748,11546.565,11537.45,11545.836,11541.278,11543.102,11541.096,11533.986,11528.334,11534.168,11534.897
31663.876953125,31714.625,31658.627,31721.625,31674.377,31596.502,31724.25,31691.877,31594.752,31551.877,31602.627,31626.252,31617.502,31588.627
31663.876953125,31714.625,31658.627,31721.625,31674.377,31596.502,31724.25,31691.877,31594.752,31551.877,31602.627,31626.252,31617.502,31588.627
3792.79052734375,3798.7502,3803.9753,3810.98,3817.1091,3821.3176,3829.9604,3838.3208,3846.6245,3859.2217,3862.8933,3867.356,3875.095,3875.8293
6771.45361328125,6771.256,6764.704,6763.2056,6765.98,6760.8525,6765.67,6770.9956,6768.791,6776.5317,6778.0674,6782.699,6793.0776,6796.1494
691.504638671875,694.9004,695.3687,696.364,696.9495,694.3149,696.0713,694.3149,694.5491,695.4273,694.72473,692.79266,695.3102,697.65204
2685.147705078125,2685.075,2684.3994,2685.9358,2687.6511,2689.3796,2691.7397,2694.9153,2695.5452,2698.628,2700.605,2701.8962,2704.6646,2704.8235
2987.290771484375,2987.217,2986.4583,2988.1675,2990.0757,2991.995,2994.6243,2998.1543,2998.858,3002.2876,3004.4868,3005.9236,3009.0032,3009.1802
1042.41796875,1051.4192,1066.6283,1055.7646,1054.9888,1074.5432,1068.4907,1079.3542,1099.5295,1113.0315,1095.3394,1098.4432,1101.5471,1119.8601
6168.4482421875,6169.833,6174.3076,6172.1235,6177.0244,6182.8306,6181.179,6175.906,6171.5376,6155.6636,6151.988,6144.424,6128.9224,6107.721
2720.8193359375,2725.2993,2724.269,2725.0466,2725.9795,2723.0544,2729.4585,2734.298,2733.229,2739.0598,2741.3728,2743.4524,2752.0237,2748.2144
3902.352783203125,3908.8784,3917.532,3920.3691,3933.113,3942.4521,3951.5786,3962.218,3968.794,3974.6987,3982.2205,3980.8845,3988.1313,3993.0254
3025.500732421875,3036.213,3021.93,3021.389,3018.6838,3011.4883,3010.0276,3010.7852,3009.162,3005.6455,3005.2666,3000.8303,2996.2317,2992.4988
3787.439453125,3797.5537,3791.6333,3801.1309,3800.2673,3785.713,3806.5579,3801.1309,3787.8096,3788.5496,3795.3335,3800.3906,3800.884,3800.6375
3671.185302734375,3673.812,3673.3743,3670.685,3672.311,3685.194,3680.1284,3684.3186,3685.7568,3683.7556,3673.4368,3672.7488,3667.8083,3672.061
9189.556640625,9220.627,9222.746,9219.921,9243.225,9198.736,9232.632,9195.206,9207.916,9236.163,9242.519,9201.562,9230.514,9255.229
8822.578125,8821.592,8825.699,8824.385,8833.748,8854.446,8864.221,8897.075,8912.682,8927.63,8937.9795,8949.849,8978.843,8995.023
6815.75634765625,6813.816,6804.6943,6812.845,6841.0835,6847.682,6869.1763,6916.6284,6937.6553,6960.1865,6987.4663,7010.3677,7052.919,7073.394
3337.636962890625,3339.715,3339.034,3340.262,3340.461,3342.5837,3344.7466,3343.8467,3343.071,3344.309,3343.6826,3343.807,3342.1912,3338.6636
4054.423095703125,4061.3547,4049.9766,4061.878,4056.5156,4040.56,4061.0933,4058.085,4045.922,4035.721,4042.7834,4048.0146,4046.9685,4045.922
3870.40673828125,3862.333,3851.3743,3840.0042,3829.8555,3813.3604,3804.0466,3793.7712,3782.8376,3785.1409,3774.6882,3769.5251,3770.4363,3773.777
5332.0908203125,5321.354,5301.5845,5275.5015,5258.712,5227.1934,5209.1284,5193.1084,5174.4893,5158.7246,5136.5693,5128.73,5138.018,5144.239
3498.004150390625,3493.606,3488.3757,3482.2896,3481.1008,3473.9846,3471.2268,3466.4402,3459.4348,3455.4092,3448.4038,3446.6604,3443.3003,3441.113
2365.58544921875,2368.8765,2375.6013,2371.5234,2371.8452,2376.7817,2376.4238,2377.6042,2383.7212,2388.3713,2384.9731,2383.8643,2386.4753,2388.9077
5031.302734375,5034.549,5029.207,5027.2344,5023.4126,5017.2896,5022.344,5021.9746,5016.098,5019.427,5020.7827,5021.1523,5027.8096,5027.7275
3677.47705078125,3672.3303,3659.2996,3651.7437,3638.2473,3624.8057,3619.002,3614.0605,3605.629,3604.1506,3595.1028,3596.6975,3598.3606,3599.182
955.1185913085938,956.9308,961.2415,960.91205,965.3601,969.56104,972.0047,975.18976,978.0041,980.95575,983.2484,982.6581,986.52954,986.049
6902.5947265625,6922.0864,6933.4917,6934.331,6933.4536,6948.1396,6951.878,6955.6157,6952.946,6951.2676,6944.9355,6936.925,6928.228,6909.575
1253.2242431640625,1254.2986,1256.1465,1254.664,1252.6656,1254.9218,1254.7499,1255.502,1260.4009,1261.7545,1259.0472,1259.5199,1260.6587,1262.614
28041.021484375,28595.107,28741.469,28741.469,28495.79,28203.066,28861.695,28631.7,28129.885,28464.426,28438.291,28406.928,28297.156,28004.432
8235.4658203125,8240.733,8232.004,8243.744,8242.089,8229.596,8248.561,8238.928,8230.499,8239.078,8243.293,8247.959,8244.948,8255.033
8116.83203125,8125.2554,8114.3545,8128.5586,8128.5586,8112.0425,8132.1924,8121.952,8115.3457,8120.466,8125.916,8130.2104,8131.862,8144.7446
8798.02734375,8799.434,8791.14,8803.932,8833.872,8851.231,8874.495,8916.876,8932.707,8955.399,8987.264,9003.429,9045.071,9047.18
2882.85498046875,2879.1824,2872.465,2859.8464,2852.015,2843.0217,2833.7932,2822.1995,2809.1526,2802.655,2789.4087,2786.7092,2780.6199,2775.001
2013.63623046875,2019.7555,2023.2056,2026.6602,2028.621,2034.494,2039.0504,2042.7479,2046.1093,2049.2466,2051.394,2052.1782,2052.4397,2051.3567
7213.71337890625,7226.628,7231.0254,7224.6797,7221.5625,7221.451,7220.0034,7215.105,7211.3755,7203.248,7193.7295,7182.93,7175.4155,7163.0576
1674.8409423828125,1679.4207,1680.4846,1675.8741,1672.8827,1675.3961,1673.9775,1671.4177,1663.0988,1659.1589,1651.8673,1648.2842,1642.5055,1635.5511
971.6707153320312,976.67114,986.52924,975.5282,971.38495,983.8147,978.09985,986.1006,1008.53125,1012.5316,994.8157,997.5303,996.67303,1006.81683
5672.14794921875,5708.911,5714.883,5696.712,5673.8706,5719.63,5717.639,5725.857,5704.5215,5691.097,5659.454,5638.8555,5626.197,5616.473
1507.0501708984375,1509.2942,1507.6558,1509.2587,1507.2639,1504.3075,1509.1161,1507.8339,1503.239,1503.1677,1504.6637,1505.2336,1504.9131,1503.8445
2283.16259765625,2284.3252,2279.094,2283.9377,2285.294,2276.188,2284.6157,2283.3564,2278.2222,2278.9004,2280.2566,2283.744,2284.1313,2288.6843
1700.2818603515625,1700.1914,1697.4486,1696.6046,1693.9823,1689.3707,1689.3406,1687.3663,1683.5083,1686.0552,1682.2122,1683.5383,1681.6244,1682.815
4661.33203125,4663.7505,4648.835,4625.051,4614.1665,4584.819,4580.506,4565.5093,4538.3794,4540.304,4520.939,4521.4937,4525.25,4523.8364
4199.0517578125,4204.456,4219.08,4206.3633,4195.8726,4212.404,4208.112,4216.696,4247.215,4260.0903,4237.6777,4239.744,4243.7183,4261.044
6493.83154296875,6498.3623,6510.1426,6497.7583,6479.937,6500.1743,6498.06,6521.3184,6576.8965,6590.791,6560.8877,6572.9697,6597.7383,6620.392
1920.624267578125,1915.3956,1913.2014,1908.3463,1899.1494,1902.8842,1901.437,1906.8524,1914.4619,1909.8402,1901.577,1905.4518,1907.0858,1913.8083
2020.9210205078125,2025.525,2036.436,2029.3092,2024.8944,2032.8411,2034.6069,2033.7871,2048.9866,2057.1226,2050.3743,2047.6622,2055.1042,2059.5823
3620.82568359375,3609.1177,3598.6453,3590.0593,3577.5056,3576.4,3573.473,3585.116,3588.4333,3585.181,3576.4,3584.0752,3597.2793,3613.8008
4927.79443359375,4955.5864,4958.4473,4957.1187,4949.4556,4931.064,4968.6646,4973.058,4947.821,4976.3276,4970.8105,4975.919,4989.2017,4958.3447
1435.32275390625,1437.4559,1438.167,1438.2737,1440.4069,1439.1981,1441.1179,1439.0559,1438.167,1438.4159,1437.7759,1436.816,1435.145,1434.1495
1435.30712890625,1438.7227,1441.6788,1441.4591,1442.6376,1443.1569,1444.3754,1443.856,1444.0957,1444.6749,1442.2781,1441.3593,1439.2421,1435.9264
1908.46533203125,1913.0795,1923.3112,1914.8851,1912.578,1923.8126,1920.7031,1927.2231,1943.2727,1952.1,1939.8622,1940.8654,1944.0752,1954.5074
2542.790771484375,2549.2256,2561.1953,2553.446,2548.7412,2556.698,2557.5283,2556.4905,2572.8887,2579.946,2571.8508,2568.5295,2572.6812,2574.8953
6320.2041015625,6356.6924,6377.4546,6393.74,6397.9575,6437.536,6458.8823,6482.1104,6502.6133,6518.964,6525.452,6522.727,6521.689,6509.3613
1871.846435546875,1871.941,1871.8938,1870.5375,1871.1655,1872.5079,1871.8103,1870.6375,1868.2972,1865.9738,1864.1172,1863.339,1860.4818,1857.2023
1406.1683349609375,1408.3263,1411.7911,1412.6118,1417.5355,1421.821,1424.8756,1429.1155,1432.246,1434.7534,1438.4918,1438.2943,1443.0737,1441.9948
1485.3817138671875,1484.7126,1484.1956,1482.7557,1482.3705,1483.1614,1482.2994,1482.6544,1483.4249,1481.9243,1479.9777,1480.2311,1479.6329,1480.373
3757.5634765625,3770.2822,3794.8523,3778.9539,3769.415,3785.1687,3787.0476,3784.8796,3818.9888,3834.3088,3817.399,3810.606,3820.2896,3824.192
1973.324462890625,1980.085,1985.7825,1992.3517,1998.6976,2013.9833,2019.6171,2032.681,2043.736,2050.858,2054.8972,2058.639,2061.9128,2060.382
2532.357177734375,2548.1162,2544.0437,2552.7197,2546.5225,2530.2324,2558.0317,2549.8867,2526.5142,2528.1077,2536.607,2540.3252,2535.7214,2526.6912
8335.8857421875,8339.648,8322.402,8318.639,8309.075,8289.947,8291.672,8281.167,8271.446,8252.162,8242.912,8230.84,8221.119,8206.772
1256.196533203125,1259.9045,1262.2643,1262.5139,1262.2892,1268.5815,1269.8551,1271.0099,1273.0511,1272.1335,1272.1335,1270.7103,1270.4918,1269.4431
1488.8487548828125,1494.6262,1500.0021,1506.0112,1512.3448,1525.9814,1532.8306,1545.071,1553.8687,1561.747,1565.9333,1569.1156,1572.6377,1573.6572
1988.076416015625,1988.4297,1988.7349,1987.5945,1986.2454,1989.7468,1988.1888,1989.9557,1992.3489,1992.6702,1988.7189,1989.5862,1988.7831,1992.5416
3098.9287109375,3085.4038,3075.3318,3075.3318,3087.1304,3117.7776,3122.8135,3171.2305,3181.518,3206.194,3203.748,3226.9133,3256.014,3297.4343
3467.984375,3474.7595,3471.372,3468.733,3465.3848,3457.7825,3463.1394,3461.288,3455.5767,3459.2004,3458.4126,3458.137,3463.809,3460.5002
3759.084228515625,3766.1707,3760.7065,3759.4258,3755.4985,3749.949,3750.4614,3742.6067,3737.3135,3731.3372,3724.5923,3723.0557,3706.7488,3699.9187
1973.270263671875,1971.8834,1972.7155,1972.3148,1975.1655,1976.3519,1975.9668,1978.7865,1978.7404,1979.8036,1978.8174,1980.0039,1980.05,1979.5416
2081.389892578125,2083.4326,2085.1013,2087.7239,2089.3655,2094.064,2096.26,2098.941,2101.039,2103.732,2104.689,2105.732,2105.4866,2103.7444
1737.14453125,1737.8307,1738.128,1737.7621,1738.6083,1744.2805,1742.0391,1744.7607,1746.156,1746.7506,1743.2512,1744.0518,1743.5258,1745.6528
2473.79833984375,2477.319,2482.7957,2479.4314,2477.9448,2481.3481,2480.996,2481.1917,2489.0935,2491.9883,2487.6462,2486.0422,2487.2158,2487.0593
3983.164306640625,4000.3394,3991.526,3994.2378,3980.2263,3970.057,3993.108,3988.362,3968.023,3974.5767,3984.9722,3983.1643,3997.4016,3988.588
2704.278564453125,2706.3794,2718.3594,2713.1357,2715.407,2723.6965,2728.1821,2731.8726,2741.468,2749.5872,2748.395,2745.4424,2757.4226,2762.5042
2023.407470703125,2025.1074,2019.8016,2014.8564,2006.975,2001.8752,1997.5481,1992.809,1987.5547,1981.4762,1971.9463,1969.963,1964.2451,1956.6599
10813.7724609375,10844.144,10854.814,10860.286,10852.625,10844.69,10888.742,10872.325,10848.795,10871.778,10882.176,10884.911,10886.006,10873.146
1724.40185546875,1730.5573,1740.252,1731.3267,1733.1733,1749.4851,1743.1758,1753.64,1768.8746,1774.2606,1759.3337,1763.027,1762.7192,1775.7994
3869.143310546875,3868.6558,3865.5354,3870.7036,3884.9404,3893.034,3901.3225,3920.3618,3927.6997,3938.2188,3951.4348,3959.056,3975.956,3979.9663
1617.6109619140625,1619.1735,1623.3639,1620.1322,1617.3268,1621.1976,1620.9136,1621.9078,1629.756,1633.4847,1628.4775,1628.2645,1629.9336,1633.5203
1606.382080078125,1608.69,1613.9232,1610.2177,1608.69,1612.6555,1612.8506,1613.4357,1620.4893,1624.2922,1620.5868,1619.5791,1622.1145,1624.7799
2784.736328125,2778.0881,2767.2307,2760.9849,2766.6304,2755.6895,2757.1829,2765.9983,2761.0684,2767.244,2767.928,2775.6128,2789.3945,2800.539
9918.5068359375,9947.811,9938.27,9950.195,9930.092,9909.307,9954.285,9932.818,9903.8545,9890.906,9908.625,9904.536,9903.174,9873.529
1279.1378173828125,1281.7906,1281.2322,1282.9634,1281.9302,1280.1151,1284.555,1283.103,1280.0873,1280.0593,1281.8185,1282.2932,1282.4886,1281.2042
1976.0941162109375,1975.4224,1973.9658,1972.1498,1972.2972,1972.5223,1971.0634,1968.7545,1965.5881,1963.9274,1961.0094,1960.7455,1958.0991,1956.2056
1750.9500732421875,1754.5701,1752.379,1752.9506,1756.9515,1750.2833,1755.4274,1751.3312,1751.1406,1753.9032,1755.3322,1751.9027,1754.5701,1758.7615
6297.25,6297.8623,6293.27,6282.7085,6274.443,6266.8276,6260.743,6252.707,6242.107,6234.9893,6220.9453,6216.717,6210.5938,6201.649
1020.94384765625,1020.8426,1020.2583,1020.2271,1019.3078,1019.2611,1018.334,1018.35736,1018.6378,1017.3134,1016.12146,1015.20215,1014.7347,1013.2701
1776.4671630859375,1788.2823,1790.8721,1791.8431,1796.0513,1788.4442,1794.1091,1786.502,1789.4153,1792.6523,1794.7565,1784.8835,1792.9761,1797.3461
2144.856689453125,2145.7766,2146.356,2148.6047,2151.654,2156.3306,2159.4568,2162.617,2164.2822,2165.6707,2168.899,2170.0054,2171.679,2169.2354
4249.826171875,4251.502,4246.1396,4216.3105,4191.8438,4180.7837,4158.9985,4129.2114,4098.8164,4075.1775,4037.8179,4026.8206,4000.9714,3967.288
4836.95654296875,4839.7124,4838.9956,4844.6177,4859.7207,4869.9175,4879.0674,4899.655,4910.6235,4917.6235,4933.9834,4941.1743,4961.2505,4961.65
9273.0078125,9276.687,9245.211,9282.41,9403.816,9454.504,9529.719,9710.602,9794.708,9872.375,9996.649,10074.923,10254.273,10306.801
1494.02685546875,1495.7113,1505.8184,1496.2728,1485.885,1502.4493,1498.0977,1510.7316,1535.4376,1550.5983,1530.9457,1536.4203,1545.1235,1568.1453
2721.0615234375,2724.877,2730.6594,2726.0095,2722.85,2729.467,2727.4998,2730.0632,2742.4626,2744.609,2737.2764,2738.9456,2739.3628,2745.1453
1467.9329833984375,1474.3142,1475.9287,1472.469,1468.7018,1471.7002,1471.4055,1469.6628,1464.6912,1460.4498,1455.0616,1450.6473,1446.1282,1440.3068
1568.524169921875,1571.4198,1570.1902,1572.9668,1572.5305,1568.8414,1575.8229,1573.4032,1569.3572,1572.2528,1575.2279,1576.1403,1579.0359,1579.7499
9204.23828125,9232.706,9202.838,9240.64,9228.039,9176.237,9249.039,9235.039,9174.837,9180.4375,9206.571,9231.772,9231.772,9239.706
1731.6719970703125,1734.2386,1735.4768,1735.717,1734.7039,1735.6119,1737.7883,1736.7977,1735.2817,1736.535,1735.3793,1735.2217,1733.7657,1730.0098
3405.919921875,3416.4138,3452.3345,3458.254,3502.7847,3528.548,3559.4238,3583.5728,3599.4814,3613.4392,3643.7139,3631.2651,3657.7305,3673.9797
1386.2174072265625,1387.0396,1386.3202,1383.16,1381.3231,1379.6403,1378.1117,1375.6067,1372.1255,1370.2435,1365.966,1364.54,1362.3948,1359.8368
1610.8228759765625,1613.1019,1618.4198,1614.8429,1612.3423,1616.2356,1616.8054,1616.3623,1624.0225,1627.9158,1623.9907,1622.6296,1625.0037,1626.9978
1597.06982421875,1598.5837,1602.6746,1599.7112,1597.6497,1601.2894,1601.4183,1601.998,1609.181,1612.9497,1608.8911,1608.3757,1610.5017,1613.4329
17721.515625,17788.225,17808.057,17823.383,17830.594,17802.648,17819.777,17792.732,17804.451,17801.748,17800.846,17757.574,17801.748,17816.172
3413.21875,3414.2551,3410.5974,3412.4263,3408.7075,3405.1106,3412.9749,3410.1707,3408.9514,3405.4766,3410.2925,3405.5374,3410.8413,3410.5364
1765.3892822265625,1813.7073,1858.2592,1887.8379,1928.256,1985.7198,2024.0194,2064.5293,2095.1646,2118.956,2149.178,2152.2092,2159.9253,2152.7603
1314.2630615234375,1317.4006,1326.4688,1328.1906,1340.7023,1347.2069,1355.988,1363.124,1367.0651,1371.8383,1379.9965,1377.061,1384.2664,1388.3341
4652.89013671875,4659.0913,4641.689,4659.891,4660.2915,4632.2876,4662.2915,4657.491,4635.288,4640.6885,4650.29,4661.8916,4665.092,4681.494
4738.61474609375,4743.167,4728.3726,4744.3047,4750.374,4720.7856,4750.7534,4741.6494,4729.5107,4733.304,4738.2354,4745.8223,4754.9263,4775.4106
3605.966552734375,3605.5,3610.5142,3606.666,3605.7332,3615.4116,3620.426,3640.016,3653.3096,3670.9175,3668.0022,3675.1155,3700.6526,3717.7358
10976.0234375,10973.401,10974.409,10973.603,10982.276,10989.4375,10993.068,11012.029,11019.089,11032.604,11037.092,11045.11,11064.979,11073.375
6366.84765625,6379.036,6390.8203,6395.4507,6394.282,6410.4785,6421.596,6420.3076,6409.1025,6405.826,6401.13,6396.7285,6379.621,6343.1597
9067.5576171875,9130.84,9135.99,9142.613,9152.179,9116.123,9147.028,9124.217,9126.425,9122.01,9104.35,9074.916,9100.67,9105.821
1194.64794921875,1193.7909,1191.7367,1190.2245,1187.6472,1184.5911,1183.6711,1182.5243,1179.5879,1180.6528,1178.3356,1179.3862,1178.7688,1179.0177
2874.494140625,2899.2712,2925.9316,2944.6877,2969.18,3003.2114,3024.8418,3046.497,3064.6338,3078.162,3095.4072,3099.2725,3099.5696,3091.4429
8716.7353515625,8714.799,8696.397,8709.714,8704.387,8685.864,8699.303,8702.329,8687.075,8684.533,8689.375,8697.971,8696.034,8707.776
1953.832275390625,1953.2335,1947.1643,1943.2723,1941.0679,1934.3727,1933.8351,1935.3252,1934.6652,1933.7195,1931.8619,1933.318,1940.02,1946.865
2785.090576171875,2779.144,2772.1077,2763.5789,2757.8218,2748.736,2744.6968,2737.0488,2727.7634,2728.5747,2719.797,2719.0981,2718.186,2722.6045
1893.4891357421875,1892.5881,1891.883,1892.2748,1896.7992,1899.9918,1902.0289,1909.8243,1912.214,1915.2205,1919.51,1922.7809,1929.6705,1931.3231
2798.77783203125,2809.892,2802.0466,2809.7285,2799.9219,2787.0098,2809.4016,2802.3735,2783.5774,2777.53,2785.5388,2786.8464,2784.885,2775.4053
1411.2303466796875,1412.6705,1411.6711,1410.5249,1409.7902,1407.3506,1407.909,1405.7341,1404.3821,1401.7662,1400.1204,1397.4751,1396.0203,1393.4485
9371.828125,9373.155,9364.751,9369.616,9359.443,9354.467,9366.5205,9364.419,9353.251,9353.251,9360.991,9360.217,9367.404,9368.953
4278.8544921875,4281.248,4279.912,4273.4,4270.172,4267.7505,4263.8823,4259.9863,4253.6553,4249.3276,4241.299,4237.069,4233.665,4229.3945
3614.1376953125,3626.8281,3653.4775,3636.1343,3627.674,3645.8633,3648.2603,3646.1453,3679.14,3695.214,3679.14,3671.526,3681.255,3687.318
3900.5146484375,3902.6704,3892.2437,3885.9128,3892.2437,3877.25,3883.9333,3899.221,3899.2993,3909.099,3916.194,3925.5234,3955.7065,3961.9785
1952.4801025390625,1958.3098,1955.3561,1956.522,1951.7028,1948.6714,1956.1333,1951.8583,1945.2513,1945.1736,1947.5833,1946.7281,1946.8837,1943.3859
3239.34912109375,3226.179,3207.6138,3191.2256,3180.9355,3154.0273,3137.531,3128.877,3110.4875,3111.1907,3093.7207,3090.5837,3095.3975,3103.835
7133.41650390625,7127.059,7120.797,7116.3447,7116.8447,7118.1543,7113.916,7114.392,7109.868,7106.1064,7098.63,7099.868,7099.154,7101.5347
9570.306640625,9605.4375,9638.971,9654.939,9709.551,9776.299,9807.4375,9874.105,9914.065,9950.274,9976.433,9979.836,10022.291,10048.52
3006.417236328125,3020.0132,3025.5955,3023.0857,3019.2927,3034.7007,3037.2131,3035.4773,3032.517,3020.7783,3018.3362,3008.9385,3001.195,2988.6348
3655.357177734375,3679.0679,3675.5366,3675.5366,3676.041,3659.6453,3671.5005,3666.4558,3663.1768,3666.9602,3659.393,3646.7808,3655.105,3653.339
2225.891357421875,2233.694,2247.957,2238.2246,2234.3652,2244.601,2244.8525,2245.1882,2263.898,2271.7004,2262.3037,2259.3672,2263.2266,2267.5056
3594.78173828125,3608.8213,3635.1455,3617.3035,3613.0623,3630.3193,3630.6118,3630.3193,3661.3235,3676.0942,3660.0073,3653.1338,3659.2761,3663.6636
1555.0716552734375,1555.5834,1557.801,1556.3226,1560.5873,1565.8185,1564.0558,1568.9459,1570.7086,1573.0399,1570.794,1573.0399,1574.7174,1575.1722
1522.4810791015625,1525.2068,1530.029,1529.5049,1536.2667,1542.8712,1542.5305,1548.6895,1551.4938,1554.8223,1554.4553,1555.7657,1558.9108,1557.2334
3004.180419921875,3001.8418,2995.0518,2993.2788,2988.5637,2983.4336,2987.055,2990.3743,2983.8108,2989.3936,2992.1096,2993.8447,3001.9172,3008.7825
2453.19970703125,2448.243,2442.521,2436.0122,2428.6443,2420.2898,2414.6187,2404.9297,2396.5464,2393.6165,2385.262,2378.126,2372.6145,2368.4373
8698.2724609375,8707.851,8736.586,8716.559,8711.043,8753.711,8747.325,8779.543,8815.534,8860.233,8826.8545,8836.723,8861.685,8913.059
6088.345703125,6087.9346,6081.6055,6083.6606,6076.756,6072.646,6079.7974,6077.9067,6070.344,6069.358,6072.8105,6072.8105,6074.1255,6077.0024
6074.515625,6074.5156,6067.6035,6071.4707,6064.147,6059.868,6068.2617,6065.793,6058.14,6055.6714,6059.7856,6060.28,6061.4316,6064.2295
3148.484130859375,3164.7466,3165.789,3175.38,3174.7544,3157.6577,3196.6465,3177.0479,3160.5767,3191.6426,3208.7393,3209.7817,3235.8438,3238.3457
3031.912353515625,3041.044,3042.2388,3042.58,3038.3984,3034.3872,3044.8843,3040.276,3031.5708,3034.6433,3036.1794,3035.07,3033.363,3028.2424
3060.498046875,3069.2542,3068.319,3068.149,3063.1333,3060.073,3067.894,3063.5583,3055.8223,3057.6077,3059.223,3057.3525,3057.3525,3052.1667
2909.307861328125,2924.5703,2934.0596,2934.4023,2935.2026,2933.8308,2952.3518,2945.1492,2941.3765,2951.0942,2952.809,2953.838,2949.3792,2942.4053
9041.5244140625,9044.057,9020.464,9012.334,8987.542,8971.414,8960.218,8946.488,8935.358,8923.362,8901.236,8901.703,8887.641,8873.513
1283.6319580078125,1285.513,1287.4376,1286.5409,1288.0063,1290.0404,1289.7561,1290.1716,1292.0526,1291.1996,1290.0841,1289.4937,1288.4875,1287.2408
745.5331420898438,747.2362,748.2827,747.5235,747.7902,753.26886,751.89404,753.9255,756.01843,756.2236,752.8995,753.04315,752.1608,754.2743
2264.841796875,2268.3345,2270.517,2270.6516,2270.517,2268.939,2272.5994,2268.368,2269.006,2274.144,2275.9575,2273.741,2277.2336,2278.8455
1887.62353515625,1890.7063,1891.4513,1899.2864,1902.1893,1906.9674,1914.2632,1929.8821,1942.4183,1957.8318,1966.5146,1976.8931,1996.9305,2010.2888
1485.343017578125,1488.4832,1489.0781,1488.07,1487.5742,1486.566,1488.5658,1487.7229,1486.0537,1485.0455,1483.1449,1480.9138,1479.8395,1477.9059
1989.18115234375,1991.7886,1993.7563,1992.6741,1991.149,1993.0676,1990.8047,1991.6902,1998.6268,1997.0033,1991.4934,1989.4271,1986.9181,1984.0156
2309.037109375,2308.7703,2308.5544,2307.729,2305.2656,2306.6877,2305.672,2306.9673,2309.8242,2309.1514,2306.307,2306.942,2306.8657,2308.2878
2299.473876953125,2298.2554,2297.1824,2296.0034,2293.169,2293.9504,2293.116,2294.5598,2296.03,2294.8247,2292.4536,2293.1821,2293.8708,2295.4736
1444.6326904296875,1446.6147,1449.8688,1447.6501,1444.7805,1447.6501,1447.443,1447.443,1454.6613,1456.4658,1452.3242,1451.9988,1452.5905,1454.0696
6937.890625,6968.0864,6979.572,6974.9404,6974.9404,7038.852,7039.0376,7052.931,7065.3433,7055.71,7040.7046,7030.886,7024.9585,7028.478
5072.85400390625,5085.671,5085.671,5090.477,5091.011,5077.9272,5093.147,5082.7334,5084.069,5084.6025,5075.791,5073.388,5084.069,5091.278
1377.9786376953125,1382.3848,1387.0526,1384.915,1386.9653,1392.462,1391.8513,1393.4218,1398.1115,1398.3514,1395.8212,1395.0359,1394.2943,1394.4688
1581.557861328125,1583.0227,1584.8945,1583.6738,1585.1387,1587.3088,1586.4679,1587.3359,1589.7773,1589.5603,1587.7699,1587.5801,1586.8748,1586.495
1900.3062744140625,1903.231,1912.6458,1907.2373,1907.9183,1914.0079,1915.5304,1917.0928,1923.7433,1930.2336,1927.5493,1925.3458,1931.9963,1935.9226
858.249755859375,857.3018,853.7374,848.98096,848.29266,847.9338,842.9861,841.7977,838.362,835.04395,829.19617,827.66656,826.3723,828.4431
1830.5760498046875,1831.3934,1831.5524,1831.75,1831.6547,1832.9274,1833.686,1833.2687,1831.4349,1831.3845,1830.337,1830.3116,1828.5178,1825.6353
3396.134033203125,3408.6575,3431.9905,3416.435,3411.9531,3426.4539,3426.849,3427.3765,3455.3232,3468.2422,3454.2688,3448.8638,3455.8506,3460.0688
2549.70458984375,2550.5095,2551.4568,2550.3677,2551.8828,2556.8074,2554.9844,2558.4412,2559.9563,2562.3477,2558.4175,2559.459,2559.7195,2563.3184
2480.39794921875,2484.7688,2494.048,2487.4585,2486.0464,2493.6445,2492.9722,2496.4016,2509.043,2516.372,2509.648,2509.043,2514.624,2520.4067
3048.285400390625,3052.5947,3049.4375,3051.1868,3051.9546,3047.9016,3057.8284,3064.6404,3061.1277,3071.808,3073.97,3078.0942,3089.699,3087.765
2995.763427734375,3004.1826,3006.1348,3003.2063,3002.7183,3018.2754,3015.8352,3017.2993,3022.302,3014.798,3007.66,3003.8774,2998.5088,2999.7898
2910.440185546875,2919.1177,2927.201,2921.9707,2924.3481,2938.85,2935.1653,2941.941,2952.461,2954.3032,2945.1504,2945.7446,2944.6155,2951.8071
2528.38427734375,2527.0789,2524.697,2519.5376,2519.154,2516.958,2513.0742,2511.5176,2507.2659,2504.841,2499.5913,2497.6763,2497.095,2498.1526
6729.80224609375,6728.3125,6715.3613,6720.748,6708.943,6693.1265,6702.2954,6700.1177,6680.634,6692.095,6691.9805,6699.43,6696.9087,6708.026
4344.8095703125,4344.438,4344.273,4344.603,4348.233,4351.6973,4352.5225,4359.7607,4361.8022,4365.7207,4368.711,4371.165,4378.2695,4379.311
1369.260498046875,1371.5242,1370.7855,1370.6902,1369.5226,1368.3788,1370.3566,1368.8077,1367.8545,1367.8307,1368.4264,1367.8784,1368.355,1366.5916
3780.769287109375,3780.1223,3778.9944,3777.7007,3776.8547,3776.2244,3774.3,3773.139,3772.6746,3768.793,3766.3381,3764.248,3762.1248,3758.4756
3732.916015625,3734.0852,3731.4868,3722.894,3721.465,3719.145,3713.2898,3708.5107,3697.4338,3693.016,3682.602,3679.1965,3673.9536,3669.3696
5808.80712890625,5804.674,5795.293,5786.3765,5773.4434,5766.57,5756.748,5748.638,5739.623,5737.0063,5723.6943,5724.275,5718.9224,5712.351
2275.610107421875,2287.8047,2289.681,2288.609,2286.8667,2280.5684,2285.6606,2282.4446,2281.7744,2284.4546,2282.0425,2271.188,2278.0222,2275.61
1799.0452880859375,1802.9979,1802.8182,1803.9562,1803.5968,1800.1831,1803.1177,1801.381,1801.8002,1802.5188,1801.0216,1798.0271,1800.4827,1801.8002
1699.22705078125,1703.4236,1714.801,1706.7809,1703.8899,1718.1582,1716.2931,1725.9918,1739.9803,1753.4093,1742.5916,1744.8297,1753.4093,1769.4496
1871.72802734375,1873.8492,1877.7295,1876.0222,1877.5226,1887.4042,1887.8181,1895.294,1899.4846,1906.3914,1903.4683,1905.8223,1910.4528,1918.9891
15777.1044921875,15971.754,15936.576,15974.099,15967.063,15812.281,15969.408,15906.089,15892.018,15873.256,15763.033,15723.165,15784.14,15784.14
981.6787109375,983.6162,987.08563,983.6162,983.88654,988.4374,986.6351,989.5188,995.4213,997.04346,992.13214,993.07837,992.9432,996.27747
6749.5244140625,6749.8257,6751.633,6748.997,6752.424,6759.164,6755.3984,6760.1807,6762.892,6764.21,6758.2227,6759.578,6758.938,6761.235
4393.896484375,4394.7485,4383.6753,4361.699,4337.4233,4310.4214,4303.522,4278.309,4244.1953,4246.0264,4215.213,4214.8086,4197.4854,4178.4478
2836.28515625,2847.4438,2845.1235,2844.1294,2838.3843,2831.3132,2841.809,2837.6108,2828.5513,2828.4407,2831.0923,2828.4407,2830.761,2821.4802
5710.16943359375,5711.8613,5705.433,5697.314,5695.671,5711.8613,5700.214,5703.4033,5700.6,5691.4175,5674.5024,5671.796,5665.03,5673.5356
3539.428955078125,3548.966,3554.8228,3556.5938,3554.2188,3565.3025,3569.4133,3570.9314,3570.8806,3568.3003,3568.1484,3563.8984,3559.541,3550.2075
2312.546630859375,2316.4106,2314.548,2313.603,2312.7412,2308.7385,2312.6023,2314.1313,2312.0186,2315.0208,2316.4385,2316.9944,2323.5825,2321.164
2169.24658203125,2190.5637,2186.4644,2187.079,2182.3647,2169.6565,2179.905,2178.2654,2173.7559,2175.6006,2167.4019,2157.768,2162.4824,2157.153
2652.363037109375,2657.8838,2667.3794,2660.313,2650.7068,2660.9753,2661.1963,2665.2815,2690.5667,2699.1792,2686.7021,2687.5854,2697.9646,2706.7979
910.62841796875,912.58826,913.3421,914.9251,915.9804,912.7391,916.9604,912.81445,912.51294,916.20654,917.5634,916.6589,920.35254,922.99084
6205.783203125,6211.4565,6207.2017,6215.3574,6225.2856,6201.1733,6227.0586,6210.038,6208.265,6214.2935,6212.5205,6216.421,6228.477,6246.207
6370.17529296875,6366.378,6361.315,6354.8076,6350.51,6342.413,6337.6064,6334.523,6329.326,6326.5664,6320.7417,6318.667,6320.7227,6322.8545
1295.5078125,1296.8364,1303.0647,1297.4177,1290.5251,1299.1616,1297.2517,1302.2343,1318.7599,1325.7355,1314.0264,1315.8534,1319.092,1329.3064
1211.77099609375,1220.2615,1221.0829,1214.0632,1210.8446,1214.2638,1211.6278,1205.5823,1197.512,1185.44,1179.1938,1171.3242,1162.9387,1151.3634
1912.57177734375,1910.4111,1905.9698,1907.8904,1909.0308,1903.1492,1906.0299,1905.8499,1901.4686,1906.1499,1907.1102,1909.751,1910.7112,1917.073
2673.86962890625,2671.6,2665.4338,2665.4338,2670.5725,2673.827,2679.458,2696.0725,2704.305,2710.126,2717.8848,2726.401,2742.2126,2754.2454
1292.2760009765625,1293.6074,1292.8005,1293.789,1292.6593,1291.5297,1294.1117,1293.204,1291.2472,1290.4,1291.449,1291.5095,1291.2675,1290.3798
2073.1083984375,2081.191,2084.7083,2084.6035,2083.6306,2095.0884,2097.3035,2097.3708,2097.0266,2091.5784,2090.9648,2086.0254,2082.4033,2075.2039
1927.2672119140625,1927.984,1927.43,1925.3611,1923.52,1922.1678,1920.9379,1918.877,1916.7345,1914.7795,1911.8429,1910.6862,1908.9308,1905.8794
7922.40185546875,7941.101,7929.3276,7931.7515,7938.677,7908.5513,7936.253,7922.7485,7924.4795,7928.9814,7914.438,7914.784,7924.826,7934.868
1456.009521484375,1461.5306,1460.7583,1460.0717,1458.0406,1454.3502,1459.2708,1457.354,1453.5493,1455.1799,1455.3516,1454.4933,1455.7234,1451.3466
5726.95263671875,5732.0747,5740.6113,5733.1724,5726.831,5736.953,5732.9287,5737.5625,5758.5386,5762.563,5747.319,5748.9043,5748.2944,5755.3677
5673.64599609375,5683.547,5700.0913,5687.064,5682.765,5696.3135,5693.708,5697.356,5724.3223,5730.9663,5715.985,5715.8545,5716.897,5725.104
1669.8397216796875,1676.7867,1678.5432,1678.4248,1676.3723,1674.9119,1681.2668,1680.2406,1676.0763,1680.2208,1678.6617,1678.5432,1678.7998,1670.6292
2823.1435546875,2820.8845,2816.0588,2814.5,2814.9573,2813.66,2813.7905,2819.2605,2820.1099,2821.2207,2822.6067,2825.7617,2833.2922,2839.1003
1646.3765869140625,1652.1539,1664.0698,1656.3425,1649.2653,1658.3646,1660.2423,1658.5813,1677.2856,1685.4462,1676.7802,1673.9636,1680.6798,1684.8684
4397.2783203125,4399.962,4397.6914,4389.1245,4383.517,4378.769,4374.0903,4367.932,4358.9526,4352.588,4341.3896,4336.401,4331.12,4323.833
8255.6572265625,8258.546,8261.688,8264.932,8270.127,8285.914,8287.916,8291.54,8289.031,8288.626,8287.992,8286.649,8282.215,8270.761
1287.0284423828125,1285.7715,1285.3846,1284.321,1279.0996,1282.3389,1280.55,1284.8529,1291.5248,1292.685,1287.1251,1288.8173,1290.8479,1295.4166
2698.32177734375,2718.0327,2715.5894,2724.06,2719.2544,2711.5981,2742.2234,2759.4092,2748.0876,2784.903,2788.4868,2797.7722,2827.7456,2818.9492
3901.597900390625,3908.892,3920.5005,3912.657,3906.5393,3914.9316,3915.3237,3913.9905,3933.6772,3939.4028,3929.442,3927.1672,3929.7556,3932.2654
6983.177734375,7001.7476,6993.6367,7007.2974,6998.3325,6982.1104,7014.9814,7002.1743,6982.7505,6970.7974,6983.6045,6986.806,6982.537,6966.9556
1732.946533203125,1738.1238,1745.234,1739.7806,1741.9205,1748.4094,1746.2695,1748.6855,1759.0403,1759.7306,1753.6559,1753.7249,1752.3442,1754.2081
2126.736572265625,2131.045,2139.2815,2133.7693,2130.2847,2136.1768,2135.5432,2136.9373,2150.179,2155.6912,2148.3416,2146.8843,2150.0522,2153.03
2165.85302734375,2168.2703,2171.8354,2169.1765,2164.1006,2168.6328,2166.8804,2169.539,2180.779,2183.015,2175.4612,2175.6426,2177.1533,2180.1748
2161.80810546875,2161.6362,2164.2139,2162.839,2164.987,2166.9631,2166.104,2168.5957,2171.388,2172.8486,2169.4119,2169.9275,2168.9822,2168.209
1924.27685546875,1923.5078,1921.0021,1914.5641,1914.0306,1910.1481,1906.5011,1903.4868,1896.9681,1896.0781,1888.6633,1887.3329,1885.8723,1885.2706
6803.30078125,6812.9043,6822.954,6821.6143,6829.4307,6864.4937,6856.3423,6875.995,6887.9434,6899.7803,6886.0454,6891.9634,6896.3184,6909.3833
2357.35107421875,2378.8252,2394.222,2388.9546,2391.183,2425.7239,2425.8252,2432.308,2450.7434,2448.211,2438.183,2433.2197,2430.3835,2433.5234
2231.621337890625,2259.3757,2273.0854,2272.0825,2271.1907,2317.7822,2322.965,2327.4795,2338.793,2325.9746,2322.1292,2309.6453,2302.7346,2291.5884
6688.3447265625,6702.282,6727.6978,6709.661,6717.313,6732.3438,6723.5986,6738.356,6768.417,6784.541,6758.852,6755.2993,6755.2993,6755.846
7954.52783203125,7972.0303,8007.408,7981.3403,7995.119,8035.71,8023.421,8047.2544,8088.2183,8115.031,8077.791,8082.26,8087.101,8110.9346
2990.49072265625,3009.208,3017.182,3017.9373,3010.2153,3003.0808,3024.6519,3020.1194,3006.0186,3021.966,3020.1194,3021.6304,3020.1194,3014.7478
1502.3946533203125,1507.119,1508.75,1509.8749,1509.8186,1508.6376,1509.4249,1507.6814,1508.8625,1508.525,1508.75,1505.8254,1508.4689,1508.975
1087.109375,1088.7385,1094.7369,1093.478,1099.5134,1103.9567,1107.4371,1112.1395,1115.398,1120.4152,1123.0996,1122.6553,1129.6533,1130.9122
6131.1484375,6137.377,6137.7227,6109.6094,6097.5854,6087.551,6073.4507,6043.7803,6015.3047,5990.5806,5961.343,5948.3237,5919.735,5885.739
2929.546142578125,2940.0571,2941.6648,2942.5303,2944.138,2938.6968,2942.1594,2939.1914,2939.4387,2939.5625,2937.7075,2931.5247,2936.3474,2937.4602
1198.218017578125,1197.3864,1196.8251,1196.5339,1196.7627,1197.4904,1197.0122,1199.6527,1200.6195,1201.1704,1200.7963,1201.7007,1204.1333,1204.518
1182.46044921875,1182.2267,1182.6748,1182.5968,1184.1945,1185.5582,1186.2207,1189.7081,1190.994,1193.5658,1194.2867,1195.4752,1199.294,1200.6383
3811.5185546875,3812.4807,3811.5186,3811.278,3805.8665,3809.474,3802.499,3805.746,3814.886,3810.316,3797.0872,3792.7578,3786.2637,3781.9343
132.3957977294922,131.96667,131.35329,130.6694,130.5541,129.64601,129.38014,129.14151,128.24783,128.13893,127.47268,127.42463,127.62963,127.748146
1390.4033203125,1392.8335,1389.2653,1384.9587,1382.1287,1373.485,1376.6533,1375.4229,1367.2712,1371.8546,1368.1018,1369.4707,1373.4542,1373.1927
2641.9716796875,2643.7048,2647.928,2645.06,2642.4758,2646.1,2646.5098,2647.2976,2654.5144,2658.6426,2654.8926,2654.5144,2658.3906,2661.8572
2827.913330078125,2829.8757,2825.2856,2824.1545,2820.762,2818.0344,2821.4604,2821.793,2816.3713,2821.9595,2822.292,2823.4895,2828.4788,2831.1396
6446.83642578125,6463.6167,6498.7754,6475.6025,6462.2183,6486.9893,6491.5835,6489.586,6537.7295,6560.902,6539.727,6531.337,6551.513,6563.499
7675.998046875,7674.383,7668.2812,7672.8276,7687.723,7695.919,7702.619,7727.2656,7734.893,7746.648,7762.3813,7773.583,7799.555,7807.128
1071.8095703125,1074.5287,1080.9044,1076.5446,1071.9972,1077.4822,1077.7166,1078.0447,1089.4365,1094.2653,1088.0302,1087.2332,1090.0929,1093.9839
6076.09814453125,6089.5103,6118.498,6086.482,6070.041,6108.9795,6092.1064,6118.9307,6185.5586,6203.73,6147.918,6158.302,6159.167,6196.375
1885.123046875,1886.892,1885.8307,1880.5829,1878.9319,1876.3179,1873.409,1870.1661,1865.7832,1861.1152,1855.6119,1851.858,1849.3429,1844.3574
3069.50927734375,3069.5798,3067.1233,3065.78,3065.1614,3062.634,3064.0303,3065.462,3063.058,3065.8154,3066.2395,3067.3,3070.7993,3072.2488
6870.59619140625,6881.149,6879.8843,6877.454,6879.085,6871.0127,6880.084,6884.844,6884.578,6888.1733,6891.802,6891.602,6906.7485,6896.9946
3002.150146484375,3008.163,3008.7886,3010.5684,3008.3076,3006.5757,3013.8396,3009.9912,3005.6616,3006.239,3008.5,3008.067,3006.72,3002.4868
1572.503662109375,1573.8882,1575.2728,1578.1624,1577.8013,1574.5504,1581.955,1575.1525,1573.4066,1582.6774,1586.4098,1584.8446,1593.6337,1597.2457
1569.356689453125,1572.5851,1572.82,1575.8136,1575.1093,1571.3524,1580.2748,1574.8157,1571.2937,1579.3356,1583.2684,1583.1511,1590.8994,1593.3647
3895.774169921875,3900.5403,3897.0667,3897.5513,3898.44,3894.6702,3901.6714,3907.3262,3905.4412,3913.8425,3916.67,3919.1472,3930.6184,3928.195
3364.7451171875,3406.1558,3410.6733,3419.7083,3402.391,3382.4387,3436.2725,3416.6965,3375.286,3383.568,3397.8735,3394.109,3389.5913,3360.2275
1314.9898681640625,1316.6251,1316.0645,1317.2325,1317.0222,1314.5927,1318.6108,1317.9333,1314.6394,1318.167,1319.4985,1320.9001,1322.0682,1323.0494
5142.14892578125,5151.1675,5141.265,5148.8687,5136.844,5124.9966,5146.924,5140.204,5120.929,5116.5083,5125.35,5126.2344,5127.118,5121.106
5809.77587890625,5819.9326,5843.592,5828.6035,5826.498,5842.477,5843.22,5844.7065,5869.1084,5884.84,5872.5767,5867.003,5876.912,5883.725
6487.7890625,6491.3667,6504.6934,6502.1895,6515.337,6528.2163,6539.486,6553.1704,6563.143,6574.994,6583.625,6582.641,6602.542,6612.6484
1377.5836181640625,1377.9244,1379.0667,1378.8733,1380.1813,1381.9961,1381.9961,1382.2632,1382.0421,1380.7249,1379.9233,1379.1772,1377.2059,1374.4977
1359.5552978515625,1361.4086,1360.6625,1358.376,1358.015,1362.7081,1360.867,1361.0596,1360.2533,1357.1726,1353.4662,1351.8055,1349.1581,1349.5673
6490.21630859375,6484.624,6478.6934,6479.5405,6481.4043,6490.3857,6489.708,6520.55,6529.531,6548.2563,6547.9175,6562.8296,6594.2646,6611.295
1434.5322265625,1432.1403,1425.1709,1429.8309,1427.5627,1420.717,1424.7997,1426.0369,1419.9335,1421.1294,1422.4078,1426.4493,1424.8822,1430.4082
4242.28662109375,4264.81,4288.417,4314.273,4341.64,4383.526,4410.988,4450.1396,4487.8306,4511.11,4534.692,4549.0024,4564.7236,4561.0957
4166.20703125,4156.1294,4142.558,4118.8584,4108.42,4086.208,4072.3325,4048.8735,4027.959,4022.9963,3999.7017,3992.4602,3981.218,3980.0027
2665.01025390625,2670.7803,2683.0037,2674.7283,2669.262,2678.8281,2679.5874,2679.9668,2697.8086,2706.16,2697.1252,2694.8477,2700.4658,2706.3118
6331.7275390625,6333.9443,6334.6616,6334.14,6327.946,6330.88,6327.8804,6330.489,6340.6606,6337.466,6330.88,6330.0977,6330.7495,6329.1846
1281.577880859375,1285.4033,1289.5323,1287.0428,1283.0352,1287.1643,1285.2212,1286.1927,1298.2764,1299.1265,1291.6577,1290.929,1290.5039,1291.0504
1232.6734619140625,1230.0317,1226.6146,1225.0302,1224.2112,1221.566,1220.1293,1221.5795,1219.5117,1219.7803,1218.0347,1218.7866,1222.1703,1224.2112
1535.66552734375,1539.2207,1551.3324,1544.3425,1544.5836,1553.2605,1553.8029,1556.9363,1567.5414,1577.0017,1571.1569,1568.7466,1576.3389,1582.1838
2414.00048828125,2418.2952,2424.9412,2427.268,2427.2249,2437.2078,2441.537,2442.7798,2441.2124,2440.377,2440.2666,2438.3884,2433.0994,2420.1594
3048.88818359375,3050.17,3044.6934,3050.0535,3063.6868,3068.2893,3079.0388,3102.2124,3113.7847,3124.075,3140.0388,3151.8804,3177.297,3185.1042
4167.45263671875,4172.307,4181.712,4175.189,4178.754,4186.0356,4183.9116,4188.159,4197.5645,4203.0254,4196.5024,4196.123,4197.64,4199.9917
6478.447265625,6510.4385,6491.194,6490.694,6467.7,6447.705,6482.1963,6483.696,6439.9575,6484.9453,6486.695,6493.943,6525.4346,6525.4346
1621.2984619140625,1619.0867,1615.1891,1607.8469,1604.8467,1599.2358,1595.2463,1588.0232,1581.1072,1577.7897,1570.5018,1569.0516,1565.1357,1563.5405
1436.6800537109375,1435.2831,1433.805,1432.5295,1433.8253,1433.9062,1431.5983,1432.1044,1430.5251,1428.055,1425.504,1424.8562,1422.6493,1420.6449
3828.167236328125,3826.0586,3821.1084,3820.4973,3825.7378,3824.6226,3827.5254,3836.0051,3836.8455,3839.6719,3844.668,3849.5952,3860.9626,3864.7822
2682.623291015625,2704.2014,2701.564,2704.2014,2689.816,2677.3486,2703.0027,2692.693,2666.5596,2675.191,2678.0679,2677.5884,2675.4307,2667.2788
7430.47998046875,7477.786,7448.781,7438.076,7413.9053,7383.8643,7424.2646,7416.3223,7382.1377,7415.2866,7425.6455,7423.2285,7471.571,7444.637
1848.4508056640625,1851.5789,1851.3983,1852.782,1850.8871,1849.9546,1854.2256,1852.6316,1849.293,1850.105,1851.7593,1851.9097,1852.421,1850.9773
4833.220703125,4833.948,4827.1807,4807.314,4799.1636,4788.1025,4776.6045,4763.0327,4740.073,4732.2505,4707.364,4701.35,4691.162,4681.729
2874.703857421875,2875.5532,2876.9124,2881.8394,2894.6665,2900.9526,2909.7021,2923.5488,2929.5588,2939.064,2948.488,2952.3743,2961.3079,2967.127
1641.7086181640625,1650.1667,1654.8656,1655.2013,1653.5231,1652.5833,1662.8539,1658.6919,1654.6643,1660.0344,1661.3771,1661.8469,1660.5715,1657.0808
3881.897705078125,3880.6648,3873.7021,3876.8933,3893.2844,3899.4492,3908.37,3932.7756,3940.2822,3949.203,3966.8816,3978.223,4005.6472,4009.8538
5912.876953125,5926.3374,5955.237,5935.8384,5919.6074,5944.35,5946.132,5949.4966,5997.003,6020.954,5997.003,5994.628,6016.5996,6035.8
2467.6943359375,2468.7505,2465.8584,2465.823,2466.631,2464.384,2467.7722,2470.0972,2468.4668,2472.5852,2473.138,2475.2644,2480.198,2480.042
3823.075927734375,3838.7266,3868.6917,3849.6055,3831.092,3852.85,3855.1404,3851.1323,3899.9927,3919.0786,3894.4578,3887.0142,3899.0383,3906.8638
201.4307861328125,201.00238,200.69763,200.28249,200.31781,200.49889,200.07048,200.32224,200.19856,199.93358,199.22693,199.33292,199.17392,199.23576
5473.83984375,5493.705,5531.6084,5508.547,5496.445,5519.2783,5520.877,5519.9634,5571.567,5594.629,5570.197,5559.237,5576.819,5578.417
5243.751953125,5248.881,5281.7925,5252.7275,5230.074,5277.9453,5268.1147,5302.3086,5377.1074,5424.1235,5371.1235,5383.0913,5412.156,5471.1396
1066.557373046875,1073.188,1081.2,1089.0737,1117.8062,1130.9292,1154.896,1185.217,1202.864,1218.128,1244.4432,1249.3988,1281.5675,1295.1049
2388.28125,2400.0767,2405.5496,2406.0212,2403.0962,2399.6047,2413.6646,2408.569,2401.3977,2407.7197,2409.324,2408.569,2406.5874,2399.3218
1790.7640380859375,1806.2152,1798.2104,1810.1246,1801.5613,1786.6685,1815.5232,1806.2152,1786.6685,1779.7806,1791.3225,1794.8595,1793.9287,1783.5038
11170.9912109375,11209.155,11212.834,11218.812,11222.95,11201.799,11221.57,11205.477,11211.454,11205.018,11192.603,11175.589,11191.683,11195.821
6839.28466796875,6836.5024,6826.144,6827.92,6834.6084,6838.752,6843.25,6866.3936,6871.484,6880.303,6891.579,6904.779,6932.8516,6945.102
3778.9072265625,3777.1394,3775.4268,3775.2334,3772.029,3774.4048,3771.1453,3774.0732,3776.3936,3776.3384,3770.9243,3770.8137,3770.648,3771.6978
3073.2138671875,3069.4316,3065.0435,3059.3967,3055.99,3049.4932,3046.7227,3041.8894,3036.8818,3037.343,3032.7703,3031.5842,3032.5989,3035.6167
3633.64111328125,3655.3423,3719.272,3666.4858,3633.641,3701.6768,3689.3599,3723.3777,3836.5747,3894.053,3814.287,3818.3928,3842.44,3912.8213
2949.56591796875,2951.2458,2951.9763,2953.5103,2954.679,2951.7573,2955.1904,2951.465,2951.6843,2954.1677,2955.2634,2954.3137,2957.6738,2960.3765
1823.7559814453125,1827.0541,1826.5829,1827.3682,1828.8602,1823.9916,1830.2737,1825.248,1828.3105,1827.2897,1825.091,1824.9338,1827.3682,1829.0957
6257.31298828125,6271.913,6281.177,6288.124,6286.211,6282.989,6304.637,6305.04,6299.4014,6322.7617,6315.9146,6324.3726,6321.1504,6322.359
1799.54248046875,1803.6152,1804.5315,1801.3525,1799.0221,1800.9679,1800.5154,1799.0221,1793.1394,1790.1584,1785.2062,1782.3765,1778.3674,1773.0872
1428.6043701171875,1434.6903,1447.1616,1437.5836,1438.8806,1449.3564,1446.563,1452.3496,1467.4148,1476.2944,1465.7188,1465.5193,1468.8116,1475.6958
1407.986328125,1414.3138,1427.5354,1417.8081,1417.6193,1427.7244,1425.8354,1429.9908,1446.1401,1455.2064,1444.818,1443.5902,1447.179,1453.5065
1549.001953125,1548.2516,1546.163,1540.8352,1538.1025,1534.6946,1530.8551,1525.6774,1521.0499,1516.9291,1511.9077,1509.6815,1506.5674,1502.8905
4465.2744140625,4470.0923,4467.6396,4465.2812,4465.8066,4464.789,4479.3105,4482.9766,4463.556,4476.777,4471.305,4475.7124,4477.478,4465.773
11291.140625,11337.899,11340.267,11342.338,11325.47,11300.611,11354.176,11360.391,11323.99,11373.412,11366.31,11376.371,11401.821,11367.197
1238.6373291015625,1241.5725,1241.2362,1241.5725,1241.1139,1239.3099,1241.2362,1240.6246,1240.5635,1240.2272,1238.7596,1237.6895,1238.4844,1237.8118
1774.8194580078125,1775.3989,1772.7227,1773.9642,1772.971,1769.0255,1770.9292,1769.6049,1766.4596,1768.6669,1767.7839,1769.6324,1767.9219,1769.3566
4800.060546875,4808.074,4806.368,4807.8677,4804.4033,4802.3354,4809.9873,4812.107,4807.454,4818.415,4819.035,4820.69,4829.2725,4827.0493
2513.77490234375,2514.3154,2518.4768,2517.1797,2521.8816,2529.826,2529.8801,2538.635,2542.4453,2548.6062,2546.9578,2549.4978,2554.8752,2559.631
3298.5107421875,3301.5618,3313.5122,3305.6301,3305.7573,3318.4705,3317.1992,3327.2427,3348.9822,3361.314,3350.635,3353.0505,3365.001,3374.6628
2075.457763671875,2087.1191,2073.8154,2090.0754,2089.09,2066.753,2095.003,2086.4622,2075.1294,2067.0813,2074.8008,2083.1772,2082.192,2084.1628
1657.1815185546875,1672.5491,1677.047,1679.146,1679.4458,1675.5477,1678.3964,1672.6991,1676.8971,1676.4473,1679.4458,1666.7019,1675.5477,1675.6976
761.8270874023438,763.12256,767.2137,764.28174,764.3499,767.3159,766.49774,768.3728,773.3162,777.3391,773.4867,773.24805,774.714,776.9641
736.13818359375,737.67944,741.3225,738.6603,740.06146,743.70447,742.5135,744.8955,748.9238,751.83124,748.3984,748.85376,749.6594,751.7962
1248.8397216796875,1264.2996,1263.62,1264.979,1266.1682,1256.6545,1263.9597,1260.0522,1260.0522,1259.3728,1254.1062,1246.801,1252.4073,1252.7471
1110.1142578125,1117.163,1131.0085,1121.5264,1116.9951,1127.6521,1128.1555,1129.0786,1148.2107,1156.9377,1147.4556,1145.106,1151.1477,1157.3573
1665.0679931640625,1663.9644,1662.6714,1661.7411,1661.6938,1661.4888,1660.7319,1660.8582,1660.3851,1658.083,1656.8217,1656.5378,1656.6641,1654.835
1164.4737548828125,1167.1782,1165.0195,1164.1016,1163.1835,1160.1316,1162.985,1164.2008,1161.9926,1164.8707,1165.9376,1166.4834,1171.8925,1170.4534
1571.3251953125,1572.4886,1572.9384,1572.6885,1573.4094,1575.2367,1575.0582,1576.7141,1577.2922,1578.1774,1576.9211,1576.4358,1576.4644,1575.7792
1300.626708984375,1302.7286,1303.6018,1304.9071,1307.0496,1307.8508,1310.0023,1312.0728,1313.234,1315.9526,1316.9608,1318.7612,1320.8497,1322.6141
1739.2781982421875,1747.497,1751.2976,1753.2928,1752.1527,1751.4877,1751.8677,1749.3022,1751.1075,1751.9626,1754.1481,1747.307,1753.2928,1754.4331
1762.3587646484375,1768.7,1782.5074,1772.1774,1769.2113,1780.7687,1778.8254,1783.2234,1802.1447,1812.6792,1800.406,1799.1786,1803.6788,1812.6792
2035.6505126953125,2036.4464,2034.9576,2034.0588,2034.3676,2031.781,2033.3385,2034.6145,2033.1738,2034.9027,2035.1017,2036.165,2039.4103,2039.2181
5449.9580078125,5472.3076,5517.273,5487.2075,5466.1885,5499.713,5503.7036,5501.575,5567.2935,5594.9644,5563.569,5555.321,5575.2754,5591.506
1892.0115966796875,1899.2229,1901.1167,1901.2625,1902.0637,1899.15,1901.2625,1898.7859,1900.4612,1899.4414,1898.713,1893.0314,1896.6735,1894.8524
1681.1539306640625,1686.4965,1683.9524,1683.1892,1679.4368,1673.3947,1678.9916,1677.4015,1670.5645,1673.1403,1672.9813,1673.0767,1675.5889,1673.1403
2683.38720703125,2683.3872,2676.944,2676.5308,2685.466,2681.6052,2688.0742,2702.0486,2705.8157,2711.9456,2720.4968,2728.0503,2747.1863,2751.9895
1978.619873046875,1975.7655,1970.2008,1967.433,1965.0399,1960.1096,1961.8107,1964.9823,1960.1962,1965.8472,1965.3282,1967.8367,1973.6318,1980.5516
2540.98046875,2542.8167,2540.842,2533.1853,2530.6733,2528.404,2523.8484,2518.9631,2508.4744,2504.2996,2494.4688,2491.2815,2486.197,2480.8877
3756.626708984375,3773.6777,3769.461,3771.1108,3761.2102,3751.1265,3770.3774,3765.794,3747.4595,3756.6267,3761.3936,3760.477,3768.3608,3761.0269
3836.226318359375,3838.684,3826.0068,3833.8977,3824.7131,3808.8018,3822.902,3820.5735,3801.1694,3801.9456,3805.4382,3812.5532,3806.3438,3809.966
5827.0849609375,5830.6357,5833.2593,5844.047,5852.988,5861.108,5870.2837,5887.6675,5900.566,5916.454,5924.252,5933.398,5946.707,5952.3354
2231.30517578125,2228.4731,2227.0571,2224.5874,2228.3086,2229.1975,2225.1472,2226.102,2222.908,2219.2524,2215.1692,2214.4116,2210.46,2206.5413
2787.897216796875,2786.4421,2782.832,2788.681,2792.9067,2790.388,2795.8171,2804.7722,2805.164,2821.4236,2824.7817,2836.5354,2851.4236,2868.6064
3262.364990234375,3265.7507,3257.9534,3258.261,3251.9,3246.2568,3253.7466,3255.5935,3244.7693,3253.7466,3256.6194,3258.5688,3268.7263,3272.83
6259.63134765625,6264.901,6279.979,6270.9805,6269.6025,6279.1685,6281.357,6281.8433,6298.0566,6309.892,6302.8394,6298.867,6309.406,6314.5938
7093.12890625,7098.7544,7098.164,7100.265,7107.948,7108.8774,7121.435,7133.173,7133.368,7139.558,7147.8574,7151.417,7164.8213,7155.654
6520.22265625,6522.7686,6524.551,6528.327,6541.6504,6550.858,6562.1875,6580.0723,6591.5713,6597.3843,6611.0605,6617.144,6632.528,6636.294
1241.290771484375,1242.1578,1242.0061,1242.4504,1242.1036,1241.1608,1242.949,1242.4722,1240.9873,1241.54,1242.0277,1242.2336,1242.212,1241.7784
1516.69384765625,1516.5172,1512.3221,1511.2623,1508.1932,1504.7047,1506.8243,1506.3165,1502.8942,1504.1085,1504.5723,1505.0801,1507.6191,1509.805
3018.482177734375,3034.5286,3039.8496,3030.9326,3022.473,3037.6465,3037.3137,3033.51,3014.2002,3002.3315,2986.9866,2975.539,2959.5964,2939.0396
4594.001953125,4601.124,4599.174,4601.124,4596.037,4589.5933,4597.8174,4589.424,4584.0825,4580.1826,4579.165,4576.5366,4569.076,4558.987
5438.62353515625,5409.3555,5366.689,5333.5005,5296.8853,5250.3745,5221.3076,5190.7744,5157.9253,5176.3257,5137.1787,5128.287,5123.1006,5127.176
3753.238037109375,3762.6301,3763.542,3758.2532,3758.5269,3778.4963,3773.2988,3775.7607,3781.232,3771.475,3758.9827,3754.606,3746.0344,3749.682
7390.88525390625,7398.059,7427.8096,7451.6523,7514.951,7534.9956,7593.969,7641.76,7663.651,7697.331,7757.5176,7752.9946,7813.669,7868.264
6384.96484375,6407.466,6411.697,6404.581,6408.043,6457.2754,6449.583,6456.6987,6467.853,6452.66,6431.1206,6421.8896,6407.8506,6411.1196
5662.7607421875,5688.3633,5689.922,5670.063,5654.3228,5684.6675,5677.321,5686.627,5669.573,5659.5547,5629.087,5611.8887,5605.7773,5603.963
6129.82177734375,6154.1,6181.3237,6211.8496,6244.4067,6295.5786,6326.688,6372.6543,6406.43,6439.4443,6462.097,6476.2173,6486.1724,6485.8677
3408.920654296875,3407.8696,3389.9155,3376.253,3366.4438,3335.3525,3341.0454,3338.418,3310.6545,3325.9814,3312.494,3323.354,3332.9878,3342.7092
3510.922119140625,3508.6711,3514.1736,3511.6724,3512.923,3524.1782,3531.3066,3554.5674,3566.573,3590.9592,3590.209,3596.9622,3627.914,3652.3003
3786.583251953125,3814.8247,3819.0874,3797.7732,3781.388,3785.784,3781.6543,3770.864,3742.5562,3721.375,3690.6025,3668.356,3648.0657,3618.309
4291.837890625,4334.9155,4359.0537,4369.699,4367.7803,4401.2026,4425.5884,4439.2046,4447.9937,4452.573,4455.4204,4445.1465,4436.4814,4415.314
1645.8885498046875,1648.1282,1671.9645,1662.526,1671.7245,1685.4023,1694.361,1699.8801,1708.4387,1720.6769,1722.8365,1716.5176,1735.3146,1744.2732
1567.8834228515625,1574.7703,1577.7806,1578.2118,1579.2588,1580.2905,1586.804,1587.3121,1579.2588,1578.643,1576.0714,1576.4102,1571.0131,1553.5399
1550.5928955078125,1549.0675,1547.7291,1547.3256,1547.4338,1547.1484,1546.2627,1548.0342,1547.5421,1547.5913,1546.7056,1547.3748,1548.9199,1549.2349
1184.0008544921875,1193.9834,1198.4797,1199.1825,1194.9943,1208.398,1211.5214,1213.4124,1212.8468,1210.4578,1208.246,1203.9491,1200.4436,1193.918
3672.572265625,3673.73,3670.836,3661.358,3654.9548,3649.1306,3643.5598,3634.8416,3625.5444,3619.5574,3606.3352,3603.1338,3595.98,3587.2957
6355.3134765625,6373.6743,6393.3086,6408.963,6435.1777,6463.568,6481.043,6503.022,6523.7974,6536.0024,6551.285,6552.1343,6556.5386,6549.1626
5088.45849609375,5091.7383,5093.037,5091.7593,5094.528,5104.7075,5104.239,5103.93,5097.3496,5093.3354,5089.6724,5087.202,5080.3022,5069.6973
1553.942138671875,1555.5431,1567.2677,1561.3347,1562.6532,1569.5278,1573.8127,1575.602,1582.9946,1590.5756,1588.9276,1585.9141,1596.6027,1601.9706
2369.107666015625,2373.0376,2381.6658,2376.1997,2373.8057,2379.3618,2379.9492,2379.4973,2389.4807,2394.9917,2390.0679,2387.5835,2390.836,2392.5977
2948.460693359375,2958.9219,2954.7642,2955.3005,2944.035,2925.795,2938.8042,2928.7456,2911.1763,2915.468,2908.3599,2908.2256,2897.3623,2888.6445
1924.27685546875,1923.5078,1921.0021,1914.5641,1914.0306,1910.1481,1906.5011,1903.4868,1896.9681,1896.0781,1888.6633,1887.3329,1885.8723,1885.2706
1066.0986328125,1064.9227,1064.0507,1064.0703,1064.7366,1065.1775,1064.7072,1067.3038,1066.9805,1068.127,1067.6566,1068.5776,1070.5569,1071.0272
1668.1993408203125,1661.5927,1655.3853,1651.2914,1648.1959,1646.9645,1645.5999,1651.9237,1651.3912,1651.0583,1648.1627,1651.8572,1659.163,1668.1827
1337.1734619140625,1338.7693,1339.2035,1338.8982,1338.6783,1340.4178,1340.2972,1340.1748,1339.338,1338.29,1337.6381,1336.731,1335.638,1333.7286
10384.0927734375,10374.728,10350.885,10350.7,10368.459,10349.964,10366.882,10417.321,10427.629,10472.165,10489.934,10519.01,10582.237,10617.62
2745.045166015625,2754.1138,2742.1196,2744.899,2743.436,2736.1226,2736.6345,2735.5376,2731.8076,2723.5432,2721.4956,2719.8865,2708.77,2703.5042
1946.949462890625,1947.296,1943.166,1940.9711,1940.5956,1935.0793,1937.7942,1940.74,1937.4764,1941.3176,1942.5596,1944.7256,1952.2347,1953.9675
1459.7657470703125,1458.761,1457.5677,1453.1091,1448.5249,1462.4032,1457.3167,1466.7991,1472.0112,1475.6536,1461.838,1466.8618,1467.741,1485.5756
1302.492431640625,1302.837,1300.2825,1298.7012,1297.88,1294.6565,1296.0757,1295.9337,1291.5139,1295.0112,1292.3959,1294.251,1295.6702,1296.6838
1552.3994140625,1551.687,1549.9384,1546.0618,1543.684,1541.1859,1538.2114,1534.5725,1531.0088,1528.2655,1524.3566,1522.978,1520.9148,1517.9078
2409.855224609375,2409.1562,2411.564,2414.0493,2427.3298,2437.077,2447.018,2465.5022,2472.8804,2486.7825,2496.18,2501.4224,2515.6333,2531.2263
1664.26953125,1666.642,1672.188,1668.9836,1666.149,1669.9696,1671.0171,1669.7539,1677.888,1681.462,1677.9188,1676.2242,1679.028,1679.7983
1763.7357177734375,1768.1757,1772.2332,1774.2407,1778.2876,1784.0977,1787.8153,1790.6805,1793.933,1795.836,1798.4796,1797.1677,1798.4132,1796.9341
4983.9794921875,5015.178,5022.133,5009.576,4991.6104,5017.883,5017.432,5013.311,4993.9287,4977.057,4955.115,4936.3364,4917.8794,4895.9536
2608.251220703125,2614.9084,2625.7478,2617.8103,2614.7378,2623.358,2621.8218,2623.7847,2640.8545,2646.9995,2636.9285,2635.9895,2637.7817,2642.476
6660.35205078125,6683.7666,6694.4185,6697.8438,6694.9346,6735.1245,6743.4536,6749.061,6751.407,6743.829,6742.1865,6731.5586,6724.731,6708.5425
2433.88818359375,2439.3945,2450.7166,2443.2922,2441.3743,2448.9224,2449.1697,2449.4172,2462.2239,2468.9675,2462.3477,2459.6255,2463.0283,2465.6267
2645.65673828125,2647.4614,2646.2983,2644.9248,2645.4363,2648.544,2647.0403,2646.0579,2644.514,2640.9248,2639.0,2637.095,2634.4282,2632.5837
6502.24609375,6514.1167,6502.4507,6513.298,6500.6084,6485.463,6512.684,6504.497,6480.346,6474.6157,6485.2583,6488.124,6487.305,6479.7324
8826.2548828125,8831.313,8836.166,8837.869,8845.923,8858.854,8858.44,8859.705,8857.95,8850.078,8850.542,8847.007,8841.199,8822.073
10156.568359375,10170.208,10172.071,10166.676,10160.103,10177.002,10175.456,10173.987,10164.954,10156.057,10146.699,10138.505,10129.898,10120.365
2840.70556640625,2842.5254,2842.7585,2842.866,2842.113,2841.36,2843.171,2842.0413,2840.9834,2841.7725,2841.5393,2841.3062,2840.6606,2839.3162
7022.3916015625,7019.006,7007.658,6999.971,6988.5776,6970.9155,6969.0396,6960.4146,6943.279,6951.904,6937.0674,6943.256,6940.396,6945.9785
2199.518798828125,2203.518,2204.8152,2206.977,2208.4902,2204.0586,2208.5984,2203.1938,2205.68,2207.0852,2207.6255,2204.9233,2209.7874,2212.922
7071.03857421875,7128.7197,7149.485,7163.328,7167.174,7148.716,7163.328,7134.103,7147.947,7150.254,7161.021,7116.414,7161.021,7174.8643
5877.70263671875,5887.4004,5876.6636,5884.745,5878.6265,5863.5024,5873.547,5869.737,5853.4585,5854.8438,5856.114,5860.963,5847.686,5844.915
4886.5087890625,4892.3604,4893.7437,4908.32,4934.2803,4959.8154,4979.0728,5011.47,5023.759,5041.155,5068.312,5076.292,5102.8975,5095.9785
6471.20703125,6474.54,6474.707,6466.341,6462.824,6461.724,6457.275,6450.842,6440.7007,6433.7764,6423.427,6418.577,6410.9614,6401.995
2066.814208984375,2076.4578,2075.1785,2075.1785,2073.604,2067.7,2072.62,2070.652,2069.3728,2070.5537,2067.4048,2062.0908,2065.1414,2062.9766
4307.818359375,4300.4844,4293.3945,4286.223,4284.267,4294.6167,4285.1636,4291.276,4292.5796,4288.505,4273.4287,4277.3403,4277.422,4288.2603
2171.794677734375,2171.9048,2170.3477,2166.6777,2167.2288,2167.6,2164.9995,2162.9644,2156.7878,2154.221,2149.752,2148.4329,2144.9355,2141.929
1859.035888671875,1861.0592,1865.0819,1862.6539,1860.7974,1863.368,1863.6775,1863.2252,1869.0095,1871.6041,1868.8191,1867.6289,1869.5094,1869.9617
2970.138427734375,2955.732,2937.3074,2916.2107,2897.6042,2870.1914,2852.8782,2833.9832,2815.8147,2818.8071,2798.5442,2787.0874,2785.634,2790.0798
6946.32763671875,6944.348,6943.1,6943.8315,6944.9507,6948.8237,6948.7803,6954.224,6955.257,6959.9688,6958.3984,6961.3457,6964.9604,6968.898
3624.74267578125,3679.8328,3774.4744,3701.7275,3683.3643,3761.0552,3747.6357,3770.9429,3908.668,3960.2266,3878.2979,3871.9412,3889.5981,3938.3318
1206.2930908203125,1210.4979,1217.6562,1212.9508,1208.5457,1213.9019,1214.102,1213.4014,1225.8657,1230.0706,1223.563,1222.0112,1224.0135,1226.116
5500.50927734375,5501.952,5500.1387,5501.074,5503.63,5504.712,5509.138,5511.8047,5511.7627,5514.1675,5516.389,5517.977,5521.2603,5518.214
5538.3203125,5579.996,5589.458,5575.956,5567.132,5634.057,5632.8345,5635.174,5628.901,5594.455,5577.551,5551.8223,5530.1343,5511.423
9943.4091796875,9952.897,9965.01,9976.113,10013.056,10040.309,10061.809,10100.568,10125.298,10143.618,10176.119,10181.191,10217.851,10218.734
5577.4619140625,5585.0503,5593.921,5597.0205,5609.7656,5620.961,5629.5513,5638.6226,5644.675,5650.887,5658.1514,5656.222,5661.8354,5660.99
1221.0731201171875,1222.3284,1221.1938,1221.5077,1219.842,1218.5869,1220.9525,1220.1559,1218.0317,1217.9352,1218.9973,1218.7317,1219.6249,1218.5145
1153.2437744140625,1159.827,1163.055,1161.1013,1161.9082,1173.4185,1172.1018,1174.183,1179.3223,1176.5615,1171.2523,1169.3411,1166.283,1167.5571
1132.8709716796875,1139.7634,1140.8907,1138.0311,1136.1705,1145.5835,1145.4254,1144.6349,1139.7268,1133.5858,1130.0297,1124.8787,1119.8192,1113.5134
1125.3804931640625,1130.1675,1129.9309,1126.7449,1125.8853,1132.423,1131.4688,1129.8204,1125.4121,1119.7183,1116.3745,1112.2263,1107.7153,1103.0468
1644.9666748046875,1660.8684,1661.3545,1661.2156,1655.4521,1650.3136,1663.4377,1661.2156,1651.6329,1659.8962,1662.1183,1660.0352,1666.9097,1656.841
1374.6839599609375,1379.263,1381.081,1380.5305,1379.0015,1385.0847,1385.6976,1385.6868,1385.162,1382.1149,1381.0652,1378.3202,1376.0703,1372.64
1966.8800048828125,1964.4797,1960.6173,1953.273,1949.2922,1941.7576,1937.9543,1930.6141,1923.4387,1922.0864,1915.3928,1912.4685,1910.3049,1909.409
9250.9580078125,9244.288,9235.643,9226.449,9222.8955,9215.682,9212.308,9201.508,9189.148,9187.461,9176.198,9175.565,9170.63,9173.456
10487.578125,10498.008,10516.258,10523.754,10558.952,10579.811,10604.335,10633.749,10655.015,10671.636,10700.561,10698.727,10733.864,10739.751
1050.5177001953125,1050.7852,1050.425,1049.7891,1049.7333,1050.1301,1049.7856,1049.8289,1049.2773,1048.9661,1048.2562,1048.0645,1048.0083,1048.1166
1020.7803955078125,1023.503,1024.592,1024.7236,1024.0747,1026.0168,1026.8881,1027.5869,1027.8864,1027.8501,1027.3872,1026.4252,1026.0623,1024.9641
9945.0,9958.118,9958.78,9958.582,9953.017,9946.457,9958.25,9952.553,9945.0,9952.686,9949.307,9948.246,9947.054,9936.652
3383.723876953125,3385.849,3403.7878,3396.8499,3403.6626,3414.3508,3421.4138,3425.1016,3433.352,3441.9775,3443.4778,3438.4148,3452.7283,3458.1975
3641.94482421875,3657.2605,3650.9014,3648.7517,3640.512,3624.032,3641.3179,3641.139,3623.6738,3633.3467,3634.8694,3635.3171,3647.9458,3641.139
4618.45556640625,4626.38,4630.0586,4629.3984,4629.115,4663.2173,4661.0474,4675.575,4682.603,4685.1025,4676.2827,4677.6973,4678.8296,4689.2534
5996.31640625,6021.481,6021.105,6021.606,6012.3413,6005.3306,6025.362,6021.731,6007.4585,6024.2354,6025.4873,6023.7344,6034.7515,6019.102
5500.79296875,5503.0425,5502.48,5501.3975,5499.3027,5499.2603,5501.58,5498.8105,5493.636,5495.7734,5491.359,5491.6646,5488.617,5484.9097
13817.3896484375,13813.427,13806.56,13797.958,13794.785,13789.489,13786.122,13776.372,13766.108,13764.482,13754.621,13754.109,13750.457,13751.151
12094.6083984375,12106.425,12062.215,12071.18,12065.067,12036.545,12038.99,12040.009,12028.804,12003.337,12004.967,11993.558,11982.353,11974.61
1247.82568359375,1250.1637,1250.0862,1249.9441,1249.2336,1248.1487,1250.1119,1249.7504,1248.4716,1249.7891,1249.5565,1249.5953,1250.4349,1248.3553
12307.2978515625,12339.585,12342.058,12339.439,12326.351,12312.243,12337.694,12323.732,12304.68,12313.406,12310.352,12305.553,12303.808,12276.028
12048.06640625,12057.925,12052.071,12054.229,12044.832,12039.133,12052.38,12045.448,12031.432,12034.512,12037.593,12036.052,12036.515,12034.357
7015.115234375,7012.9233,7004.9624,6987.752,6985.7427,6982.916,6969.323,6967.0664,6952.851,6947.6787,6927.834,6923.5845,6921.8535,6927.911
15133.8046875,15125.31,15112.909,15097.434,15091.983,15074.701,15067.47,15060.599,15049.37,15043.805,15031.478,15028.743,15034.846,15044.586
9159.6005859375,9188.273,9177.6045,9198.942,9192.274,9160.601,9215.946,9201.943,9161.268,9169.27,9189.273,9200.609,9202.61,9197.942
10654.0771484375,10661.377,10651.698,10647.644,10652.185,10632.774,10647.427,10666.189,10659.376,10676.895,10683.87,10692.196,10728.748,10728.964
1779.5107421875,1782.2737,1781.1686,1782.2737,1783.3175,1779.2651,1784.5455,1780.8002,1782.7649,1781.7212,1779.9406,1780.3704,1782.0281,1783.6245
7749.91162109375,7755.275,7748.512,7745.6753,7748.94,7735.143,7745.753,7759.2,7754.381,7766.9346,7771.987,7777.8555,7803.9727,7803.895
9169.9501953125,9222.074,9328.381,9252.9375,9232.362,9316.035,9309.177,9328.381,9465.55,9534.821,9455.948,9440.174,9473.095,9524.533
1877.444580078125,1878.9396,1878.9396,1881.3898,1887.8269,1891.8552,1896.7556,1905.8298,1910.7615,1914.416,1921.3254,1924.204,1933.3015,1935.5908
5036.65576171875,5035.193,5030.8584,5033.2427,5044.837,5052.314,5057.244,5076.7485,5082.0044,5089.3457,5101.78,5110.99,5131.0977,5134.67
10540.5986328125,10546.556,10540.4,10540.996,10533.55,10523.423,10533.451,10530.671,10519.154,10519.154,10521.14,10521.14,10523.622,10520.146
10246.7724609375,10255.187,10270.613,10259.113,10270.332,10300.903,10289.685,10311.562,10330.353,10344.517,10321.658,10328.249,10331.8955,10349.425
10139.8203125,10140.153,10134.712,10137.211,10148.427,10151.258,10159.254,10177.466,10184.323,10190.652,10204.176,10212.626,10234.878,10239.069
11656.88671875,11664.211,11657.574,11657.803,11649.563,11638.119,11649.334,11646.359,11633.313,11634.114,11636.174,11635.945,11639.493,11635.487
1128.36181640625,1129.3828,1130.2303,1131.0009,1131.3091,1130.2303,1131.964,1129.7681,1129.9607,1131.6172,1132.6575,1131.7328,1134.0059,1134.969
1164.3597412109375,1166.2703,1165.4375,1167.2256,1166.8092,1164.4332,1168.5973,1167.3971,1164.8007,1165.511,1167.1276,1167.8135,1168.6462,1168.5973
12153.966796875,12167.133,12163.542,12170.425,12179.401,12157.258,12180.897,12163.242,12165.936,12168.33,12164.141,12165.637,12172.22,12180.599
5907.50048828125,5910.428,5916.34,5912.5674,5916.002,5921.4067,5919.6616,5922.927,5928.388,5931.428,5926.6426,5926.8115,5926.5864,5927.7686
1449.9188232421875,1450.3579,1449.9485,1450.2015,1449.5839,1449.2712,1450.023,1449.6658,1448.981,1448.7354,1449.1224,1449.048,1449.0927,1448.8173
1995.777587890625,2005.1011,2023.6221,2010.0149,2004.5972,2019.3384,2018.2043,2021.4802,2047.5608,2060.0342,2044.789,2042.3951,2048.4429,2058.2703
1803.1656494140625,1803.3655,1800.967,1793.8518,1788.6151,1783.8982,1779.8209,1773.0853,1765.8351,1760.7084,1752.6636,1749.9603,1745.7131,1737.3586
5768.45654296875,5772.9863,5770.5884,5770.2886,5769.0894,5765.392,5769.9556,5772.0205,5769.4556,5774.5854,5775.751,5777.283,5784.2446,5782.4795
7416.232421875,7424.185,7428.517,7427.9756,7427.434,7441.7153,7443.83,7446.927,7450.514,7447.705,7447.062,7444.592,7443.7793,7442.595
5155.83251953125,5161.8403,5157.034,5163.8433,5175.4585,5148.2227,5176.2593,5155.8325,5158.236,5164.2437,5158.636,5162.6416,5174.657,5196.2856
2422.998046875,2427.3108,2421.503,2419.8352,2418.5703,2408.4783,2416.7876,2422.3079,2413.8262,2424.8381,2424.7231,2429.2085,2442.0317,2442.1467
10187.8271484375,10183.569,10178.788,10187.604,10208.26,10217.562,10233.979,10266.591,10277.879,10301.478,10318.642,10333.994,10356.294,10368.547
2127.45263671875,2128.7788,2128.0845,2127.654,2126.8137,2126.0222,2127.4387,2127.5706,2125.6404,2128.0012,2127.1333,2127.2998,2128.6538,2128.2234
5912.5947265625,5927.443,5947.501,5957.27,5985.1865,6002.336,6024.185,6044.3086,6061.0347,6068.7407,6087.171,6084.6094,6096.158,6096.332
8956.150390625,8951.268,8945.427,8944.246,8946.065,8946.544,8945.3,8955.576,8954.874,8959.022,8959.948,8965.214,8976.768,8981.842
2776.25390625,2782.6377,2802.002,2788.596,2772.211,2794.9797,2794.3413,2804.13,2849.6672,2872.436,2847.3267,2849.0288,2867.5417,2890.736
1563.34716796875,1564.5146,1569.03,1566.592,1567.1758,1569.9915,1570.9529,1571.5881,1574.5239,1577.0992,1576.2064,1575.0562,1578.1122,1579.5715
2307.78076171875,2314.6494,2324.43,2328.2375,2340.967,2348.9368,2358.442,2366.4316,2373.8452,2376.6917,2384.7734,2382.2817,2387.349,2387.088
2323.978759765625,2329.6548,2336.208,2340.6802,2349.8823,2357.3516,2364.5603,2372.8618,2379.6216,2383.0615,2389.718,2389.701,2393.416,2391.9023
3210.852294921875,3245.5894,3292.6775,3310.239,3371.994,3417.6826,3460.067,3498.959,3532.6528,3551.131,3587.991,3574.1926,3597.1577,3598.3638
2084.751953125,2100.1064,2146.3772,2120.0256,2119.1956,2150.3196,2155.0918,2161.939,2200.3252,2232.279,2215.2646,2204.06,2235.1838,2253.6506
1187.2138671875,1188.7225,1186.4856,1188.9307,1189.3468,1185.0809,1189.8671,1188.5144,1187.2139,1186.1215,1186.7457,1187.6821,1188.4104,1189.9711
1202.1307373046875,1203.6523,1201.2386,1203.8098,1203.5999,1199.7433,1204.2295,1203.3375,1201.7634,1199.9794,1200.9763,1201.9733,1202.2881,1203.2325
1607.1790771484375,1615.1013,1613.2228,1613.0594,1608.9758,1603.7488,1611.7527,1608.8942,1602.1154,1604.4022,1605.709,1604.8105,1606.7708,1601.8704
1468.28564453125,1470.7188,1470.6887,1468.0002,1466.4683,1465.8074,1464.4407,1462.6683,1460.2502,1457.9222,1454.2574,1451.8319,1449.9883,1447.2622
2199.86474609375,2203.7708,2215.3206,2209.0713,2205.8909,2213.5352,2216.269,2215.6553,2228.656,2236.6348,2231.5015,2228.3213,2238.1414,2241.88
1543.18115234375,1546.1785,1547.1775,1547.9188,1547.2097,1546.2107,1551.5607,1550.3683,1547.2742,1552.1086,1553.8168,1555.1382,1557.3297,1557.9098
2119.400146484375,2118.4324,2117.399,2118.3757,2120.831,2120.9822,2123.4038,2129.1443,2131.3716,2135.7388,2138.1448,2141.2214,2145.9167,2148.702
2510.858642578125,2514.1416,2521.656,2515.4548,2510.713,2519.6863,2517.2788,2521.9478,2536.1008,2542.3748,2532.0884,2533.839,2536.1008,2546.1685
3948.99951171875,3922.3728,3883.764,3848.0278,3813.308,3771.5198,3743.3076,3710.4446,3680.349,3680.7695,3644.333,3635.6443,3631.2297,3632.631
1750.5728759765625,1752.1274,1755.7131,1753.2809,1752.0773,1754.685,1754.685,1754.6349,1760.3016,1762.7339,1759.5494,1758.8223,1759.5494,1760.5023
1635.3289794921875,1638.4862,1635.329,1641.4773,1644.3021,1633.5011,1646.6285,1640.4802,1635.6614,1638.9847,1641.9758,1643.6375,1650.4504,1656.2664
3005.998046875,3012.2493,3011.1245,3010.6284,3008.3132,3005.1711,3010.5955,3009.173,3005.1382,3007.4863,3008.7102,3007.8833,3011.0254,3006.395
3028.990966796875,3035.4885,3034.499,3034.235,3031.5967,3028.694,3034.499,3032.784,3028.2983,3030.3762,3031.9924,3030.8708,3033.5754,3028.958
1762.6099853515625,1766.9702,1776.9779,1779.6356,1793.3599,1801.146,1810.9877,1819.2513,1824.3901,1829.5082,1838.623,1835.2556,1842.9989,1848.6827
4301.5078125,4311.713,4312.455,4314.96,4310.2285,4306.6104,4318.949,4313.4756,4304.291,4304.8477,4308.5586,4307.26,4305.961,4298.3535
1378.3458251953125,1380.5195,1380.7211,1377.8708,1375.9706,1375.3085,1374.5455,1372.6022,1369.1904,1367.1104,1362.9574,1360.7225,1358.2069,1355.0499
1529.802490234375,1527.3835,1524.2458,1521.2557,1518.2822,1513.957,1510.7332,1507.5491,1504.1084,1504.418,1501.1808,1499.1288,1498.3505,1499.1111
2676.02392578125,2677.2656,2676.0488,2669.6165,2666.7356,2663.8298,2660.179,2655.9321,2648.8914,2645.3896,2637.1877,2634.0366,2630.1052,2625.4094
2666.222900390625,2667.2053,2666.1748,2659.873,2657.309,2654.6973,2650.8633,2645.9272,2639.134,2635.7554,2627.4944,2624.944,2620.4646,2615.5376
3353.68701171875,3372.1572,3394.7502,3407.2012,3444.389,3475.2278,3508.6638,3544.9858,3572.3728,3588.935,3616.3518,3616.0632,3637.9553,3648.5098
10677.833984375,10688.943,10682.0,10686.443,10669.501,10650.614,10673.945,10654.78,10639.227,10629.506,10623.117,10613.118,10597.843,10587.844
10183.5947265625,10361.111,10369.06,10411.451,10435.297,10300.173,10419.4,10339.915,10350.514,10334.616,10252.481,10191.543,10289.574,10350.514
11787.2548828125,11897.138,11913.024,11926.263,11939.502,11882.574,11926.263,11887.87,11901.109,11893.166,11869.336,11804.465,11857.421,11871.983
20088.501953125,20251.934,20372.357,20492.781,20484.18,20251.934,20862.652,20389.56,20148.715,21034.688,21408.86,21331.445,22071.188,22303.434
19029.1484375,19196.223,19270.479,19267.826,19273.129,19230.697,19456.115,19412.357,19308.932,19653.688,19754.463,19830.043,20006.4,20074.025
2782.622314453125,2786.9556,2788.6433,2787.9333,2786.0632,2790.4204,2791.0525,2790.8667,2789.138,2786.736,2785.104,2782.5537,2780.1423,2776.1995
2343.518798828125,2348.726,2359.5266,2352.262,2347.8262,2355.5408,2355.9907,2355.8623,2370.6487,2377.9133,2370.263,2367.6272,2371.806,2375.5347
1389.69482421875,1398.0077,1413.6996,1402.9581,1400.9033,1411.7382,1411.2711,1412.9524,1431.4463,1440.5999,1430.6057,1427.4299,1431.82,1436.4901
1524.1856689453125,1522.7811,1521.606,1520.832,1520.9753,1523.2253,1521.4769,1523.1968,1522.8958,1523.5837,1520.8033,1521.9069,1522.1362,1524.888
5636.4150390625,5685.932,5691.037,5696.1416,5675.722,5650.7085,5706.3516,5665.002,5635.9043,5645.6035,5639.9883,5629.268,5598.1284,5552.9507
3218.125244140625,3223.97,3225.4966,3225.1914,3223.534,3220.5242,3225.8457,3221.8328,3218.6052,3217.951,3218.038,3216.119,3212.7168,3206.7195
8728.5439453125,8962.902,9034.749,9053.566,9065.541,8932.11,9286.213,9151.072,9002.247,9318.716,9472.674,9518.861,9683.082,9671.107
11838.0390625,11844.19,11937.6875,11852.802,11767.916,11914.313,11878.637,11995.508,12208.337,12368.267,12192.344,12239.093,12332.59,12549.109
20129.931640625,20347.879,20387.506,20421.47,20458.268,20339.387,20427.133,20342.219,20359.201,20353.54,20316.744,20192.203,20308.252,20359.201
3609.28564453125,3633.0505,3627.626,3629.6924,3616.7769,3608.769,3632.2756,3626.0762,3604.378,3617.81,3625.301,3622.4597,3634.6003,3624.2678
6874.34130859375,6877.4966,6867.909,6866.3315,6861.3555,6848.734,6856.501,6848.006,6843.273,6834.4136,6832.7144,6821.913,6823.3696,6818.515
3771.969970703125,3893.4421,4119.033,3966.8594,3945.5015,4113.694,4107.0195,4133.717,4399.3535,4524.83,4386.005,4348.629,4411.367,4487.454
1033.08740234375,1034.0043,1036.7987,1034.048,1032.4761,1037.7156,1035.7072,1039.331,1045.1382,1048.5001,1042.5621,1044.1339,1044.7452,1050.9453
3988.45068359375,3994.8965,4009.9365,3998.9673,3995.462,4009.5972,4007.4485,4013.442,4034.1362,4046.8015,4033.4578,4032.7793,4039.2249,4051.3247
4848.76806640625,4852.8633,4861.804,4855.252,4850.406,4857.7773,4857.163,4858.6646,4873.68,4880.369,4871.4277,4870.5405,4873.68,4878.867
4837.3828125,4841.253,4849.0596,4842.988,4839.8516,4847.058,4845.2563,4848.3257,4861.4033,4866.541,4858.4673,4858.6675,4860.8027,4866.4077
5199.02734375,5202.6523,5201.048,5206.634,5220.599,5231.1177,5240.4775,5260.4453,5271.7217,5277.248,5293.8804,5301.4946,5321.8335,5321.016
7554.68701171875,7556.3447,7555.055,7558.463,7570.6665,7578.4487,7584.942,7603.5464,7611.6284,7618.329,7631.7295,7638.8677,7658.0806,7660.4624
1107.5908203125,1108.2452,1108.2838,1108.1769,1108.1769,1107.779,1108.211,1107.7961,1107.7534,1108.0828,1107.8347,1107.7148,1107.5566,1106.7012
4483.7294921875,4477.9795,4469.5825,4458.3647,4451.6626,4439.6016,4432.8696,4422.7583,4414.144,4412.1694,4402.8394,4398.5435,4397.3716,4398.4565
7769.4228515625,7765.364,7760.673,7756.92,7758.8154,7760.2515,7756.4414,7755.867,7748.3994,7746.5615,7740.09,7740.4346,7738.0986,7738.7495
1057.7281494140625,1057.6116,1057.1736,1056.1086,1056.1449,1055.825,1055.133,1054.5961,1053.1926,1053.02,1051.6311,1051.451,1050.9315,1050.6802
10371.7509765625,10386.194,10390.567,10387.923,10379.583,10372.361,10385.075,10368.496,10356.901,10358.122,10341.341,10336.865,10317.032,10292.724
7864.6240234375,7871.131,7896.1313,7878.8364,7872.158,7894.7617,7894.9326,7907.947,7938.084,7967.1943,7947.8447,7947.1597,7970.79,7998.7017
7873.3349609375,7880.9766,7902.075,7886.1265,7877.322,7898.088,7895.762,7904.733,7937.6265,7958.8906,7937.6265,7937.6265,7950.252,7972.347
9559.55859375,9559.293,9555.291,9556.741,9558.998,9558.11,9561.599,9571.937,9576.399,9584.397,9589.524,9595.199,9608.042,9614.4795
8331.5205078125,8345.383,8369.232,8353.536,8336.006,8357.002,8360.468,8362.71,8412.041,8432.019,8409.595,8407.557,8429.572,8444.453
8329.03125,8325.551,8326.467,8329.581,8344.693,8370.89,8374.553,8407.068,8414.487,8441.782,8437.89,8452.591,8471.6875,8499.097
6997.79833984375,7003.283,7002.198,6996.7734,6993.9707,7008.2407,7004.368,7005.95,6999.938,6994.4834,6985.412,6981.4644,6976.733,6977.3657
9469.6162109375,9492.141,9493.988,9495.836,9481.052,9474.583,9497.916,9493.064,9470.771,9493.295,9493.526,9496.067,9501.611,9502.536
6982.58837890625,6982.115,6980.516,6978.894,6978.759,6982.476,6979.412,6980.5835,6980.5835,6978.939,6974.884,6975.1094,6973.915,6976.416
6518.11767578125,6520.6494,6518.9307,6517.955,6517.0723,6514.6567,6516.9795,6517.2812,6514.308,6517.7925,6517.0723,6517.769,6520.4404,6519.395
6890.59814453125,6894.51,6925.8057,6915.9663,6935.645,6960.3022,6973.105,6986.9746,6999.422,7017.0254,7023.7827,7015.129,7037.771,7051.8774
4423.04150390625,4421.0063,4415.058,4398.621,4383.0063,4372.244,4363.439,4349.0767,4331.8276,4332.8745,4311.485,4310.2744,4297.3403,4282.723
4569.576171875,4573.007,4579.7114,4575.5312,4571.5083,4576.2017,4577.1084,4575.807,4586.1396,4590.399,4585.4297,4583.458,4586.337,4587.638
4553.87060546875,4556.869,4563.163,4559.3867,4555.426,4559.942,4560.8677,4559.757,4569.4194,4573.6396,4569.1973,4567.457,4570.715,4572.196
4549.306640625,4547.656,4543.7925,4542.844,4540.7017,4542.282,4540.596,4548.534,4551.098,4550.501,4549.4824,4552.573,4561.178,4562.232
4689.7900390625,4691.3374,4695.248,4691.896,4693.2715,4697.569,4695.764,4699.374,4704.1875,4707.454,4703.328,4704.1875,4705.649,4708.786
4228.72900390625,4228.2847,4228.3022,4227.8047,4229.76,4230.364,4231.892,4233.598,4231.608,4230.666,4231.3765,4231.217,4231.9453,4228.764
4557.29541015625,4567.8516,4558.0386,4571.271,4568.2974,4550.902,4576.029,4569.487,4555.214,4549.8613,4558.782,4565.3237,4565.621,4564.4316
4622.49560546875,4627.7783,4623.1772,4624.8813,4627.9487,4614.9985,4626.074,4620.281,4619.088,4623.6885,4618.236,4619.4287,4624.8813,4636.1274
5880.994140625,5884.6445,5883.268,5886.978,5899.304,5909.476,5916.6562,5934.786,5944.36,5947.232,5963.298,5969.274,5989.18,5986.2183
5875.84423828125,5878.8276,5875.903,5878.7104,5890.2935,5897.1963,5904.596,5921.853,5930.818,5933.7427,5948.6597,5955.2344,5975.379,5974.443
7978.29931640625,8002.368,8020.114,8012.9746,8016.034,8047.956,8047.6504,8052.5454,8072.331,8064.172,8054.5854,8047.854,8041.939,8042.245
10621.8447265625,10628.0205,10628.354,10629.105,10630.69,10624.766,10635.947,10627.603,10624.933,10641.789,10649.967,10646.462,10658.312,10664.653
7688.1796875,7694.2583,7696.338,7689.699,7684.4604,7681.581,7680.701,7671.3433,7665.304,7659.6655,7648.148,7645.029,7634.191,7622.5537
7723.3837890625,7730.979,7722.2524,7719.667,7721.4443,7712.2334,7714.334,7712.637,7707.87,7710.617,7710.1323,7706.0923,7698.3354,7700.194
7774.05029296875,7771.1733,7767.476,7759.838,7751.6494,7745.373,7738.916,7725.786,7716.227,7708.508,7699.165,7686.684,7673.121,7659.8467
7671.41748046875,7670.8945,7668.059,7663.435,7662.719,7658.7695,7656.6914,7655.205,7648.4473,7650.3193,7643.1006,7643.0317,7642.082,7642.7017
7222.8544921875,7213.6167,7201.646,7191.948,7186.6133,7174.209,7167.7964,7170.267,7162.908,7157.9673,7151.0293,7152.291,7163.3286,7168.795
7750.7646484375,7764.6357,7765.2495,7768.3184,7762.4263,7756.6567,7773.351,7765.7407,7754.079,7752.974,7758.621,7756.166,7754.8154,7743.277
8113.5498046875,8114.022,8109.9507,8107.045,8108.077,8101.6753,8104.286,8107.8413,8105.245,8108.402,8109.6113,8112.3994,8121.3384,8122.8135
8239.181640625,8238.153,8236.892,8237.522,8241.903,8244.51,8245.82,8252.177,8253.588,8256.675,8260.243,8263.238,8268.709,8270.111
7750.08740234375,7750.2847,7750.4165,7754.167,7765.7476,7772.393,7778.0845,7791.4746,7797.0513,7804.6836,7814.0684,7818.477,7830.228,7832.245
8639.1708984375,8636.534,8633.584,8630.008,8629.158,8636.444,8630.679,8634.701,8635.416,8634.03,8624.376,8625.762,8623.169,8630.946
1338.1353759765625,1339.6528,1340.2662,1340.7828,1341.3318,1339.9757,1341.4286,1339.7174,1340.1694,1341.1057,1341.5577,1340.5891,1341.9452,1342.6877
1139.66845703125,1140.1704,1142.0945,1142.2999,1144.8324,1146.1405,1147.6881,1148.9962,1149.6846,1150.6047,1152.1724,1151.5079,1153.0076,1153.7655
10009.7216796875,10051.584,10050.421,10055.072,10032.203,10024.451,10062.824,10038.793,10010.109,10012.435,10023.676,10014.373,10013.21,9985.302
10553.056640625,10558.08,10554.615,10555.164,10555.943,10553.316,10559.928,10564.259,10562.151,10570.64,10572.112,10575.722,10585.019,10581.554
3138.59326171875,3137.2012,3133.4128,3131.3567,3131.373,3126.5405,3127.5767,3129.6084,3126.0305,3129.414,3128.8718,3131.2678,3135.922,3139.176
44665.08984375,45995.574,46422.94,46148.78,46560.023,46664.85,46519.703,46326.18,46100.4,45793.984,44826.36,44124.832,43407.176,41891.227
1625.740478515625,1671.6816,1762.4956,1703.1995,1651.3821,1717.6228,1728.8411,1714.4176,1852.241,1909.4004,1841.557,1817.5181,1853.8436,1877.8826
2770.2666015625,2771.6448,2777.669,2774.204,2772.6685,2777.1177,2778.181,2779.9133,2787.4336,2794.009,2790.2686,2789.2842,2795.8203,2800.8997
1015.8198852539062,1018.3384,1021.8353,1023.9824,1029.3728,1032.5391,1037.481,1042.0685,1045.0524,1047.5098,1051.4688,1051.1426,1054.2318,1056.5782
3424.263916015625,3433.0908,3453.9468,3444.6006,3453.5142,3470.9084,3474.6296,3481.0334,3491.4182,3503.9663,3502.6682,3497.7356,3509.0723,3516.2983
1374.449462890625,1374.7278,1374.3374,1374.7529,1375.8102,1376.0073,1377.2863,1379.0715,1379.4996,1380.7792,1381.9581,1382.6481,1384.7972,1384.6001
9654.9052734375,9659.631,9654.117,9667.114,9673.809,9650.179,9678.142,9661.206,9655.299,9664.357,9668.689,9670.658,9688.381,9706.891
1825.512939453125,1823.1139,1818.7576,1813.609,1811.3079,1804.5809,1801.4652,1798.3779,1792.9989,1793.0621,1788.8069,1788.7058,1789.716,1791.7615
7197.2734375,7306.9355,7305.901,7323.4883,7267.6226,7227.2754,7350.386,7297.6245,7197.2734,7224.1714,7258.3115,7242.7935,7247.966,7180.7207
1472.8988037109375,1473.9807,1477.1989,1474.7853,1472.7878,1476.2279,1475.9227,1477.2544,1483.0526,1486.5759,1482.8584,1482.914,1485.1056,1488.7953
1298.485107421875,1299.6803,1299.971,1298.679,1297.9683,1298.6051,1298.2498,1297.5853,1295.3011,1294.4935,1292.3202,1291.4469,1289.923,1288.061
8692.728515625,8673.511,8640.869,8603.4,8576.592,8526.506,8489.961,8449.633,8413.562,8396.412,8360.223,8337.043,8324.507,8318.12
9420.2294921875,9420.629,9415.526,9405.033,9404.078,9400.089,9392.922,9381.688,9368.32,9356.288,9345.694,9340.123,9329.026,9317.976
7202.59521484375,7440.183,7497.716,7533.94,7511.5664,7390.1084,7568.033,7450.8374,7416.744,7409.286,7342.165,7330.4453,7177.0254,6898.951
1120.0908203125,1128.9496,1132.9103,1132.0033,1130.4009,1142.7216,1144.3694,1144.3391,1146.1229,1139.5469,1138.6549,1133.5906,1129.9473,1124.6864
1241.462890625,1242.7178,1243.9314,1245.5105,1248.1583,1250.5614,1252.8123,1256.4431,1258.8152,1260.4115,1262.8386,1263.6316,1265.4934,1265.5142
8688.1953125,8699.716,8682.728,8702.06,8697.764,8674.331,8705.965,8697.373,8683.899,8671.793,8682.728,8691.124,8691.515,8694.639
703.0458984375,705.0642,711.00903,707.3394,704.69727,709.1742,710.3852,711.11914,719.26575,724.8803,720.91705,719.9263,725.9078,729.9811
2121.63671875,2121.3838,2121.5366,2123.2542,2125.2183,2126.709,2128.8054,2133.5276,2135.847,2139.7612,2141.6277,2144.0098,2146.8655,2148.3281
7826.1220703125,7825.519,7823.9194,7823.7095,7818.6743,7820.1953,7817.1006,7819.4346,7823.526,7820.2476,7816.183,7815.1865,7815.816,7814.032
1230.4747314453125,1230.8087,1231.1771,1231.9736,1232.7788,1235.4127,1236.1644,1236.6848,1236.4106,1236.7383,1236.8368,1236.9288,1236.1237,1234.2307
1119.9273681640625,1120.9454,1118.947,1120.3232,1118.5133,1115.7985,1117.3256,1116.7223,1113.8188,1114.3468,1114.3845,1115.2894,1113.404,1113.1779
9386.119140625,9400.61,9405.457,9403.38,9397.445,9391.856,9402.391,9394.032,9387.307,9389.136,9385.922,9381.768,9375.832,9363.765
1041.6280517578125,1042.3204,1042.1326,1041.405,1041.2524,1040.7772,1040.83,1040.5366,1039.6388,1039.2662,1038.2628,1037.6584,1037.3386,1036.4717
1119.08740234375,1121.8011,1122.1041,1122.2556,1120.7914,1120.4506,1122.71,1122.1294,1120.1729,1122.2556,1122.3313,1122.3313,1122.9373,1122.3062
1112.760498046875,1115.4463,1115.766,1116.0345,1114.5382,1114.129,1116.5205,1116.0602,1114.0522,1116.495,1116.5205,1116.6741,1117.3903,1117.0321
1140.4443359375,1140.1011,1135.8102,1134.151,1129.5549,1126.3701,1124.6156,1123.376,1120.296,1121.2114,1117.7311,1118.6655,1116.5487,1115.4712
10572.4189453125,10582.173,10610.622,10616.3125,10657.6045,10680.039,10710.846,10738.808,10758.804,10775.873,10807.736,10800.381,10836.897,10848.379
8167.09033203125,8184.0474,8224.385,8196.894,8196.38,8224.128,8219.76,8226.954,8272.173,8299.92,8271.145,8264.979,8273.2,8287.331
42610.1015625,42771.832,42634.332,42650.688,42811.203,42553.77,42934.164,43419.348,43376.945,43807.008,44032.34,44226.168,44993.01,44927.594
5160.1943359375,5295.9785,5576.501,5403.413,5281.0576,5463.0986,5495.926,5451.161,5819.7197,5989.8237,5815.243,5727.207,5837.6255,5873.4365
9202.3388671875,9198.708,9197.927,9195.4,9196.228,9204.223,9200.041,9207.669,9210.058,9214.102,9206.198,9209.92,9211.758,9219.019
1074.3502197265625,1074.5851,1074.8368,1074.4229,1074.546,1075.7374,1075.2955,1075.9276,1076.5541,1076.5205,1075.564,1075.7654,1075.5696,1076.28
6672.09130859375,6884.525,7336.564,7050.026,6807.95,7134.011,7210.586,7119.19,7768.842,8055.3804,7763.9014,7637.9233,7860.238,7966.455
2868.331298828125,3007.6194,3286.195,3108.216,2964.2852,3159.2883,3194.8843,3150.0024,3546.1992,3716.4402,3529.1753,3450.2454,3564.771,3623.5815
1322.388916015625,1321.9373,1321.0948,1320.1548,1320.0693,1321.925,1320.7897,1321.1437,1319.935,1319.5077,1317.1759,1316.9684,1315.9307,1316.9073
1330.8087158203125,1332.2529,1332.4501,1332.0044,1331.2732,1333.8735,1334.2207,1334.5387,1332.9484,1332.8474,1331.4135,1330.8129,1329.9318,1328.8832
4199.81005859375,4371.2627,4716.1167,4488.162,4342.038,4581.682,4610.907,4581.682,5049.2803,5265.545,5033.694,4942.1226,5074.6084,5164.2314
4127.31689453125,4364.4414,4833.111,4509.506,4370.0205,4715.9434,4724.3125,4746.6304,5365.944,5656.0728,5335.2573,5237.6177,5396.6304,5572.382
5471.984375,5818.588,6511.7954,6041.405,5740.1895,6243.59,6288.9785,6255.9688,7238.012,7679.5195,7171.9927,7011.0693,7250.391,7485.5864
2418.427978515625,2420.3374,2434.3389,2428.3564,2434.5298,2442.2942,2448.2766,2452.6682,2459.6052,2469.9155,2470.1064,2467.4333,2480.7349,2486.8127
2010.8082275390625,2068.7139,2193.6685,2108.3337,2060.333,2157.0964,2162.43,2168.5254,2345.29,2431.3867,2342.2424,2318.623,2376.5288,2435.1963
1330.771240234375,1333.51,1332.4601,1331.6842,1331.821,1328.352,1331.6842,1329.4475,1329.5388,1331.0908,1330.3148,1328.1694,1329.4019,1329.6301
2260.956298828125,2270.0051,2296.2764,2304.0605,2340.2078,2356.603,2383.8228,2404.9978,2414.8435,2428.0217,2452.347,2444.6116,2463.3418,2477.499
1098.2620849609375,1108.4136,1119.9009,1108.9479,1112.6879,1143.4095,1132.991,1151.4238,1169.3226,1177.7377,1153.4275,1158.6368,1158.1025,1179.8748
1445.335693359375,1446.344,1446.426,1446.6605,1447.9034,1446.813,1448.9938,1449.4393,1449.4628,1451.8077,1452.6754,1452.136,1454.4575,1455.2079
1480.798828125,1483.949,1497.1641,1488.7125,1489.5577,1501.8508,1501.5435,1509.4572,1521.5966,1533.4287,1525.8223,1525.6687,1534.5043,1545.6064
1486.9783935546875,1485.8816,1484.5924,1482.9706,1482.2705,1482.2122,1480.8705,1480.7421,1480.3455,1478.502,1476.4835,1476.5419,1476.2385,1476.5068
1469.62841796875,1471.6577,1471.0236,1467.821,1465.5697,1463.3818,1461.844,1459.0219,1455.9938,1452.49,1448.1141,1445.4269,1442.914,1438.8633
1471.048095703125,1471.3617,1469.9187,1465.1193,1462.1393,1459.0964,1455.7557,1452.305,1447.9291,1444.7139,1438.7067,1436.6755,1433.9111,1429.5881
1578.2369384765625,1582.9977,1582.7666,1583.7372,1581.1488,1578.9302,1584.8003,1582.4893,1577.5436,1578.6067,1580.2706,1579.7622,1579.9933,1576.9427
1573.0667724609375,1574.3694,1577.1191,1575.2557,1573.8447,1576.2146,1576.2146,1576.486,1580.7554,1582.9081,1580.6106,1580.3031,1581.8226,1583.5593
54350.078125,54238.555,52231.105,51818.46,49398.375,47379.773,47480.145,46331.438,45160.426,44881.613,43554.47,43560.047,42701.305,41675.273
1689.8546142578125,1692.3965,1693.3518,1692.8175,1691.7543,1694.1614,1694.7334,1694.8413,1693.26,1692.3641,1690.9124,1689.4592,1687.9326,1685.4817
2615.6875,2620.7322,2618.5186,2622.0706,2621.144,2615.018,2623.3574,2620.6807,2615.018,2613.7827,2616.3052,2617.901,2615.7903,2612.959
42659.92578125,42688.727,42672.59,42670.344,42653.184,42636.227,42664.62,42663.4,42632.754,42660.742,42666.87,42666.87,42695.266,42688.113
2493.185546875,2500.7063,2498.3784,2500.8855,2495.2446,2491.932,2501.9597,2496.0505,2488.082,2486.739,2489.8726,2489.067,2487.3657,2481.9937
2633.101318359375,2635.9885,2637.5864,2642.9407,2650.4812,2659.4236,2670.9028,2678.8918,2678.0088,2682.508,2690.732,2693.0964,2695.6025,2684.663
2669.80810546875,2671.2903,2668.613,2669.139,2666.0312,2663.6406,2667.5134,2665.5054,2662.2542,2661.0112,2662.6367,2661.9197,2661.8718,2661.059
2680.115478515625,2682.053,2681.8213,2677.0198,2674.282,2672.3235,2670.1545,2665.711,2660.3828,2657.045,2650.0952,2647.4734,2643.1167,2637.6045
3071.454833984375,3075.1792,3072.9243,3072.8735,3070.6694,3068.1357,3072.1135,3072.7217,3069.6052,3072.9749,3074.7231,3074.7483,3080.449,3079.2327
1870.6397705078125,1875.9764,1906.2983,1891.8651,1898.7784,1917.9419,1929.4642,1936.4989,1955.0559,1972.4001,1970.9446,1963.9099,1990.7145,2002.9646
2604.671142578125,2621.106,2642.9705,2655.4954,2676.0024,2698.2788,2717.8494,2737.1255,2748.818,2759.2437,2774.5198,2777.633,2782.7732,2786.6104
2278.021728515625,2309.293,2322.4436,2319.389,2311.364,2353.1194,2359.643,2361.4292,2364.9238,2342.946,2339.684,2322.2363,2311.0015,2293.2432
2130.43896484375,2131.3547,2134.2039,2131.6091,2130.2356,2137.918,2136.7986,2142.039,2147.2285,2152.7488,2146.8215,2149.2126,2151.2988,2160.2532
2168.968994140625,2171.876,2179.1438,2173.7837,2170.4226,2180.9607,2178.871,2186.775,2201.0376,2208.6687,2199.584,2203.0361,2209.2139,2219.343
2087.4892578125,2093.3057,2104.083,2097.4968,2099.6353,2110.4128,2108.6165,2115.4595,2127.691,2135.6458,2129.0596,2130.1714,2136.0735,2143.6006
1788.2957763671875,1811.2783,1856.7091,1827.3127,1799.5198,1833.4592,1840.4075,1831.8558,1902.6743,1931.8035,1898.933,1886.6399,1908.2864,1920.3121
2140.7900390625,2176.4863,2253.538,2202.6055,2168.6506,2224.3716,2232.2075,2226.1128,2332.7664,2382.3928,2331.4604,2312.3062,2346.2612,2371.5098
12376.498046875,12554.27,12989.088,12720.029,12532.648,12854.559,12919.421,12897.8,13481.562,13817.885,13551.229,13447.929,13781.85,13969.23
1379.9088134765625,1384.8539,1392.7241,1387.2219,1387.6398,1395.719,1393.351,1397.0424,1407.4896,1411.9471,1404.9823,1405.4001,1406.5842,1412.574
5422.57763671875,5430.3755,5436.386,5431.5127,5435.411,5454.012,5448.6514,5458.723,5466.9272,5469.77,5457.424,5458.561,5457.505,5466.7646
6900.0,6900.0,6899.9995,6899.9995,6899.9995,6900.0,6899.9995,6899.9995,6899.9995,6899.9995,6899.999,6899.999,6899.999,6899.999
474.5888671875,644.05664,963.927,739.3823,557.20435,811.406,824.11597,815.6428,1336.7559,1531.6438,1260.4954,1209.655,1313.4541,1457.5017
1316.0390625,1317.401,1318.7954,1320.6129,1322.3116,1324.7075,1326.1969,1327.8892,1329.2361,1330.5701,1331.8134,1332.694,1332.8063,1332.3486
1498.4027099609375,1540.2703,1624.5491,1564.1946,1541.9015,1603.3435,1600.6248,1612.0432,1724.0525,1781.1445,1717.5277,1702.8469,1731.6648,1768.095
1236.6795654296875,1237.2983,1236.8146,1236.0215,1235.8865,1237.5032,1236.7013,1236.649,1236.0084,1234.9408,1233.6641,1233.1411,1232.3131,1232.3741
2025.43701171875,2026.0558,2023.9841,2022.908,2020.0829,2017.473,2017.3385,2014.5673,2012.6033,2010.1548,2007.1145,2005.877,2002.9442,2000.2134
1650.25732421875,1652.8552,1655.9553,1656.6642,1656.2827,1659.8319,1661.865,1662.18,1661.417,1660.526,1660.3488,1659.2659,1656.7332,1651.0647
1805.297119140625,1810.0729,1810.4141,1811.4375,1812.2561,1808.9131,1811.5056,1809.5271,1810.0046,1809.7318,1807.8896,1805.7747,1808.2308,1809.6636
12651.4345703125,12833.0,12909.258,12923.783,12934.677,12820.291,13147.108,12960.096,12836.631,13245.153,13428.535,13421.271,13709.961,13749.905
5515.5478515625,5516.38,5515.118,5516.7817,5520.1646,5523.8657,5527.865,5530.9707,5531.8335,5533.759,5536.911,5538.429,5540.755,5537.762
1520.159423828125,1519.3533,1516.7688,1517.2904,1522.6254,1523.4197,1526.348,1533.9712,1535.631,1539.1046,1544.287,1547.5157,1556.39,1558.109
5569.43017578125,5576.823,5585.055,5589.1187,5601.702,5612.451,5621.2856,5630.6846,5636.734,5643.0566,5650.5693,5649.403,5654.515,5652.909
5544.5869140625,5560.774,5562.7446,5563.448,5556.27,5549.3726,5565.982,5559.2256,5546.276,5551.7656,5553.314,5551.062,5549.232,5539.0977
5504.65380859375,5517.034,5517.2573,5517.034,5511.569,5506.271,5516.923,5512.2383,5503.594,5507.9443,5508.0557,5506.104,5506.271,5497.5713
5493.83740234375,5505.0947,5505.042,5504.4106,5499.7817,5494.679,5504.2,5500.255,5492.68,5497.1514,5496.8887,5495.258,5496.152,5487.9985
5475.66650390625,5484.701,5483.999,5483.11,5479.9263,5475.1514,5482.5947,5480.4414,5474.543,5479.318,5478.522,5477.82,5480.2075,5473.2324
5165.47900390625,5170.0483,5194.893,5182.233,5186.897,5202.699,5210.505,5215.1694,5230.6855,5244.869,5242.394,5235.921,5255.245,5264.8594
1169.91943359375,1172.8147,1173.8052,1174.1608,1173.0687,1172.3068,1175.964,1174.7449,1172.2306,1173.8815,1174.6687,1174.6179,1174.6941,1173.2972
1788.573486328125,1789.428,1801.8928,1802.6467,1816.5692,1825.1136,1835.0151,1843.1826,1846.7009,1853.9637,1863.6642,1860.2465,1871.6683,1879.4181
6362.75048828125,6382.3145,6463.202,6422.57,6433.4805,6479.756,6505.339,6514.368,6579.0786,6634.3833,6615.948,6596.009,6665.234,6690.4404
7137.330078125,7132.0044,7123.309,7122.4395,7124.4863,7122.983,7126.66,7143.0635,7148.0728,7155.844,7159.4805,7168.113,7185.336,7203.5234
13438.5244140625,13449.971,13427.682,13423.063,13408.004,13390.032,13400.875,13394.55,13391.939,13392.241,13392.542,13389.932,13388.627,13392.04
11480.99609375,11487.797,11501.178,11488.674,11483.409,11510.61,11499.861,11518.289,11543.077,11560.1875,11532.986,11540.444,11544.612,11575.1045
11614.931640625,11636.93,11639.147,11635.3955,11624.311,11611.18,11628.0625,11615.442,11600.691,11601.971,11598.6455,11592.762,11587.134,11566.926
760.3463745117188,760.06995,760.08575,759.6909,759.0513,759.54877,759.3119,759.7462,760.73724,760.4885,759.5251,759.87256,759.66724,760.35425
4353.37060546875,4347.257,4332.1953,4315.477,4315.404,4302.731,4289.717,4271.2437,4251.7466,4230.3003,4214.898,4204.4673,4194.524,4179.8037
17218.283203125,17284.977,17276.0,17276.0,17244.576,17211.87,17275.357,17259.326,17204.174,17229.184,17244.576,17235.598,17261.25,17223.412
13296.37890625,13333.893,13325.065,13348.235,13336.834,13305.205,13367.728,13347.868,13305.573,13304.103,13326.904,13335.363,13333.893,13313.297
14889.4130859375,14931.892,14920.847,14948.458,14936.139,14898.333,14970.972,14948.458,14900.032,14899.183,14925.52,14936.563,14936.563,14915.324
8982.7978515625,8989.377,8987.035,8986.6455,8982.464,8974.436,8984.248,8984.75,8975.439,8986.533,8983.188,8986.868,8991.941,8989.433
1135.9183349609375,1137.1334,1136.493,1137.0841,1136.1154,1135.048,1137.1663,1136.4602,1134.5554,1134.4896,1135.1958,1135.2778,1135.2615,1134.4896
3313.017578125,3314.0125,3312.961,3315.1042,3318.453,3319.836,3323.6335,3330.6804,3335.224,3338.9407,3343.357,3347.3284,3354.2842,3357.3901
2143.918701171875,2148.1238,2148.264,2149.5256,2149.876,2146.512,2149.876,2147.423,2147.9136,2147.6333,2145.3206,2144.4094,2147.0024,2148.5444
15335.921875,15345.071,15343.286,15348.196,15347.08,15334.136,15347.526,15339.716,15339.716,15343.51,15336.591,15335.698,15343.286,15351.544
4652.08740234375,4668.453,4672.5444,4677.318,4685.501,4668.453,4683.796,4667.43,4672.2036,4677.318,4676.6357,4667.0894,4681.7505,4691.638
5149.85400390625,5151.9243,5175.072,5161.8984,5177.7065,5204.994,5219.1084,5250.5366,5266.909,5298.337,5299.372,5306.335,5339.363,5373.2373
11910.3056640625,11915.83,11908.168,11919.75,11926.165,11902.109,11929.729,11919.394,11903.179,11918.324,11925.452,11930.441,11946.122,11961.091
1984.056396484375,1988.3641,1988.4012,1988.6611,1986.6559,1985.579,1989.4038,1988.1412,1985.0962,1987.0643,1988.2156,1987.5471,1989.0697,1986.8416
12990.822265625,12991.905,12990.531,12991.509,12994.521,12994.099,12996.53,13003.824,13008.423,13017.039,13016.669,13018.148,13025.707,13031.31
14411.5185546875,14395.389,14371.91,14346.08,14339.922,14317.764,14300.174,14291.605,14270.965,14263.271,14235.416,14230.429,14239.13,14259.451
1701.84521484375,1697.865,1694.3269,1692.042,1687.128,1688.0126,1686.9806,1691.2803,1693.0739,1692.1648,1688.6514,1691.3049,1695.0149,1700.2728
2169.4755859375,2175.19,2174.86,2177.2778,2175.08,2171.5635,2180.4097,2177.223,2170.7944,2171.3987,2174.5854,2174.86,2174.7502,2170.8494
7410.87548828125,7445.9297,7456.2393,7460.879,7473.251,7450.569,7468.6113,7443.352,7454.1777,7465.003,7473.251,7445.9297,7469.6426,7479.437
1545.789794921875,1547.8949,1545.9376,1547.7472,1545.4944,1543.1677,1547.858,1546.4546,1542.0967,1541.9858,1543.7955,1544.4233,1544.571,1544.1279
779.8540649414062,782.3646,785.4108,787.3217,792.02295,794.7294,798.85895,802.89856,805.7749,807.5099,810.9079,810.8679,813.3865,814.05804
12531.6552734375,12544.513,12525.982,12543.756,12545.646,12515.205,12543.756,12538.84,12521.066,12517.475,12524.092,12535.814,12532.411,12542.243
4482.6064453125,4476.5938,4462.625,4453.524,4458.8164,4445.9175,4452.3125,4454.975,4438.8022,4444.499,4440.723,4446.114,4457.9873,4460.2354
1119.4979248046875,1121.2289,1124.2306,1122.2601,1121.4131,1123.5676,1123.7517,1123.7886,1128.0056,1129.7181,1127.8583,1127.3427,1128.687,1129.663
4907.0478515625,4895.7285,4877.304,4851.39,4840.69,4816.6636,4802.53,4776.2314,4753.4395,4746.488,4721.204,4714.253,4704.287,4705.5176
17155.681640625,17215.445,17214.766,17219.52,17227.668,17188.959,17221.557,17202.541,17199.824,17198.467,17177.414,17155.002,17175.377,17178.771
1532.8011474609375,1537.9064,1536.4414,1535.7311,1532.5792,1529.7601,1531.9133,1531.78,1530.4482,1530.8478,1529.1609,1526.7415,1527.7847,1525.0767
631.1538696289062,633.1678,634.1748,634.3945,634.1199,633.7903,636.6281,635.76764,634.55927,636.6098,637.15906,637.7083,637.9646,637.7083
1371.775390625,1371.953,1371.0183,1371.1024,1370.4202,1370.0089,1371.0464,1372.1213,1372.2615,1373.4673,1374.5889,1374.6824,1376.9443,1378.3278
3522.64404296875,3523.4995,3523.401,3525.5393,3530.5728,3533.9944,3536.7908,3543.0498,3546.0273,3548.9307,3553.9602,3555.9136,3562.004,3562.2466
2145.69677734375,2144.2505,2140.9695,2139.0354,2139.0173,2135.655,2136.5408,2137.8604,2134.8596,2137.6885,2136.8027,2138.484,2141.286,2144.0698
1002.8916015625,1003.7121,1003.0504,1003.2754,1002.4284,1001.67413,1003.0372,1002.6931,1001.2242,1001.555,1002.00494,1002.0447,1002.4946,1002.19025
12888.626953125,12906.506,12909.8,12917.328,12930.032,12903.683,12927.68,12904.153,12908.858,12917.799,12917.799,12908.858,12927.68,12943.677
12895.7353515625,12913.626,12916.922,12924.455,12937.167,12910.802,12934.813,12911.272,12915.98,12924.926,12924.926,12915.98,12934.813,12950.821
15452.9736328125,15454.365,15443.893,15445.535,15456.528,15452.355,15462.073,15484.645,15496.223,15507.516,15521.407,15535.009,15566.502,15577.63
4811.4375,4817.737,4816.1943,4816.451,4813.109,4809.637,4816.387,4813.5586,4809.316,4809.637,4812.08,4810.923,4813.3657,4808.3516
15555.0654296875,15556.141,15541.95,15553.99,15552.7,15534.748,15550.335,15550.12,15540.016,15536.79,15540.445,15546.035,15546.466,15556.141
1124.142578125,1128.1576,1133.6665,1130.1184,1131.3789,1136.9813,1135.7675,1138.0084,1144.4512,1146.5986,1142.6304,1142.5836,1142.9572,1145.4783
14126.302734375,14153.073,14147.85,14176.579,14176.579,14124.345,14228.813,14175.926,14117.815,14232.078,14282.354,14288.883,14390.087,14429.263
1614.32763671875,1614.9877,1615.0383,1617.1324,1621.0225,1623.8082,1627.3365,1633.8866,1637.7087,1641.0752,1645.054,1647.2115,1651.8694,1653.8746
2433.5439453125,2434.2595,2434.4253,2437.0122,2440.0574,2443.2568,2446.3147,2453.6997,2458.647,2463.1318,2467.093,2470.0247,2475.295,2476.9526
2772.2978515625,2775.92,2771.0562,2775.8164,2777.058,2768.2102,2775.92,2774.4712,2769.6072,2769.6072,2770.9526,2774.0571,2773.2292,2776.5408
7762.1025390625,7773.875,7830.5957,7808.4785,7838.801,7891.9546,7930.125,7980.425,8020.736,8072.4624,8087.4453,8084.948,8163.7866,8214.979
6754.54345703125,6741.307,6718.2886,6679.3345,6663.3984,6631.9336,6608.1895,6565.9263,6526.449,6506.0146,6467.0024,6445.29,6419.514,6405.349
10654.4228515625,10674.188,10744.179,10706.592,10699.463,10746.7705,10765.24,10778.849,10843.33,10889.342,10867.308,10852.402,10914.616,10946.694
7543.99462890625,7567.5063,7624.936,7624.936,7687.1836,7732.7617,7762.8257,7788.746,7813.0283,7828.9277,7862.1714,7837.6484,7867.7124,7864.8696
11244.1767578125,11266.857,11332.281,11289.102,11260.751,11318.324,11318.761,11341.005,11431.727,11495.843,11443.939,11439.577,11494.534,11552.544
9600.029296875,9623.378,9674.285,9639.071,9623.378,9673.52,9664.333,9688.829,9760.788,9803.657,9759.257,9761.171,9787.964,9834.66
9181.44140625,9204.556,9305.077,9244.334,9226.058,9298.627,9327.116,9359.907,9457.74,9546.436,9503.97,9488.918,9593.202,9670.071
10001.275390625,10019.378,10014.042,10023.189,10013.09,10001.466,10029.668,10018.615,9998.607,9993.653,10005.086,10005.277,10004.8955,9991.176
1840.02099609375,1844.0509,1841.9377,1845.4761,1844.9846,1839.4805,1847.9825,1845.7218,1839.8735,1840.9056,1843.8052,1845.8202,1846.0659,1845.771
5632.77294921875,5629.2334,5618.284,5605.5884,5602.143,5582.769,5582.368,5578.911,5561.767,5567.938,5557.7275,5563.3657,5569.3184,5575.7134
4811.60791015625,4825.5464,4832.8125,4835.5557,4833.7764,4865.9907,4871.8105,4885.527,4894.785,4898.594,4896.685,4896.9443,4899.7896,4904.743
2713.411376953125,2724.7527,2726.731,2728.5771,2730.0278,2724.7527,2728.4453,2724.6208,2725.544,2725.1484,2723.6978,2717.7632,2723.1702,2724.3572
5019.1875,5038.546,5043.886,5043.352,5049.7603,5038.546,5049.226,5032.1377,5041.75,5049.7603,5056.7026,5034.8076,5048.158,5054.2993
1015.0581665039062,1016.9029,1020.5176,1018.1244,1015.9805,1018.87225,1019.4456,1019.2213,1025.5532,1028.2456,1025.4037,1024.8303,1027.4728,1029.2178
9745.7548828125,9772.882,9781.02,9786.896,9793.679,9774.689,9773.786,9762.936,9766.552,9785.089,9796.844,9762.483,9793.227,9809.05
10310.30078125,10318.08,10313.326,10326.292,10337.098,10307.707,10340.555,10321.538,10312.894,10323.267,10326.725,10330.614,10347.471,10364.759
2788.66845703125,2799.5854,2798.5254,2801.599,2795.4517,2790.6821,2804.8848,2799.1614,2787.8206,2788.6685,2793.7559,2792.696,2793.332,2786.1248
10783.7763671875,10792.385,10786.843,10796.041,10792.739,10781.771,10801.349,10796.513,10782.715,10784.366,10792.385,10796.395,10799.933,10799.461
15000.431640625,15013.228,14992.434,14993.073,14973.238,14959.322,14983.476,14993.713,14962.041,14991.794,15004.59,15008.43,15049.059,15057.696
11347.0986328125,11364.356,11369.246,11370.396,11378.45,11364.069,11374.424,11362.343,11366.37,11374.136,11376.725,11361.48,11376.4375,11384.203
14685.3466796875,14699.361,14680.981,14702.577,14699.82,14671.103,14708.551,14699.361,14680.981,14674.089,14687.874,14697.523,14703.956,14713.1455
1096.8057861328125,1097.2356,1096.7986,1097.6798,1099.693,1100.4166,1102.3223,1105.8668,1107.8949,1109.3755,1111.6896,1113.2228,1116.7655,1118.0765
11457.1689453125,11458.329,11456.3955,11454.763,11455.192,11452.186,11455.364,11457.513,11458.114,11463.226,11462.624,11460.5625,11465.933,11470.916
10584.0,10606.259,10686.162,10631.371,10594.845,10668.469,10671.894,10710.703,10821.997,10911.031,10843.114,10844.256,10923.017,11012.052
729.0407104492188,727.29944,733.9743,725.99347,714.67523,731.2173,726.13855,742.24536,765.1721,783.3103,762.26996,770.1057,781.2789,808.4862
2405.646728515625,2418.3481,2418.0671,2418.573,2414.077,2410.4238,2420.8772,2420.54,2413.9646,2422.1138,2425.0923,2424.0247,2432.6797,2425.9917
11176.091796875,11182.208,11177.315,11177.723,11155.906,11163.654,11139.596,11144.081,11174.257,11147.344,11103.711,11081.283,11053.146,11023.786
11491.5322265625,11526.188,11599.055,11550.181,11518.19,11573.729,11576.395,11578.172,11683.917,11729.236,11677.253,11664.812,11694.137,11724.793
7580.478515625,7616.0747,7694.8184,7639.2666,7611.7603,7680.256,7674.323,7693.7393,7808.6187,7866.867,7803.225,7797.2925,7832.8887,7886.8228
9014.3857421875,9024.633,9060.106,9030.939,9003.35,9053.012,9042.37,9077.843,9146.818,9197.663,9143.2705,9155.096,9185.839,9252.449
9555.11328125,9569.094,9637.107,9637.107,9720.234,9780.691,9841.903,9908.594,9943.356,9997.011,10053.5,10039.708,10121.985,10180.08
8613.751953125,8620.076,8672.775,8663.139,8713.128,8760.406,8800.759,8849.845,8875.743,8923.172,8953.286,8946.059,9012.61,9061.395
9346.1669921875,9355.876,9423.843,9391.247,9409.972,9464.068,9489.382,9528.566,9572.26,9629.476,9623.928,9613.178,9685.4795,9736.801
7450.85693359375,7473.1133,7485.471,7492.603,7487.684,7492.8486,7508.588,7501.026,7496.4146,7498.382,7488.791,7488.8525,7470.162,7432.4434
8522.6630859375,8569.286,8584.77,8581.603,8575.269,8556.971,8583.01,8549.2295,8540.257,8535.154,8514.042,8504.893,8462.844,8411.293
8215.9736328125,8230.273,8267.748,8244.08,8227.314,8258.872,8262.077,8272.679,8325.192,8360.201,8333.082,8330.37,8364.64,8395.457
2093.41796875,2091.3484,2100.0146,2091.219,2085.657,2102.0842,2099.4973,2118.6409,2134.2922,2153.9531,2137.526,2145.8042,2159.4504,2186.6785
6942.361328125,6954.1636,6956.487,6957.323,6953.0483,6948.216,6960.483,6953.42,6946.822,6947.3794,6949.2383,6946.636,6943.2905,6932.4175
8947.57421875,8960.983,8951.351,8951.196,8955.975,8943.1045,8962.448,8980.48,8977.398,8999.13,9007.839,9017.395,9053.2295,9044.752
9272.341796875,9275.503,9269.258,9272.953,9288.835,9287.076,9303.492,9329.149,9335.356,9350.549,9367.169,9378.003,9409.357,9409.103
3180.7783203125,3197.7273,3208.4182,3221.6123,3228.8613,3255.569,3271.8728,3288.5872,3302.081,3317.1787,3324.2454,3327.0615,3330.5034,3330.5554
7988.82958984375,8001.0596,7998.666,8000.102,7999.493,7992.2246,8006.152,8015.2915,8010.243,8024.8667,8028.8706,8032.4395,8050.719,8042.7983
14330.80859375,14358.415,14349.713,14369.818,14360.216,14335.91,14385.422,14369.818,14337.11,14334.409,14353.014,14359.916,14360.216,14345.512
10152.5361328125,10157.36,10154.948,10169.328,10198.552,10213.8125,10239.278,10286.134,10312.174,10336.317,10366.747,10382.982,10422.781,10436.79
2049.36669921875,2050.7158,2050.837,2053.8464,2059.5024,2063.3423,2068.1768,2076.702,2081.8,2086.1133,2091.951,2094.5195,2101.3257,2103.3667
14125.060546875,14156.918,14191.961,14223.069,14294.28,14366.803,14423.022,14514.565,14571.886,14624.8955,14670.948,14682.941,14726.793,14759.025
1192.4031982421875,1192.425,1192.2238,1193.414,1195.3612,1196.6564,1198.6058,1202.754,1205.0623,1207.574,1209.7488,1211.4203,1214.4833,1215.8136
12962.2724609375,12983.654,12978.833,12993.087,12987.008,12970.028,13005.664,12992.458,12971.286,12970.238,12983.235,12987.847,12986.799,12975.06
3086.16162109375,3088.3347,3087.742,3087.6926,3081.1243,3083.6924,3078.161,3080.6304,3091.446,3084.5813,3075.1978,3071.9382,3069.0737,3063.246
3835.286865234375,3842.7878,3836.1204,3838.6206,3828.897,3823.7576,3837.3704,3832.9253,3819.0347,3820.0068,3826.3967,3825.1465,3829.3137,3825.841
16414.591796875,16460.273,16471.787,16478.102,16463.988,16445.047,16501.5,16475.502,16441.332,16449.504,16462.502,16456.56,16446.16,16408.65
4852.85400390625,4881.1367,4882.5166,4886.8857,4874.6987,4864.121,4894.4736,4879.0674,4858.1426,4856.303,4866.1904,4860.672,4857.6826,4834.4585
12230.888671875,12257.03,12253.666,12253.148,12245.513,12235.03,12255.606,12253.925,12242.795,12255.995,12261.301,12258.583,12276.572,12258.454
7263.8154296875,7281.2466,7307.3164,7290.6567,7295.13,7313.0244,7311.6357,7314.104,7343.105,7348.658,7336.3174,7332.3066,7333.2324,7334.929
12217.6494140625,12245.483,12245.004,12245.724,12234.445,12224.848,12249.322,12237.325,12221.248,12224.128,12230.847,12224.848,12228.447,12207.092
7258.7958984375,7285.057,7289.1924,7296.8433,7294.569,7279.474,7318.1416,7300.772,7281.7485,7291.674,7303.4604,7305.735,7300.979,7285.057
3233.1826171875,3234.6248,3240.908,3235.2427,3232.0496,3245.3372,3240.4958,3250.7964,3262.2297,3275.2083,3261.3027,3265.629,3270.367,3288.7532
13404.7333984375,13427.917,13421.785,13421.187,13418.195,13403.836,13424.926,13433.003,13426.272,13444.819,13451.4,13454.393,13484.308,13468.303
14997.71484375,14998.331,14980.732,14991.644,15011.985,15020.976,15050.132,15080.402,15083.159,15117.889,15136.31,15153.674,15190.163,15186.995
5005.06005859375,5027.1445,5061.375,5034.874,5034.874,5063.3076,5056.9585,5067.7246,5116.034,5130.113,5101.955,5100.851,5104.1636,5119.3467
12657.2119140625,12660.654,12661.187,12667.246,12674.605,12683.293,12689.307,12701.854,12711.36,12718.167,12726.713,12732.116,12739.753,12738.402
1628.5439453125,1632.0806,1629.3148,1633.1687,1632.806,1627.3651,1634.937,1632.8513,1628.68,1627.5465,1630.2216,1632.1713,1632.4432,1632.4432
1668.026611328125,1670.0784,1667.7137,1670.4608,1668.7222,1665.4186,1670.5304,1669.522,1666.0098,1663.819,1665.9054,1666.8444,1666.6704,1665.8359
13235.6875,13273.192,13281.473,13290.24,13293.65,13276.115,13291.215,13273.192,13280.986,13280.012,13275.628,13255.171,13277.576,13284.3955
10270.1767578125,10290.371,10291.111,10296.855,10288.518,10280.736,10306.859,10295.002,10276.846,10279.625,10287.406,10285.184,10282.774,10266.842
14686.509765625,14710.4375,14700.467,14721.831,14717.844,14690.782,14740.632,14724.11,14695.34,14703.031,14720.692,14729.237,14735.22,14730.662
15128.408203125,15162.05,15169.591,15178.291,15191.052,15161.471,15191.632,15161.471,15172.49,15173.65,15167.851,15152.189,15175.971,15186.411
3584.40478515625,3593.0024,3597.1128,3594.6653,3591.8728,3596.0774,3597.364,3595.9832,3591.8413,3587.7778,3582.5535,3577.439,3571.7986,3562.7734
10194.0087890625,10221.443,10220.3,10221.7295,10214.728,10204.439,10228.588,10232.16,10220.3,10241.019,10244.448,10244.877,10265.31,10247.0205
1537.6051025390625,1545.0942,1546.2902,1546.2902,1543.585,1541.5632,1547.5431,1545.1511,1541.3639,1543.4995,1544.4108,1542.9016,1543.6704,1538.1461
1569.0880126953125,1574.8292,1576.0471,1576.2645,1574.1769,1572.3936,1577.6998,1575.1772,1571.7412,1572.8721,1573.7854,1572.6111,1572.0457,1567.6963
6058.65673828125,6085.0054,6072.1445,6091.5923,6075.9087,6053.324,6100.689,6081.5547,6052.697,6037.6406,6056.1475,6059.284,6054.579,6031.367
13907.03515625,13909.724,13923.165,13914.894,13909.62,13921.718,13923.372,13929.679,13950.978,13964.832,13953.355,13953.976,13967.417,13979.308
15206.1875,15212.795,15208.183,15205.652,15213.378,15208.078,15216.431,15225.63,15227.035,15229.968,15237.018,15239.589,15258.229,15250.476
14687.287109375,14692.921,14688.28,14686.008,14694.124,14689.83,14697.606,14706.871,14708.631,14710.875,14718.216,14720.841,14738.661,14731.814
5913.43408203125,5920.3706,5923.242,5926.356,5931.4043,5938.586,5943.661,5949.0967,5959.117,5960.0864,5966.94,5967.6255,5974.9517,5968.4526
15623.67578125,15639.45,15641.009,15637.295,15635.689,15662.607,15658.939,15659.489,15659.489,15645.183,15638.35,15629.82,15621.107,15613.7705
11490.6396484375,11496.639,11504.606,11511.074,11530.759,11543.694,11557.239,11574.347,11585.36,11595.742,11612.415,11613.88,11631.682,11636.389
1422.048095703125,1423.7086,1426.3502,1427.3126,1432.0488,1435.2377,1438.6248,1442.6298,1445.0592,1447.557,1450.5714,1450.3442,1453.5363,1456.027
12745.6787109375,12758.666,12766.876,12777.458,12784.023,12809.759,12813.258,12820.206,12825.186,12827.608,12830.165,12830.67,12825.421,12806.234
11461.7607421875,11474.857,11518.415,11488.807,11478.273,11516.707,11516.707,11536.921,11587.881,11634.855,11602.97,11600.408,11638.557,11682.4
6793.6953125,6809.661,6829.203,6839.6763,6871.2246,6894.0874,6916.7266,6938.919,6957.7104,6967.4976,6990.8315,6988.4644,7005.767,7001.84
4855.35205078125,4862.21,4876.0786,4865.7153,4854.133,4871.2017,4869.83,4878.6694,4910.3696,4925.153,4907.169,4911.741,4925.153,4944.508
12382.4208984375,12400.557,12433.303,12412.312,12409.625,12427.929,12429.775,12428.601,12463.192,12479.313,12462.857,12452.949,12461.514,12460.002
17175.47265625,17218.254,17313.537,17247.422,17207.234,17289.555,17289.555,17308.352,17450.953,17526.143,17451.602,17443.822,17500.215,17566.979
14849.9248046875,14866.538,14921.419,14889.974,14879.591,14916.376,14931.209,14941.295,15001.517,15045.125,15020.503,15011.603,15065.001,15095.557
5414.9853515625,5424.8774,5467.659,5442.435,5433.78,5464.939,5480.2715,5495.851,5541.106,5580.4263,5562.126,5556.933,5606.639,5640.766
4854.173828125,4849.3335,4834.7397,4808.803,4804.685,4784.221,4767.1055,4747.1675,4725.105,4708.669,4686.2725,4675.8687,4670.884,4663.876
15930.240234375,15946.979,15946.347,15965.928,15974.139,15939.399,15989.298,15957.716,15942.557,15965.296,15977.928,15978.56,16008.878,16023.405
13160.33203125,13213.897,13222.956,13223.35,13204.051,13189.084,13233.196,13211.141,13183.57,13190.266,13198.931,13186.327,13185.539,13142.215
790.3031616210938,792.8255,798.0803,794.8223,792.05475,796.04846,797.13446,796.7491,805.40204,809.6409,805.9626,804.7715,809.2556,811.56775
15988.3974609375,16030.399,16033.235,16032.526,16016.222,16002.044,16036.07,16020.12,15995.486,16004.171,16009.133,16000.626,16003.107,15969.967
942.7244873046875,950.86163,949.1416,949.9355,947.28925,943.38605,947.0246,947.2231,946.0323,944.5107,940.87213,938.09357,939.0198,934.78577
16604.72265625,16645.562,16647.445,16648.01,16635.4,16621.85,16655.162,16650.268,16634.082,16656.291,16658.926,16655.727,16673.982,16642.928
2094.79150390625,2100.6077,2101.086,2100.8845,2098.8955,2096.6296,2101.2874,2099.802,2096.9065,2099.1724,2099.248,2098.4424,2099.7012,2095.0435
4277.2138671875,4294.702,4290.001,4290.7534,4280.2227,4272.701,4289.437,4288.3086,4270.0684,4283.2314,4288.4966,4287.18,4300.3438,4295.4546
6571.99658203125,6575.1255,6584.8413,6579.0776,6576.5527,6583.5786,6586.3784,6588.7935,6599.8267,6607.841,6603.23,6602.187,6612.5063,6618.764
12639.2685546875,12644.895,12656.367,12659.015,12679.091,12692.879,12710.694,12731.487,12744.228,12757.079,12774.314,12776.107,12801.3545,12814.37
15672.30078125,15678.396,15670.149,15673.138,15663.695,15657.241,15669.3125,15667.042,15654.492,15658.795,15664.771,15664.651,15674.213,15673.8545
3922.596435546875,3924.4614,3922.0134,3923.6455,3927.4922,3918.0503,3926.9094,3921.4307,3921.1975,3923.762,3921.081,3923.1792,3926.443,3933.7869
4167.361328125,4187.247,4229.0845,4200.9346,4176.6587,4208.1655,4212.298,4209.1987,4273.504,4302.4287,4269.8887,4260.333,4279.702,4295.714
10588.8251953125,10599.599,10590.806,10589.697,10582.488,10570.448,10581.934,10581.221,10572.903,10580.667,10584.786,10585.657,10602.608,10599.282
13194.5927734375,13216.393,13204.803,13205.079,13187.694,13167.551,13194.593,13188.522,13157.341,13167.826,13173.621,13172.518,13184.107,13176.1045
2768.7333984375,2787.523,2834.0884,2806.585,2788.8848,2823.7405,2830.0037,2833.5437,2894.5417,2933.4824,2905.9788,2896.448,2937.2947,2962.6196
16456.009765625,16468.268,16461.596,16462.371,16455.389,16449.414,16460.742,16461.75,16452.518,16466.406,16469.975,16470.209,16486.035,16484.328
16901.69140625,16911.059,16884.334,16909.406,16912.713,16866.975,16912.713,16907.201,16873.037,16879.648,16891.22,16912.16,16916.018,16936.959
2197.20068359375,2196.1353,2193.8862,2190.2876,2189.009,2185.7773,2183.8418,2181.56,2177.2632,2176.6157,2172.6907,2172.01,2171.3472,2171.0454
11475.26171875,11489.047,11485.341,11485.192,11476.003,11467.11,11481.19,11478.078,11461.996,11471.408,11472.742,11471.408,11477.337,11473.039
3326.948486328125,3327.8975,3327.6223,3326.426,3326.4604,3326.873,3326.5222,3326.8936,3324.5076,3325.1333,3322.84,3322.438,3321.7366,3320.8428
13229.5556640625,13254.386,13256.398,13254.386,13247.898,13236.9375,13247.898,13242.306,13240.069,13243.648,13238.056,13218.595,13228.885,13218.818
6345.0537109375,6357.866,6357.9956,6364.208,6359.937,6352.819,6374.5615,6367.4434,6352.948,6360.196,6368.2197,6370.808,6373.6553,6369.773
15076.1259765625,15065.537,15048.1,15037.103,15037.459,15041.48,15026.818,15034.607,15025.646,15025.8,15005.944,15009.66,15015.668,15036.898
10386.8056640625,10382.359,10360.233,10356.546,10333.7705,10307.85,10303.836,10299.823,10284.043,10285.345,10275.529,10284.043,10284.856,10288.978
11272.9091796875,11287.304,11257.39,11279.207,11263.237,11229.949,11251.991,11250.417,11223.202,11215.33,11222.977,11236.922,11220.278,11220.053
13991.9423828125,13954.823,13896.833,13865.872,13812.586,13748.803,13721.989,13701.771,13655.682,13675.952,13642.254,13653.929,13660.856,13676.658
12611.203125,12635.038,12688.233,12651.964,12629.856,12674.07,12674.416,12681.324,12759.391,12799.114,12758.3545,12751.445,12779.425,12811.895
6510.67333984375,6541.8057,6542.6357,6549.2773,6551.353,6531.013,6548.8623,6536.8247,6540.1455,6536.8247,6523.9565,6511.0884,6526.8623,6533.919
14825.7255859375,14835.685,14874.489,14857.491,14865.904,14891.488,14908.144,14917.587,14946.09,14967.8955,14967.553,14958.796,14996.57,15010.649
6788.34326171875,6793.039,6791.727,6791.395,6794.884,6793.513,6799.967,6805.0806,6805.583,6807.2524,6811.8125,6812.7817,6822.548,6816.4917
13726.3671875,13731.766,13731.766,13737.392,13751.914,13768.793,13776.548,13798.788,13810.877,13814.679,13834.675,13840.396,13864.717,13858.929
12717.23046875,12726.351,12771.223,12758.089,12783.809,12814.818,12837.619,12855.3125,12877.019,12900.002,12912.224,12901.462,12942.32,12959.193
16732.36328125,16746.453,16767.104,16749.855,16750.826,16774.633,16766.617,16778.764,16813.26,16822.248,16798.197,16802.084,16802.57,16817.633
11712.001953125,12001.947,12178.436,12222.072,12172.617,12672.99,12787.659,12899.662,13030.089,12981.118,12979.663,12885.844,12850.691,12743.537
16536.23828125,16544.83,16567.86,16554.11,16541.908,16560.984,16565.453,16571.467,16609.963,16633.162,16614.604,16613.057,16639.865,16657.395
16114.5048828125,16125.886,16179.149,16164.354,16196.448,16234.006,16262.914,16286.814,16313.219,16342.127,16358.402,16346.224,16397.326,16419.404
17549.58203125,17555.486,17553.486,17559.582,17576.727,17595.393,17604.918,17632.11,17646.3,17650.205,17674.896,17682.588,17713.822,17707.982
14276.498046875,14281.923,14279.254,14285.195,14301.816,14316.284,14326.963,14351.292,14364.8125,14368.946,14391.703,14399.206,14427.614,14423.309
5698.27783203125,5710.502,5699.872,5709.439,5712.8936,5689.774,5708.9077,5704.656,5688.4453,5692.4316,5696.6836,5701.998,5695.6206,5699.341
17124.3515625,17173.07,17286.193,17205.273,17144.996,17249.037,17247.385,17272.156,17457.117,17554.553,17451.338,17444.732,17514.094,17606.574
16928.107421875,16955.08,17024.434,16980.125,16939.186,16999.389,17006.133,17018.174,17129.912,17196.377,17138.1,17131.838,17196.377,17249.357
8538.2890625,8548.845,8581.264,8576.74,8610.668,8638.564,8671.235,8709.436,8733.059,8768.243,8792.746,8792.872,8854.193,8882.906
7504.72607421875,7509.439,7535.7354,7524.0483,7533.285,7549.1196,7557.9795,7563.5405,7576.2646,7589.46,7590.1196,7582.768,7603.6924,7611.751
8137.07958984375,8150.0034,8181.835,8158.141,8148.5674,8178.4844,8174.1763,8186.3823,8233.053,8259.38,8230.181,8229.224,8242.865,8269.671
6704.6875,6708.898,6732.393,6722.035,6730.288,6744.3516,6752.4355,6757.3203,6768.6045,6780.4785,6781.1523,6774.4995,6793.195,6800.3945
6876.857421875,6917.585,6934.0186,6938.3057,6935.4478,6914.3696,6979.39,6960.4556,6922.229,6960.098,6975.46,6983.32,6983.6772,6970.816
7243.96875,7280.042,7395.6895,7332.561,7310.2803,7385.0796,7411.604,7411.604,7527.7817,7606.2944,7561.2026,7529.904,7625.923,7666.24
11409.28125,11415.129,11439.042,11428.918,11436.599,11452.482,11460.424,11465.312,11479.799,11489.923,11490.796,11484.163,11502.229,11507.552
9079.4541015625,9089.872,9089.376,9079.288,9081.272,9115.506,9103.93,9114.679,9120.468,9110.379,9085.738,9082.927,9072.012,9085.407
4517.443359375,4527.0674,4516.8774,4520.8403,4507.4424,4498.951,4519.1416,4516.5,4494.4224,4501.2153,4510.839,4510.0845,4522.161,4520.6514
12002.4208984375,12001.905,11996.201,11998.813,11998.097,11997.075,11999.66,12009.615,12014.805,12025.274,12030.206,12039.186,12053.023,12065.315
11546.7978515625,11546.489,11541.414,11544.937,11545.277,11545.236,11548.75,11560.935,11567.871,11579.165,11585.085,11595.181,11610.107,11623.0
12294.357421875,12298.983,12293.972,12278.999,12270.132,12260.364,12252.46,12240.637,12225.472,12214.516,12194.853,12187.077,12177.92,12165.519
12437.041015625,12432.456,12422.008,12411.735,12404.152,12390.397,12386.649,12379.64,12369.279,12368.31,12358.765,12358.666,12360.187,12364.606
13880.77734375,13870.748,13856.195,13842.135,13828.123,13808.359,13801.501,13791.177,13774.744,13776.305,13762.035,13763.553,13763.049,13769.496
4477.50927734375,4480.311,4475.9287,4468.421,4462.961,4452.9746,4452.6333,4446.742,4435.4,4438.2646,4430.2363,4430.5957,4430.2544,4428.2246
13715.2958984375,13718.682,13712.051,13694.557,13683.411,13671.63,13661.825,13647.505,13629.799,13617.878,13594.528,13587.086,13576.24,13561.974
12960.8046875,12956.539,12945.877,12935.713,12928.182,12914.297,12910.849,12903.793,12893.562,12892.541,12882.934,12882.649,12884.317,12888.7295
7571.890625,7592.395,7576.051,7600.716,7593.584,7564.164,7612.3057,7599.23,7569.216,7564.164,7582.5884,7594.178,7597.15,7595.9614
12762.44140625,12785.898,12756.969,12792.154,12789.026,12738.984,12804.273,12789.809,12750.713,12740.939,12763.224,12782.771,12784.726,12791.764
7853.38720703125,7861.1196,7858.645,7840.242,7840.5513,7848.361,7836.6465,7848.9023,7841.7114,7845.268,7818.901,7811.4775,7813.2944,7818.5913
18037.283203125,18096.543,18097.096,18094.88,18079.928,18050.021,18081.035,18068.852,18064.975,18068.852,18047.805,18015.129,18031.19,18007.93
10029.552734375,10040.575,10034.227,10028.91,10038.746,10025.282,10053.173,10071.301,10051.9375,10068.295,10074.348,10078.805,10107.66,10091.698
10838.8330078125,10840.907,10838.185,10845.575,10866.19,10886.416,10900.809,10933.87,10935.297,10948.586,10969.655,10979.056,11009.33,11000.448
11576.158203125,11575.552,11570.75,11566.426,11568.672,11574.261,11566.916,11569.098,11561.96,11558.5,11550.549,11549.155,11546.419,11546.986
19111.205078125,19143.236,19131.225,19146.148,19123.582,19099.559,19150.152,19131.225,19092.643,19083.906,19104.29,19102.834,19105.018,19078.81
3908.67333984375,3932.7117,3940.4949,3937.7668,3925.2495,3954.0823,3958.522,3964.139,3957.1313,3955.2056,3941.324,3932.1233,3923.5376,3912.5715
1130.727294921875,1132.4863,1131.9781,1133.0726,1132.4668,1130.5319,1133.7567,1132.8967,1130.3168,1130.5123,1131.4309,1131.8608,1131.3723,1130.3168
10748.9482421875,10768.084,10763.681,10774.857,10773.164,10752.335,10783.494,10774.18,10753.351,10758.77,10767.406,10772.486,10768.931,10762.665
2198.25732421875,2201.3628,2200.1492,2201.22,2198.7927,2197.4363,2201.7197,2199.7566,2196.3655,2195.8298,2197.7576,2197.1863,2197.8289,2195.58
20822.994140625,20821.24,20813.39,20827.428,20848.482,20889.625,20904.54,20957.178,20975.602,21012.955,21014.387,21037.521,21064.95,21096.07
4002.21435546875,4009.4937,4006.3503,4006.764,4002.0488,3996.4238,4004.944,4002.2969,3995.183,3996.672,3999.1536,3998.492,4002.0488,3997.9128
4823.2021484375,4834.345,4835.8423,4838.337,4840.499,4832.8486,4839.0024,4833.846,4834.5117,4834.0127,4830.52,4825.697,4832.3496,4836.3413
2338.96923828125,2339.0066,2335.2776,2337.142,2336.098,2333.4316,2335.0537,2334.7927,2333.5623,2332.6672,2332.9841,2333.4875,2332.145,2333.264
1258.22412109375,1262.4174,1270.3302,1264.9873,1262.8231,1272.021,1269.7892,1274.9292,1285.7502,1293.2573,1285.4121,1286.4265,1290.3491,1299.4795
1157.462890625,1162.0024,1172.7323,1165.304,1161.5073,1172.8148,1170.834,1176.7766,1191.4683,1202.6108,1192.5413,1192.954,1199.8046,1211.7725
13722.853515625,13739.756,13760.669,13777.143,13801.429,13827.228,13844.516,13865.021,13879.779,13892.005,13908.307,13913.369,13916.458,13908.222
1669.9859619140625,1670.7072,1670.5759,1669.691,1670.0515,1671.5593,1670.4285,1670.6743,1672.7721,1670.7562,1668.4454,1668.2651,1666.6099,1666.0199
2995.561279296875,2999.3828,3013.566,3005.6292,3002.6897,3012.831,3015.403,3018.0488,3032.6729,3044.3577,3037.7437,3034.6572,3047.591,3055.8953
1094.431884765625,1108.5137,1114.0472,1112.4867,1106.2706,1122.7677,1125.1992,1125.5032,1122.3469,1114.7954,1110.6996,1102.6177,1096.01,1085.4075
2783.8037109375,2795.1138,2799.8928,2795.933,2790.5852,2800.052,2800.5754,2798.459,2790.4487,2783.8606,2776.0664,2769.262,2760.0227,2747.5862
12264.3857421875,12294.56,12365.3545,12313.129,12291.078,12363.613,12350.847,12384.503,12490.114,12554.525,12483.731,12484.312,12516.227,12584.7
10901.0185546875,10912.582,10941.395,10923.95,10907.486,10930.026,10932.183,10932.378,10978.4375,11000.978,10977.458,10971.382,10986.082,10998.821
11566.5361328125,11585.282,11631.598,11603.202,11586.937,11622.776,11627.187,11630.7705,11693.076,11729.467,11700.795,11691.422,11725.056,11748.765
10269.2333984375,10287.722,10331.667,10304.067,10287.722,10322.557,10325.771,10328.987,10389.813,10423.844,10395.44,10386.865,10415.805,10438.581
15855.130859375,15868.276,15859.252,15871.22,15862.391,15846.498,15875.34,15868.473,15842.183,15843.556,15854.543,15859.84,15860.036,15856.505
14729.2626953125,14741.475,14733.091,14744.209,14736.007,14721.243,14748.036,14741.657,14717.233,14718.51,14728.716,14733.638,14733.819,14730.539
23113.40234375,23126.04,23117.11,23114.834,23108.516,23098.068,23107.504,23104.555,23099.668,23108.01,23111.043,23110.031,23126.377,23121.996
3316.508056640625,3319.3875,3317.1626,3320.082,3321.9873,3322.0117,3329.9338,3338.2925,3337.7024,3348.1506,3352.4282,3355.8699,3367.842,3366.613
14705.0537109375,14733.351,14737.254,14740.832,14744.735,14730.099,14741.482,14731.399,14733.025,14732.05,14726.5205,14712.534,14725.87,14727.171
6137.07275390625,6177.443,6184.1978,6162.0024,6139.324,6146.562,6143.989,6132.5693,6113.2686,6088.4194,6055.93,6025.4517,6006.9956,5979.0703
11226.53125,11244.825,11242.011,11246.584,11236.029,11228.993,11251.333,11241.482,11224.596,11224.42,11233.391,11230.225,11232.6875,11219.671
12316.9599609375,12324.946,12323.685,12334.612,12344.699,12319.062,12348.062,12327.468,12322.845,12334.192,12336.714,12337.975,12355.207,12372.019
3628.2783203125,3685.1587,3723.3071,3757.037,3769.9192,3844.5356,3886.107,3915.916,3953.1934,3972.0496,3992.3374,3987.6077,3982.3801,3953.38
7626.376953125,7634.762,7650.8706,7640.279,7638.955,7668.5234,7659.476,7678.8945,7701.4014,7724.1294,7699.4155,7706.918,7714.862,7745.4233
7433.26708984375,7449.7305,7483.441,7458.354,7448.9463,7501.4717,7484.6167,7519.503,7568.5005,7612.0103,7563.797,7576.34,7592.803,7652.7764
8161.41943359375,8177.4062,8207.33,8185.1943,8177.816,8233.563,8215.527,8252.01,8296.28,8338.091,8289.722,8304.479,8318.415,8379.697
6079.17041015625,6090.307,6116.956,6100.052,6097.6655,6125.3086,6120.5356,6136.644,6166.4746,6195.7085,6174.429,6174.827,6192.9243,6220.1694
7771.87158203125,7787.281,7822.119,7799.0054,7793.9805,7843.223,7833.1733,7866.002,7907.2046,7954.102,7916.584,7925.294,7949.4126,8003.6797
7256.01708984375,7267.2134,7275.654,7271.692,7272.036,7297.5293,7294.429,7303.386,7316.5635,7319.3193,7306.917,7307.0894,7306.4863,7318.2856
1113.1322021484375,1118.2222,1124.426,1127.0527,1133.4764,1139.3354,1144.2362,1148.971,1152.2313,1154.669,1158.5527,1157.6942,1159.3091,1158.9718
10353.4892578125,10375.283,10412.691,10393.174,10401.957,10454.327,10448.473,10481.651,10515.807,10555.653,10530.444,10536.625,10560.045,10601.682
10768.30859375,10805.588,10835.379,10862.33,10889.981,10937.208,10960.899,10991.492,11015.193,11033.051,11052.391,11052.144,11054.53,11034.121
10169.7978515625,10205.272,10233.653,10259.227,10285.385,10330.27,10352.865,10381.83,10404.402,10421.243,10439.644,10439.409,10441.593,10422.335
12764.4091796875,12787.747,12824.582,12799.275,12805.462,12836.392,12830.206,12842.016,12885.88,12903.032,12877.445,12875.758,12881.382,12894.878
14753.119140625,14774.91,14809.566,14785.675,14790.4,14817.968,14811.667,14821.644,14863.65,14880.19,14855.512,14853.411,14858.137,14869.427
2401.78271484375,2542.6392,2809.2603,2613.0674,2424.4204,2698.587,2696.0718,2796.6836,3362.6245,3619.1843,3324.895,3360.1091,3609.123,3878.2595
20153.466796875,20163.197,20188.104,20166.31,20135.564,20175.262,20166.31,20191.996,20263.604,20294.348,20245.701,20254.652,20274.5,20320.812
20294.435546875,20303.322,20327.277,20306.412,20275.115,20314.14,20305.254,20330.756,20401.85,20431.215,20383.305,20391.805,20411.896,20457.49
19905.82421875,19920.537,19949.484,19921.486,19921.486,19968.469,19948.537,19984.129,20039.18,20062.434,20013.553,20025.89,20033.01,20076.195
2974.3701171875,2978.4338,2972.4512,2976.1199,2969.5728,2962.9692,2967.4844,2965.6785,2960.0908,2955.632,2956.4785,2957.3252,2953.3745,2949.085
856.8250732421875,858.2926,860.5607,860.90375,864.3535,868.1845,870.48114,874.4122,877.18536,879.0579,881.29504,881.2545,884.0042,885.8264
4115.37744140625,4123.9834,4167.8574,4147.2705,4162.964,4195.5312,4207.512,4223.543,4246.155,4271.298,4270.454,4259.655,4291.7163,4311.4595
1644.6085205078125,1645.9852,1648.6467,1646.8296,1645.1041,1647.1783,1647.3068,1647.2151,1651.7856,1653.4927,1651.0881,1650.7026,1651.7305,1652.887
11511.4775390625,11500.792,11482.863,11464.849,11452.698,11427.309,11410.105,11393.957,11374.96,11373.957,11355.91,11350.738,11348.311,11354.01
4201.22705078125,4197.9956,4194.1826,4190.7046,4188.456,4183.0933,4179.534,4177.803,4173.9854,4172.0117,4168.145,4166.8833,4167.5303,4167.4175
11520.9775390625,11516.725,11504.988,11489.17,11489.466,11478.529,11465.673,11452.281,11433.516,11421.926,11407.057,11401.213,11395.434,11391.344
1341.018310546875,1341.482,1341.4045,1342.2734,1342.5134,1343.2815,1344.9596,1346.1544,1345.7164,1347.7467,1348.1284,1348.9055,1349.8846,1349.2783
13431.8818359375,13437.299,13438.269,13447.809,13473.195,13488.88,13507.637,13541.512,13560.451,13572.478,13598.5205,13610.668,13641.036,13644.2705
6899.361328125,6872.6465,6895.7993,6869.6787,6842.964,6909.4536,6905.8916,7005.032,7073.8965,7171.85,7111.2974,7154.0405,7238.6367,7361.524
8890.921875,8842.833,8841.418,8819.495,8778.479,8851.319,8833.64,8952.446,9018.922,9111.918,9035.1875,9096.713,9171.675,9317.709
20125.55859375,20131.826,20123.07,20116.03,20110.707,20096.197,20105.643,20101.178,20090.445,20091.305,20091.648,20092.334,20098.773,20093.28
1277.850830078125,1279.588,1283.473,1280.8198,1280.7567,1284.7681,1283.8204,1286.063,1290.706,1294.3384,1290.864,1291.1482,1292.8223,1296.3599
16053.87890625,16065.826,16078.476,16096.3955,16120.815,16141.81,16160.345,16197.941,16232.902,16267.337,16280.337,16293.338,16318.637,16324.961
16897.287109375,16909.77,16923.082,16941.943,16967.646,16989.744,17009.346,17048.916,17085.715,17121.957,17135.455,17149.139,17175.768,17182.61
9845.6650390625,9824.806,9794.398,9751.3125,9726.247,9677.681,9651.444,9611.21,9574.961,9570.697,9532.965,9517.02,9510.716,9518.132
10018.3046875,10003.156,9973.887,9936.95,9915.162,9869.575,9848.132,9821.347,9779.804,9782.235,9749.74,9751.423,9751.704,9762.598
1167.04150390625,1165.6105,1163.581,1161.9989,1162.3252,1160.049,1159.4707,1159.9167,1157.872,1157.8472,1156.6986,1157.4092,1158.9956,1160.1027
1746.498046875,1749.1349,1748.0471,1749.7941,1748.179,1745.8387,1750.618,1748.6733,1745.0807,1744.4545,1745.9707,1746.3992,1745.5092,1743.3998
1780.4444580078125,1780.9552,1780.766,1781.3429,1782.733,1781.8724,1783.2721,1783.7166,1783.6976,1785.8632,1786.1469,1786.6575,1788.1705,1789.1351
11538.7763671875,11563.663,11615.279,11581.176,11566.121,11605.14,11607.291,11611.285,11679.492,11714.824,11682.564,11672.732,11699.462,11723.119
16046.890625,16056.54,16073.909,16059.436,16053.26,16071.786,16065.225,16076.418,16108.261,16121.576,16099.19,16101.506,16106.33,16123.506
7172.29150390625,7193.532,7241.029,7209.168,7206.5127,7241.914,7239.259,7248.699,7302.686,7335.1377,7303.866,7297.081,7312.717,7333.0723
748.9044189453125,749.9006,755.29,752.94006,755.82635,760.9603,762.6461,766.3497,769.1849,773.1822,773.42487,772.5053,776.94965,780.6149
810.9694213867188,812.4611,816.54846,813.8932,813.386,817.8313,817.26447,820.2479,824.87225,829.1087,825.85675,826.18494,829.19824,833.58386
781.0482177734375,782.2351,787.0857,784.9958,787.70496,792.8394,794.0004,798.0513,800.7862,804.7596,804.59186,804.0629,808.06213,811.5969
11267.8662109375,11269.576,11268.542,11266.346,11267.486,11264.467,11263.517,11262.271,11260.772,11260.35,11256.93,11255.947,11256.011,11253.942
4270.15966796875,4262.183,4250.591,4240.7783,4231.548,4215.194,4204.5005,4196.2104,4183.88,4183.8447,4171.863,4165.802,4165.175,4166.2197
4450.34228515625,4445.6943,4435.262,4423.47,4422.219,4415.987,4403.36,4399.732,4391.8306,4385.427,4371.3022,4368.2554,4368.462,4374.788
10406.7607421875,10409.015,10403.83,10396.768,10390.606,10383.018,10378.961,10372.123,10365.85,10357.209,10346.915,10341.393,10335.87,10327.079
11175.7470703125,11180.287,11181.058,11180.7,11182.709,11182.764,11183.534,11184.305,11184.993,11185.131,11183.562,11181.333,11181.223,11177.6455
10477.5166015625,10478.318,10471.352,10465.37,10456.8,10449.71,10445.023,10438.673,10432.415,10425.694,10414.997,10412.963,10407.074,10398.997
11665.845703125,11654.502,11645.733,11634.792,11620.231,11622.081,11616.771,11623.852,11628.678,11620.794,11605.429,11610.497,11615.726,11631.253
2532.43359375,2541.1042,2546.9673,2548.9492,2548.1235,2546.3066,2553.904,2542.508,2548.619,2555.225,2560.5103,2551.0962,2561.5012,2564.3088
11154.2880859375,11145.971,11129.142,11109.358,11103.737,11082.027,11071.622,11060.172,11046.571,11038.124,11020.942,11015.418,11021.392,11030.995
1691.8485107421875,1692.7997,1692.0443,1690.9602,1691.0581,1693.3593,1692.0583,1691.6526,1691.128,1688.9038,1687.0573,1686.19,1684.4553,1684.1335
13128.037109375,13129.007,13123.547,13125.996,13128.803,13122.425,13125.384,13122.374,13118.444,13117.577,13116.659,13116.965,13111.557,13110.383
13893.443359375,13921.088,13925.89,13912.17,13899.686,13912.033,13909.701,13908.261,13895.364,13888.093,13863.809,13847.14,13836.575,13822.272
12153.6435546875,12176.226,12180.184,12168.659,12158.474,12169.998,12167.611,12167.4375,12157.31,12151.955,12131.585,12118.141,12110.021,12099.226
9074.0595703125,9078.854,9076.771,9066.555,9062.536,9059.485,9053.578,9049.414,9039.027,9033.556,9020.954,9013.927,9009.784,9004.33
5795.14599609375,5807.366,5821.431,5810.364,5810.825,5836.649,5827.4263,5841.491,5864.318,5871.4653,5849.1,5853.481,5851.636,5873.886
5551.759765625,5543.4844,5533.8086,5521.412,5519.847,5507.162,5502.432,5498.704,5488.64,5486.5713,5476.2925,5473.879,5478.8784,5487.9507
6370.10595703125,6376.952,6368.239,6373.218,6382.5537,6367.2017,6377.5747,6374.463,6371.973,6369.069,6368.8613,6366.164,6367.8237,6372.803
2345.322509765625,2346.1436,2348.306,2346.8005,2345.952,2347.9775,2347.2659,2348.8809,2353.315,2355.149,2352.4119,2352.494,2353.9446,2355.0122
13162.6533203125,13217.835,13217.333,13228.369,13198.2705,13182.719,13244.924,13219.34,13166.666,13175.696,13197.769,13190.745,13194.759,13161.649
1337.34326171875,1339.796,1339.9734,1340.3871,1340.6826,1339.2642,1340.5643,1339.4119,1340.0325,1339.8846,1339.2346,1338.082,1339.2051,1339.471
9506.8310546875,9527.552,9526.041,9533.812,9523.019,9512.658,9542.445,9531.437,9508.126,9509.205,9519.35,9518.055,9517.407,9503.593
8786.4228515625,8821.543,8891.333,8844.957,8849.459,8903.49,8896.736,8915.647,8991.29,9034.516,8989.939,8982.285,9002.097,9030.013
533.6170654296875,535.64044,537.5019,537.98755,538.0415,537.2321,538.95874,536.2879,536.61163,540.25366,542.4119,540.3076,543.8148,545.21765
14108.853515625,14105.925,14093.259,14111.149,14137.668,14154.768,14184.611,14230.753,14239.015,14279.605,14308.024,14328.29,14373.253,14382.753
14876.904296875,14869.819,14837.935,14822.189,14782.236,14747.794,14739.626,14724.373,14705.184,14691.505,14667.297,14666.706,14663.36,14657.555
2861.434814453125,2861.5752,2857.5042,2861.2244,2860.5925,2855.644,2861.084,2860.1714,2857.1882,2857.3638,2858.908,2861.2944,2862.3474,2866.629
11334.326171875,11379.596,11433.634,11459.735,11521.216,11572.985,11621.779,11669.056,11705.048,11726.051,11765.407,11759.697,11779.682,11778.865
772.0736083984375,772.4038,771.85614,772.7018,775.134,775.81854,777.8763,781.9635,784.0721,785.77997,788.4024,790.11383,794.1326,795.6467
8423.0791015625,8443.043,8455.625,8475.817,8516.201,8530.609,8553.236,8584.388,8607.826,8646.079,8658.256,8690.116,8714.875,8737.4
1101.936279296875,1104.3577,1108.6757,1105.5682,1104.0752,1109.5231,1108.1914,1111.3391,1117.8362,1121.8717,1117.1501,1118.0784,1120.2172,1125.8265
3985.31787109375,3996.2039,4009.0244,4018.73,4033.5178,4048.7236,4059.2324,4071.0776,4080.6848,4086.308,4096.3745,4096.899,4099.1284,4087.226
2602.64892578125,2613.2542,2630.3955,2617.6936,2617.2004,2630.5188,2628.4224,2632.6152,2655.429,2662.8281,2650.2498,2649.0164,2651.6062,2658.3887
2629.761474609375,2634.8367,2635.0903,2640.6729,2647.0166,2632.5527,2648.0317,2635.0903,2635.3442,2640.6729,2641.434,2640.9268,2651.0767,2661.2268
972.990966796875,975.59015,983.66766,978.9091,977.0297,982.628,983.98755,984.54736,992.9848,999.30286,995.504,993.5446,1000.22253,1004.14136
2470.819091796875,2472.4883,2477.973,2474.8728,2476.542,2487.5906,2485.047,2492.5981,2499.5134,2508.9722,2500.7852,2503.5671,2506.9849,2516.4834
3357.473388671875,3362.8389,3361.454,3364.0503,3368.8965,3357.4734,3370.2812,3360.0696,3363.185,3363.704,3360.0696,3361.108,3365.954,3372.185
8579.4912109375,8568.214,8545.657,8528.74,8512.45,8470.158,8510.57,8483.002,8472.037,8513.703,8517.463,8502.426,8526.234,8567.587
7918.54541015625,7932.41,7933.6157,7945.6724,7960.14,7926.985,7960.14,7929.396,7928.7935,7949.289,7954.112,7949.289,7974.005,8000.5293
1302.02294921875,1309.1448,1327.4436,1315.9697,1309.2437,1322.7947,1324.6741,1324.4762,1347.9186,1361.7664,1350.4902,1346.1382,1358.4033,1366.4153
4370.67626953125,4377.6265,4379.767,4380.464,4377.74,4390.5127,4395.1357,4399.9434,4392.604,4398.7344,4391.9067,4392.12,4388.877,4384.24
13419.322265625,13455.612,13493.393,13519.988,13559.51,13606.787,13640.437,13679.7295,13710.468,13728.943,13757.445,13760.842,13771.281,13764.073
11553.1337890625,11585.376,11619.358,11636.387,11676.803,11714.985,11745.922,11779.771,11807.018,11821.133,11847.093,11842.4,11858.143,11857.008
14290.8271484375,14297.012,14286.215,14279.087,14274.475,14266.7705,14269.968,14263.469,14251.834,14262.578,14253.93,14257.441,14262.421,14260.271
14728.2421875,14733.399,14734.545,14750.447,14763.827,14790.932,14809.602,14828.565,14840.327,14859.466,14873.792,14883.018,14893.39,14884.049
14508.2607421875,14521.853,14527.366,14530.1875,14543.267,14579.811,14573.271,14591.224,14599.045,14595.711,14590.967,14594.301,14595.839,14594.301
926.0185546875,925.91895,925.9914,926.2903,927.5402,928.64526,929.97675,931.19495,930.3571,930.6515,931.5256,931.75653,932.0871,930.4568
10478.6484375,10518.074,10504.789,10522.788,10497.504,10470.078,10527.502,10505.218,10458.079,10444.366,10464.079,10465.793,10454.223,10425.082
1247.566650390625,1248.7354,1249.8123,1249.4457,1250.8435,1253.7994,1253.1464,1254.9222,1256.2856,1256.5835,1255.7585,1256.3429,1256.7897,1257.1907
1340.3739013671875,1345.8751,1354.8927,1348.8243,1344.1737,1350.8093,1351.2631,1350.4124,1364.5908,1369.2415,1362.2089,1360.5074,1363.0596,1365.4417
14385.990234375,14423.877,14424.991,14436.135,14422.763,14392.676,14452.478,14433.905,14385.247,14395.647,14411.99,14413.848,14406.791,14381.904
1349.3226318359375,1352.8281,1352.286,1354.129,1353.4786,1349.7202,1356.2974,1354.5627,1349.648,1351.491,1353.5148,1354.5989,1354.4543,1353.2617
1432.02392578125,1436.7628,1437.1748,1436.9689,1438.3596,1435.4751,1437.793,1435.166,1436.1447,1437.0204,1436.8658,1432.951,1435.4236,1435.8356
862.3096923828125,862.79803,862.37665,862.90967,864.1208,864.2129,866.39166,868.703,868.55994,870.39966,871.7838,872.7326,875.3949,874.8256
11707.5751953125,11724.9,11728.035,11728.53,11721.436,11708.07,11731.501,11724.24,11706.09,11714.175,11716.32,11714.505,11712.525,11701.14
3936.635986328125,3939.9385,3936.0579,3928.0493,3917.8528,3904.8901,3903.3628,3892.836,3877.7473,3878.3667,3865.7344,3865.2185,3858.314,3848.5664
1192.44091796875,1192.5631,1191.055,1190.8717,1189.6082,1188.4465,1189.7712,1190.403,1188.1409,1189.6285,1190.403,1190.729,1192.6039,1193.5006
1648.417236328125,1649.9844,1647.0067,1648.9657,1647.8164,1643.4281,1646.014,1645.7529,1641.2079,1642.5662,1642.9841,1644.6298,1641.9132,1642.4094
14157.1650390625,14140.192,14112.824,14069.332,14015.125,13971.633,13949.993,13909.842,13854.854,13869.055,13813.762,13815.167,13793.314,13764.567
1552.6815185546875,1555.7776,1557.3257,1558.2405,1559.5774,1556.9034,1559.4366,1556.2701,1556.7627,1558.8033,1559.9996,1557.1849,1561.1255,1563.3772
14899.0400390625,14955.59,14965.943,14975.502,14988.245,14952.403,14977.095,14953.2,14954.793,14957.9795,14950.015,14913.376,14949.218,14969.926
13036.3349609375,13029.4,13012.892,13011.131,13034.243,13032.482,13044.975,13084.816,13094.062,13108.369,13132.143,13152.633,13200.2705,13216.834
11992.431640625,12026.555,12034.467,12041.391,12048.809,12029.027,12046.336,12026.06,12034.467,12033.973,12029.521,12011.225,12033.973,12043.368
3401.8525390625,3405.5413,3413.3613,3418.2305,3415.8696,3413.5088,3428.116,3410.2627,3407.4595,3434.9033,3448.7727,3441.6904,3467.9539,3474.4458
9073.47265625,9080.381,9068.612,9081.404,9079.102,9063.88,9083.706,9077.822,9070.147,9062.345,9069.38,9074.496,9075.008,9079.869
664.956298828125,664.9791,665.5952,664.4999,663.56433,665.98315,664.9563,666.6449,668.9953,669.6913,666.8503,667.5805,667.5805,670.2161
769.6641845703125,767.6483,759.61017,760.2401,755.67926,749.6821,749.37976,750.43805,746.35596,748.4474,748.6238,750.79083,750.0097,753.8398
851.1119995117188,850.7666,849.3714,846.9677,844.7574,843.18945,841.2693,839.2075,836.89014,835.4241,832.2852,831.841,830.43884,828.30457
4229.68408203125,4241.3994,4240.6606,4242.0327,4235.489,4225.568,4238.972,4231.584,4220.396,4217.2295,4218.496,4216.807,4210.2637,4198.548
760.9367065429688,760.92426,760.014,758.368,757.25824,755.74945,754.77057,753.5798,751.98364,750.9612,748.7884,748.02466,747.1829,745.8191
727.1856079101562,727.77356,727.25616,727.40906,726.6682,725.91565,727.09155,726.4448,725.72754,725.15137,725.5982,725.38654,725.4218,724.7045
647.6502685546875,649.7016,649.95807,650.26575,650.4196,649.317,650.1632,649.52216,649.7273,649.59906,649.0093,647.95795,648.90674,649.2144
959.87939453125,963.4799,963.88495,964.335,964.8301,962.7148,964.155,963.1199,963.1199,963.2099,962.35474,960.37445,962.03973,962.6698
917.1295776367188,920.04175,920.1934,920.22375,920.13275,918.5857,919.8294,919.2227,919.2834,919.34406,918.4037,916.67456,917.70593,917.2509
899.6324462890625,902.489,902.63776,902.66754,902.57825,901.0607,902.2807,901.6856,901.7451,901.8046,900.8822,899.1861,900.19775,899.7812
9904.9599609375,9936.298,9941.858,9941.1,9928.211,9915.701,9943.88,9931.496,9911.404,9920.882,9921.893,9916.586,9915.322,9892.45
11367.16015625,11374.622,11378.067,11376.507,11374.508,11380.161,11381.6455,11381.6455,11377.363,11376.449,11370.93,11367.846,11362.954,11355.321
1905.838134765625,1920.984,1926.7249,1927.8241,1926.3584,1918.1747,1939.7942,1931.7327,1919.8848,1927.8241,1931.7327,1932.4656,1928.3127,1919.6405
10657.1279296875,10677.347,10682.178,10683.072,10674.842,10665.538,10689.156,10680.21,10662.496,10670.905,10673.053,10670.905,10667.327,10654.803
808.591552734375,809.13617,813.2379,811.5189,812.86346,815.5866,817.33966,818.6842,820.87976,823.4497,823.63696,822.6328,826.5473,828.5471
2866.13037109375,2889.4404,2897.3955,2899.8005,2898.3206,2885.3704,2919.2256,2906.4604,2887.7754,2900.1704,2907.5706,2909.6055,2903.3154,2890.7356
848.7420654296875,848.6442,848.00354,844.7737,843.23883,841.04553,839.77765,836.3036,832.8841,831.81415,828.29065,827.18286,824.62036,822.21796
1555.01904296875,1554.932,1553.4814,1554.3228,1557.688,1559.124,1560.9951,1566.2244,1568.0955,1570.1553,1573.9592,1576.3381,1582.289,1583.4385
9466.056640625,9471.457,9458.457,9443.957,9423.057,9389.956,9392.756,9375.556,9340.305,9350.855,9323.405,9327.6045,9317.6045,9310.005
1468.12939453125,1467.8135,1466.2184,1466.1079,1464.9076,1463.2494,1464.3865,1464.8761,1463.1863,1463.7705,1464.4181,1464.6549,1466.3921,1467.1028
1377.9825439453125,1378.1141,1376.732,1377.6699,1376.2878,1374.8894,1376.9296,1376.7485,1374.8401,1374.3794,1375.3829,1375.5146,1376.2056,1376.0575
1475.983642578125,1475.7279,1472.9331,1474.504,1472.367,1469.8645,1471.271,1471.618,1469.1338,1468.4032,1468.9877,1469.6818,1469.4808,1469.9375
1891.7218017578125,1895.0117,1893.5762,1897.0455,1897.2848,1891.1835,1901.9506,1897.6437,1891.3629,1899.498,1904.1637,1905.3601,1912.897,1915.2897
2833.065185546875,2824.891,2816.6995,2808.9658,2801.8225,2791.6753,2787.1226,2781.0835,2772.1562,2775.116,2767.2148,2767.9197,2767.4968,2772.817
8399.0712890625,8399.81,8391.195,8397.964,8395.257,8384.981,8393.411,8394.026,8386.15,8384.12,8386.52,8391.441,8389.719,8393.042
3739.86181640625,3744.1038,3742.997,3746.1323,3751.8496,3739.6775,3751.2964,3742.075,3742.997,3746.317,3744.4727,3745.026,3750.9275,3759.7798
1713.7135009765625,1714.9066,1712.9883,1715.1406,1714.4856,1711.9121,1715.5383,1714.7429,1712.5671,1711.5845,1713.0585,1714.1112,1714.2983,1714.7897
10673.6689453125,10697.583,10695.825,10701.452,10703.562,10684.571,10699.693,10691.253,10690.901,10691.253,10679.296,10671.559,10683.867,10692.66
1568.232421875,1570.1477,1569.2728,1569.2491,1568.1141,1566.9556,1569.0127,1568.4452,1566.6836,1567.5231,1568.2324,1568.0197,1569.3674,1568.3743
3862.66845703125,3875.257,3875.4778,3876.9136,3870.8398,3865.429,3879.0115,3873.4902,3862.5579,3865.2083,3868.742,3866.8645,3867.4167,3858.9138
1411.2921142578125,1411.7705,1410.6542,1412.1294,1413.0465,1410.0162,1413.2858,1411.93,1410.694,1411.4515,1411.8901,1412.6079,1414.0433,1415.9971
1383.34326171875,1384.5538,1385.6865,1387.1024,1389.8121,1391.2725,1393.9822,1396.949,1398.5422,1400.3037,1402.672,1402.9829,1405.2706,1406.7698
10959.34765625,10956.291,10951.007,10944.918,10940.629,10935.606,10927.953,10917.433,10908.382,10895.588,10886.631,10876.301,10862.843,10848.4375
13843.078125,13861.785,13863.224,13866.821,13860.346,13844.517,13872.758,13862.685,13841.459,13846.136,13852.072,13850.273,13845.776,13831.026
13832.1064453125,13858.782,13854.725,13861.419,13854.421,13839.206,13875.822,13893.573,13872.069,13915.076,13915.685,13928.059,13959.3,13947.128
12995.3828125,12988.785,12974.601,12960.77,12952.947,12936.583,12927.694,12917.7295,12904.303,12900.497,12888.292,12884.593,12889.423,12896.515
12688.361328125,12703.428,12693.679,12695.451,12682.157,12665.098,12687.696,12681.936,12655.57,12663.325,12667.3125,12667.534,12673.295,12667.978
1496.89501953125,1497.5894,1496.2471,1495.68,1495.5065,1493.7245,1494.951,1496.143,1495.0552,1496.8257,1497.3579,1498.1678,1501.431,1501.6393
4735.26806640625,4744.4575,4739.644,4748.068,4745.333,4734.3926,4753.1006,4747.521,4735.815,4734.5024,4741.285,4745.2236,4745.4424,4741.7227
10216.16796875,10231.793,10226.722,10202.324,10190.399,10177.79,10165.591,10151.474,10124.609,10109.464,10075.267,10056.421,10042.783,10023.8
944.6685180664062,944.3577,942.50385,942.0071,942.7314,940.88586,941.9377,944.55194,944.80176,946.7,947.8378,949.503,953.75464,955.6196
12810.9736328125,12830.728,12824.539,12824.063,12812.878,12805.5,12824.302,12818.352,12800.1455,12810.498,12815.496,12813.116,12822.874,12812.878
11017.1591796875,11044.944,11045.866,11046.129,11036.385,11028.221,11050.738,11047.314,11032.039,11049.026,11051.265,11048.895,11061.536,11043.101
2317.3427734375,2324.0173,2322.8796,2326.8235,2325.2307,2318.4048,2331.526,2327.582,2318.1772,2320.3008,2324.2449,2325.8376,2324.8516,2321.0593
10229.3818359375,10265.707,10270.761,10278.341,10264.443,10248.966,10295.714,10278.025,10242.648,10249.598,10263.812,10261.284,10258.126,10233.172
8182.10205078125,8232.602,8210.363,8217.775,8189.0513,8156.6206,8184.882,8189.0513,8173.7627,8167.2764,8145.965,8132.7607,8137.162,8112.8394
7166.30126953125,7167.2866,7153.596,7153.153,7166.7446,7158.8164,7170.192,7194.8423,7204.639,7217.6396,7233.0537,7247.2607,7286.017,7298.2793
8847.78125,8870.584,8884.406,8894.504,8895.208,8934.885,8948.857,8966.741,8981.888,8989.999,8993.413,8992.793,8994.117,8989.834
8845.58203125,8849.863,8848.482,8847.653,8843.925,8838.814,8843.51,8837.571,8833.565,8832.736,8829.595,8828.109,8824.035,8817.785
9553.0419921875,9561.004,9564.809,9558.35,9556.625,9554.723,9553.219,9546.053,9537.803,9530.216,9520.484,9513.063,9503.885,9486.932
16802.947265625,16854.838,16856.336,16876.295,16861.324,16830.889,16910.723,16883.78,16823.902,16842.365,16871.803,16878.29,16878.79,16856.834
11873.560546875,11896.17,11891.598,11907.094,11904.045,11881.436,11927.67,11911.412,11884.992,11903.283,11921.573,11927.924,11942.149,11941.8955
3734.14892578125,3746.8872,3749.6938,3751.8528,3747.535,3742.569,3758.9775,3752.7166,3741.7056,3745.8076,3750.5574,3749.262,3749.154,3740.3022
17719.595703125,17689.242,17643.508,17632.58,17604.047,17564.586,17577.941,17575.918,17540.91,17577.941,17588.668,17598.38,17604.857,17656.863
13816.21875,13823.72,13806.071,13823.278,13832.104,13794.158,13831.662,13821.955,13808.277,13809.159,13809.159,13817.984,13829.897,13854.605
9450.263671875,9464.733,9460.575,9472.218,9468.06,9454.92,9483.028,9473.215,9456.417,9461.739,9473.215,9476.708,9482.362,9478.704
1487.7822265625,1487.5537,1486.7594,1486.3254,1486.6354,1487.4491,1486.5115,1486.3951,1485.597,1484.799,1483.7373,1483.5901,1482.7842,1482.637
1311.9349365234375,1311.2725,1310.489,1310.7482,1311.4913,1312.3496,1312.5282,1314.049,1313.761,1314.7979,1315.2184,1316.0565,1317.3268,1317.8912
10918.0244140625,10920.95,10939.262,10929.727,10930.594,10941.429,10950.097,10958.006,10973.608,10992.461,10988.019,10985.852,11010.339,11024.966
1460.8792724609375,1459.1416,1456.9104,1454.6449,1453.1349,1450.0297,1448.5355,1446.6178,1444.1096,1444.5099,1442.0485,1441.735,1441.8883,1443.4692
2478.16943359375,2469.4495,2470.228,2464.4666,2454.501,2470.3838,2464.778,2486.7334,2504.1733,2523.1702,2503.239,2514.7617,2526.9072,2557.5825
12731.4580078125,12741.797,12753.49,12746.542,12756.541,12774.506,12769.761,12779.421,12792.726,12793.996,12785.4375,12786.878,12787.387,12789.675
17812.529296875,17861.648,17870.78,17858.48,17835.404,17898.055,17898.559,17900.605,17880.73,17858.691,17833.4,17808.438,17787.834,17761.205
16232.9052734375,16248.323,16244.272,16228.457,16218.566,16244.793,16236.587,16242.124,16226.28,16221.339,16196.627,16189.3955,16185.837,16190.38
12731.8623046875,12745.937,12745.385,12736.691,12731.724,12769.739,12762.633,12769.325,12769.394,12757.734,12741.106,12734.346,12728.137,12736.001
12589.310546875,12584.769,12573.827,12570.008,12563.918,12548.692,12549.261,12543.79,12531.1455,12537.545,12527.017,12527.791,12526.036,12532.436
14583.3466796875,14582.901,14573.329,14556.706,14548.099,14533.4795,14524.278,14509.808,14489.771,14485.876,14461.833,14459.254,14450.8125,14444.395
20613.767578125,20650.348,20641.201,20654.92,20692.643,20610.338,20693.785,20632.057,20644.63,20654.92,20628.627,20632.057,20665.207,20712.076
14293.8564453125,14299.459,14278.617,14291.615,14275.032,14247.915,14273.6875,14268.309,14235.813,14236.262,14242.761,14253.966,14245.45,14249.708
16444.263671875,16442.553,16425.434,16406.281,16400.611,16376.645,16370.653,16361.772,16352.945,16349.896,16331.601,16322.399,16329.996,16338.395
2375.821044921875,2383.1304,2380.1208,2378.0188,2374.4834,2369.9927,2375.9167,2372.7158,2367.7473,2369.4194,2370.4226,2369.1328,2372.238,2366.171
15572.412109375,15574.366,15555.484,15572.412,15563.785,15541.648,15565.738,15565.25,15546.043,15538.718,15547.833,15557.274,15559.391,15566.39
15320.1962890625,15323.455,15311.724,15322.478,15330.299,15301.296,15329.32,15319.545,15310.746,15315.309,15313.353,15320.848,15329.973,15352.458
2540.944580078125,2547.932,2556.5244,2563.653,2575.2908,2586.8457,2596.1992,2607.9607,2616.7893,2622.9739,2631.283,2632.77,2636.2402,2635.3196
17194.052734375,17196.176,17175.314,17194.053,17185.39,17160.64,17187.336,17186.982,17166.652,17158.695,17168.242,17178.85,17181.502,17190.164
855.0722045898438,853.56476,851.1304,846.83203,844.6421,840.53217,838.31934,834.03375,829.96454,828.9969,824.98376,823.6087,822.4374,822.0299
1554.826904296875,1555.0187,1553.1332,1554.8269,1554.044,1551.807,1554.2197,1554.1719,1552.3344,1551.6152,1552.4941,1553.4368,1553.6765,1554.4755
9669.787109375,9698.193,9692.275,9703.223,9687.245,9667.421,9709.437,9692.867,9659.432,9655.289,9669.787,9669.195,9665.6455,9643.453
11666.23046875,11682.475,11665.457,11685.568,11677.317,11649.471,11689.694,11681.186,11649.729,11644.057,11659.011,11670.356,11667.777,11664.684
10031.0048828125,10049.274,10043.794,10048.869,10036.892,10024.712,10050.29,10039.125,10018.825,10017.201,10026.133,10024.103,10024.915,10011.111
4233.87353515625,4246.6416,4263.3765,4268.335,4287.549,4303.339,4315.456,4326.0547,4336.1113,4341.209,4352.552,4346.9653,4353.2334,4347.88
8961.0361328125,8967.042,8970.295,8976.05,8980.054,8969.794,8983.307,8969.044,8970.045,8978.052,8982.056,8978.052,8990.813,8997.819
9557.98046875,9610.514,9605.773,9605.773,9588.789,9567.8545,9587.209,9586.024,9587.6045,9575.755,9557.98,9531.714,9546.525,9515.914
12761.794921875,12788.186,12776.782,12798.286,12787.208,12761.143,12812.296,12797.96,12759.84,12757.559,12777.76,12786.23,12786.557,12775.805
12227.6494140625,12242.867,12245.321,12248.758,12241.64,12228.14,12243.358,12237.222,12236.24,12241.64,12234.031,12222.74,12232.804,12232.804
6830.724609375,6851.136,6873.532,6876.367,6870.1304,6871.8315,6891.6763,6859.641,6865.311,6920.026,6952.911,6927.3965,6976.725,6991.467
985.5325927734375,988.30774,985.19104,989.07623,989.07623,984.08093,990.784,988.30774,986.173,984.4652,986.5999,988.13696,988.82007,990.52783
1822.8760986328125,1822.1719,1820.4435,1816.974,1815.9753,1812.9923,1811.6864,1809.9196,1807.2949,1806.418,1803.2396,1801.8826,1802.065,1802.4106
1776.3956298828125,1775.7095,1774.0253,1770.6318,1769.6713,1766.7644,1765.4856,1763.7639,1761.2126,1760.3519,1757.2579,1755.9354,1756.1163,1756.4532
1561.4324951171875,1561.6659,1559.7655,1561.4991,1560.749,1558.3984,1560.9324,1560.8657,1558.9319,1558.1985,1559.0986,1560.0989,1560.299,1561.0991
2004.4420166015625,2008.7062,2006.4102,2005.6135,2001.3494,1997.5773,2001.162,2000.2716,1999.5219,1999.5219,1998.1864,1997.2258,1997.507,1995.7498
4789.94482421875,4791.9014,4782.286,4777.0312,4772.28,4758.472,4764.8447,4764.5093,4751.652,4758.1367,4755.8447,4759.1426,4767.9194,4770.044
17911.767578125,17908.438,17890.908,17864.37,17860.598,17835.625,17816.871,17798.777,17779.742,17761.938,17736.15,17723.932,17722.904,17717.764
6881.2099609375,6872.5728,6861.652,6850.708,6840.002,6822.8633,6811.0605,6803.0566,6791.9775,6786.053,6774.025,6765.7944,6767.2417,6764.5283
5228.24658203125,5224.6,5218.2305,5200.3955,5189.8965,5176.828,5169.0527,5150.044,5131.79,5128.155,5109.947,5105.993,5095.494,5086.0933
8122.787109375,8139.391,8139.8237,8133.6577,8134.1987,8161.0786,8158.3745,8158.591,8154.589,8137.7686,8129.818,8118.1357,8108.184,8099.747
12193.8466796875,12193.714,12181.378,12141.186,12127.39,12108.952,12082.024,12048.531,12004.438,11979.156,11933.459,11919.796,11894.46,11869.92
9078.087890625,9081.679,9082.875,9086.808,9086.808,9084.585,9083.56,9079.969,9080.994,9086.637,9091.9375,9085.269,9097.751,9105.787
6237.42431640625,6239.245,6240.8843,6238.426,6243.767,6245.937,6243.1904,6242.189,6239.822,6231.294,6228.3506,6224.8906,6218.1533,6207.1675
16970.119140625,16972.096,16960.938,16963.904,16951.05,16939.469,16951.615,16943.283,16935.232,16925.91,16930.854,16929.158,16928.027,16923.932
6198.84619140625,6214.954,6217.7095,6221.948,6222.16,6214.742,6220.8887,6214.5303,6217.4976,6216.0137,6212.1987,6205.4165,6214.1064,6216.8613
18903.91796875,18922.668,18923.52,18942.268,18963.572,18914.145,18967.834,18921.814,18926.928,18939.71,18938.86,18938.008,18969.54,19001.922
1716.0601806640625,1719.5591,1723.6664,1726.0243,1726.1765,1723.0579,1731.0444,1721.7649,1721.1564,1732.1093,1737.5858,1734.3911,1745.0399,1748.2345
622.1312866210938,621.68494,622.00726,620.99066,618.9079,620.6188,619.8749,621.73456,625.8506,626.39606,623.3214,624.4868,624.85876,627.2143
5670.083984375,5694.214,5698.9863,5701.24,5687.8496,5681.3535,5706.013,5703.892,5686.524,5712.775,5706.6763,5710.388,5716.7524,5706.146
1660.7562255859375,1661.8121,1660.1697,1660.287,1658.3218,1656.8846,1659.4071,1659.4657,1656.3274,1657.3539,1658.7031,1658.6151,1660.7856,1660.6096
16330.6416015625,16342.196,16339.191,16328.839,16323.429,16356.891,16348.742,16354.953,16351.013,16340.06,16322.961,16316.95,16312.341,16320.891
16348.7041015625,16346.569,16335.557,16306.357,16296.497,16279.784,16260.532,16233.575,16203.886,16181.794,16153.449,16142.437,16125.1045,16107.262
15804.658203125,15803.579,15778.002,15779.513,15767.21,15749.1875,15750.267,15750.482,15734.295,15742.82,15744.008,15746.166,15736.669,15744.331
9949.71875,9959.052,9961.157,9962.456,9966.638,9967.886,9983.278,9989.312,9983.278,9987.824,9993.166,9992.58,9998.78,9981.226
2856.223388671875,2863.0166,2868.4514,2870.263,2870.867,2867.9985,2873.5842,2865.4321,2867.9985,2874.6409,2879.019,2872.6785,2881.4343,2883.397
8812.6982421875,8815.951,8831.026,8825.631,8836.897,8851.973,8859.034,8871.809,8879.029,8891.645,8895.453,8893.43,8908.228,8920.486
1448.160888671875,1449.3737,1449.3992,1448.3844,1447.6791,1447.9631,1447.4492,1446.9291,1445.8887,1444.8546,1443.452,1442.4264,1441.604,1440.4921
16177.390625,16178.411,16153.9375,16161.892,16149.349,16133.34,16138.948,16140.682,16132.116,16130.076,16132.83,16134.054,16128.241,16134.461
14483.798828125,14489.7295,14492.694,14499.917,14514.554,14522.499,14538.256,14558.638,14571.473,14580.854,14595.604,14601.077,14617.918,14626.814
3556.6396484375,3567.6326,3569.0225,3570.1597,3571.8022,3565.9897,3570.7913,3566.748,3567.6326,3566.6216,3563.9683,3558.535,3562.9573,3563.7156
6134.9580078125,6138.7007,6128.4077,6137.609,6129.4995,6114.2153,6133.866,6130.903,6106.4175,6112.188,6117.1787,6124.6646,6122.013,6126.0684
17503.603515625,17513.564,17518.93,17537.32,17550.348,17515.863,17559.543,17519.695,17512.033,17544.217,17557.244,17553.412,17594.027,17623.146
2030.999755859375,2033.5673,2031.1508,2031.5283,2032.2834,2029.3762,2031.8304,2030.5844,2030.9242,2030.6222,2030.2068,2028.9987,2029.414,2030.2068
6944.20556640625,6948.1973,6946.828,6944.3345,6947.629,6946.957,6951.1167,6949.9023,6952.6797,6952.215,6953.868,6953.7,6957.6274,6952.4087
20925.814453125,21000.75,21013.24,21023.053,21034.65,20996.291,21027.514,20998.074,21005.21,20998.967,20982.908,20946.332,20980.232,20988.262
5396.884765625,5401.736,5391.296,5394.0376,5395.6196,5387.394,5390.0303,5391.1904,5388.554,5384.5996,5385.707,5383.4395,5381.1196,5383.2285
3638.79345703125,3642.6265,3637.2603,3631.8147,3635.1455,3622.6155,3628.2593,3635.3306,3630.9424,3635.2776,3637.3132,3640.3267,3657.1655,3656.1875
815.031982421875,815.24,814.5386,813.6219,813.85895,812.4766,812.7064,812.6713,812.10297,812.0425,811.8442,811.9699,813.0172,812.9302
19773.521484375,19802.953,19783.186,19806.906,19779.23,19750.678,19811.299,19791.092,19745.406,19728.273,19754.63,19756.828,19759.463,19734.863
17237.74609375,17250.238,17228.252,17253.238,17250.738,17216.508,17258.234,17249.24,17231.75,17220.006,17232.25,17241.744,17250.238,17263.232
4249.1953125,4252.493,4257.8735,4252.7534,4248.0674,4257.266,4254.4023,4259.783,4273.3213,4276.706,4266.4653,4268.7217,4269.9365,4278.268
16284.21484375,16312.885,16305.12,16314.677,16296.459,16280.631,16317.663,16298.849,16270.179,16260.622,16274.359,16271.373,16266.296,16242.703
17816.494140625,17825.383,17808.572,17824.61,17815.72,17796.979,17822.098,17817.074,17798.137,17785.77,17795.818,17803.547,17799.104,17798.91
5039.716796875,5039.022,5036.0303,5030.5913,5029.5635,5024.8496,5024.0337,5022.7495,5019.4106,5019.9844,5015.24,5012.7173,5014.379,5016.6455
7375.291015625,7385.015,7383.0103,7384.8145,7378.9,7374.8896,7386.2183,7380.704,7371.6816,7371.4814,7375.792,7373.9873,7375.0903,7367.9727
4785.2373046875,4788.0327,4791.149,4794.8433,4794.4126,4803.8066,4808.9683,4810.1235,4806.038,4808.717,4807.6733,4807.9155,4803.131,4792.379
20187.265625,20188.736,20180.316,20147.842,20143.832,20125.791,20109.219,20093.45,20074.94,20063.312,20031.906,20015.803,20009.855,20004.107
19223.140625,19235.836,19214.83,19235.375,19230.066,19203.29,19235.836,19229.834,19208.598,19195.44,19207.443,19219.217,19214.37,19217.832
19091.24609375,19105.695,19098.703,19108.025,19120.61,19088.45,19122.008,19098.236,19102.432,19105.695,19097.771,19102.898,19114.084,19133.66
4510.8076171875,4510.347,4492.1045,4483.628,4461.5156,4442.72,4440.2324,4434.52,4418.12,4430.7427,4418.3965,4420.792,4412.5,4410.7495
18262.4765625,18321.572,18328.082,18310.053,18272.492,18222.914,18269.488,18228.422,18173.334,18171.832,18148.795,18132.77,18102.723,18040.623
5575.3564453125,5579.4355,5580.517,5586.9756,5598.626,5604.1885,5617.2446,5634.9326,5644.7017,5653.9263,5666.1943,5671.803,5686.7603,5696.309
9439.794921875,9436.755,9430.689,9421.065,9420.779,9412.327,9406.748,9400.525,9392.947,9388.057,9379.327,9376.286,9376.192,9377.101
7382.3251953125,7368.005,7351.1543,7323.0254,7302.595,7273.943,7258.3423,7232.421,7209.2446,7208.9756,7184.265,7174.252,7169.7837,7168.276
15673.2353515625,15735.598,15730.609,15728.738,15721.255,15684.461,15713.771,15701.922,15691.944,15701.299,15681.966,15647.043,15666.999,15653.279
1682.6663818359375,1685.2589,1682.2115,1685.8958,1687.1693,1680.1194,1687.6241,1685.6228,1680.7561,1682.8029,1684.6222,1687.0782,1688.5337,1691.4447
16635.8046875,16661.627,16711.193,16680.918,16651.535,16688.932,16696.947,16688.043,16766.4,16797.861,16764.025,16751.262,16777.678,16790.738
19435.59375,19484.734,19447.344,19442.004,19423.309,19386.451,19421.705,19406.75,19408.352,19404.078,19393.93,19377.104,19381.11,19378.973
18133.1328125,18179.584,18170.594,18181.082,18190.074,18140.625,18178.834,18160.104,18154.11,18160.854,18135.379,18121.893,18145.12,18171.342
14874.5517578125,14886.24,14897.929,14914.73,14921.305,14898.659,14934.454,14892.814,14890.623,14925.6875,14946.143,14932.993,14979.016,15000.931
18009.3984375,18053.508,18024.713,18075.562,18073.111,18005.723,18110.482,18074.95,18017.975,18032.064,18071.273,18090.879,18117.834,18130.088
17448.46484375,17468.418,17471.27,17493.121,17513.074,17465.568,17517.826,17468.418,17474.12,17492.172,17497.873,17491.223,17532.078,17567.232
8778.1943359375,8815.439,8823.615,8828.611,8832.699,8815.894,8830.429,8815.439,8821.799,8817.711,8810.443,8787.732,8806.355,8810.443
2694.510009765625,2694.384,2693.849,2694.0127,2694.4094,2694.0989,2695.194,2698.1438,2699.2307,2701.2446,2702.579,2703.8547,2706.9766,2708.42
567.8430786132812,568.54974,569.23364,570.18665,570.9918,572.62585,573.449,574.9185,576.05756,577.1384,577.7038,578.2068,578.51855,578.40216
1515.793701171875,1519.9744,1519.5098,1520.5656,1518.2008,1516.1738,1521.5367,1519.4675,1514.8225,1515.2025,1516.8917,1516.4694,1516.3428,1513.6401
1258.1356201171875,1259.7631,1257.6149,1260.4141,1261.1301,1256.4431,1261.9113,1260.1536,1258.1356,1257.8752,1259.1771,1260.2838,1261.716,1263.734
10067.8525390625,10091.821,10089.96,10100.896,10090.425,10075.532,10112.532,10099.966,10071.809,10077.161,10090.425,10092.985,10093.45,10080.419
15924.421875,15949.774,15945.831,15950.901,15967.803,15930.619,15966.677,15939.07,15947.521,15949.211,15933.437,15930.057,15948.648,15968.93
18042.638671875,18094.264,18094.863,18101.467,18106.87,18076.254,18102.668,18084.658,18087.06,18082.258,18064.248,18043.238,18062.447,18067.25
14007.060546875,14031.426,14034.884,14009.576,13994.406,14000.38,13988.276,13974.836,13940.489,13921.626,13883.035,13861.991,13837.375,13807.465
15253.8056640625,15274.417,15275.187,15250.421,15239.115,15243.961,15230.2705,15218.889,15185.587,15170.128,15133.134,15114.878,15093.262,15067.857
1703.3883056640625,1705.1179,1705.2683,1705.2383,1706.3213,1704.8773,1706.4415,1704.5464,1705.2683,1706.0806,1706.9529,1705.3887,1706.5317,1707.4042
17878.91015625,17885.57,17874.994,17863.242,17859.326,17841.7,17836.607,17821.723,17812.713,17793.52,17777.852,17761.008,17750.432,17734.861
6298.669921875,6305.4805,6305.1094,6306.595,6307.338,6300.404,6310.805,6303.252,6307.7095,6305.1094,6299.908,6299.537,6303.623,6303.9946
17444.435546875,17438.205,17413.854,17373.08,17345.898,17311.494,17283.887,17251.467,17210.268,17192.217,17138.842,17129.922,17108.934,17084.158
1189.05078125,1187.5206,1187.4337,1185.7645,1183.5737,1186.3557,1184.9995,1188.1987,1191.1372,1191.5894,1187.7119,1189.3984,1189.9375,1194.1105
17641.857421875,17678.594,17671.3,17667.79,17652.121,17636.455,17650.771,17647.26,17647.53,17642.127,17630.781,17615.25,17622.678,17599.854
2932.84814453125,2935.624,2932.1895,2936.518,2936.1416,2930.0723,2937.9294,2936.0476,2931.625,2930.4487,2933.2246,2935.4358,2936.1416,2937.0825
14262.447265625,14313.374,14319.176,14326.912,14335.937,14304.994,14329.49,14308.861,14311.44,14309.506,14295.969,14272.762,14296.613,14306.283
892.9287109375,892.7691,892.32965,892.0012,892.02435,892.57947,892.06134,892.14,891.497,891.21484,890.40533,890.2943,889.8317,890.04913
2391.589111328125,2393.4836,2407.3772,2400.6108,2401.062,2411.6174,2418.5645,2427.7666,2440.8481,2455.9148,2452.9375,2451.6746,2472.605,2485.371
1444.419921875,1447.9467,1449.2296,1448.399,1446.9054,1449.0189,1449.49,1449.2916,1447.7483,1446.4343,1444.4819,1442.6287,1440.7445,1438.005
1733.27490234375,1733.012,1732.2977,1731.4236,1732.2728,1731.786,1731.7399,1733.0475,1733.2483,1733.0688,1733.9039,1734.1687,1736.4608,1736.8472
879.1691284179688,880.608,880.2914,880.5907,880.4986,879.64105,881.68414,882.8122,882.0237,883.9459,884.33154,884.8265,886.9559,885.90845
1293.42724609375,1293.5314,1292.6871,1293.7627,1297.128,1298.62,1300.6901,1305.7556,1308.0397,1310.2977,1313.7839,1315.7681,1320.9059,1322.2705
1466.5833740234375,1467.2786,1467.0469,1468.0801,1470.8031,1472.7053,1474.3855,1478.4072,1480.6667,1482.1731,1485.2992,1486.5847,1490.7356,1491.344
18466.666015625,18481.314,18468.111,18486.06,18480.078,18458.002,18491.424,18482.346,18462.746,18453.463,18466.254,18474.506,18473.889,18469.969
17091.736328125,17125.746,17103.072,17138.826,17135.775,17084.76,17158.45,17137.955,17093.045,17093.916,17120.078,17138.39,17144.932,17146.24
1640.670166015625,1644.9602,1644.1151,1644.8951,1645.6752,1641.3851,1644.3102,1642.9452,1642.2302,1643.2701,1641.2551,1639.8252,1641.9052,1643.9202
18511.341796875,18556.111,18519.275,18513.61,18489.807,18452.97,18490.373,18473.371,18469.97,18473.371,18463.738,18445.887,18452.404,18457.504
7625.08203125,7636.122,7634.4077,7636.945,7632.4194,7630.1562,7640.922,7645.7217,7639.4136,7654.91,7656.83,7659.367,7672.807,7670.3384
4571.455078125,4578.452,4578.452,4574.133,4572.4053,4591.237,4585.881,4590.7183,4597.629,4591.409,4580.007,4578.7974,4575.3423,4584.9307
1278.12255859375,1277.3588,1275.0131,1273.83,1274.9585,1272.0876,1273.0424,1276.4656,1275.5858,1278.6135,1279.5546,1281.7435,1286.9943,1289.531
1283.2301025390625,1283.351,1281.2692,1280.5977,1279.6709,1277.6294,1278.9323,1280.3961,1277.9518,1280.3961,1281.1215,1282.075,1285.3118,1286.7086
14395.7470703125,14396.947,14386.745,14402.348,14431.633,14441.055,14475.44,14545.503,14581.299,14621.386,14655.473,14686.918,14748.849,14793.496
1405.141357421875,1416.6176,1419.0935,1412.2406,1408.0853,1420.1328,1418.3676,1414.027,1401.6738,1389.2366,1380.4943,1371.1406,1358.883,1343.6604
1702.1610107421875,1703.4874,1703.7769,1705.3926,1709.3717,1711.9401,1714.834,1720.1697,1723.4374,1725.4873,1729.816,1731.147,1736.5475,1737.5543
9820.298828125,9826.305,9824.735,9820.776,9820.436,9836.269,9832.481,9834.938,9833.505,9827.465,9818.7295,9814.839,9810.062,9812.245
1157.6968994140625,1157.0944,1155.8795,1156.3279,1157.9573,1158.285,1159.7047,1162.1754,1162.2803,1164.2477,1165.5674,1166.9889,1169.5511,1170.4141
10093.0224609375,10110.988,10136.013,10116.764,10117.405,10156.226,10143.713,10166.171,10202.745,10221.032,10188.308,10195.045,10198.8955,10231.139
4871.71044921875,4865.2017,4854.552,4858.1016,4880.8813,4891.9263,4899.914,4937.7817,4945.7695,4963.4214,4985.264,5003.4585,5042.602,5053.257
3533.602294921875,3539.5564,3538.7976,3540.4321,3537.5134,3534.653,3542.125,3537.6301,3533.4272,3531.3257,3533.7773,3532.7266,3531.0923,3525.255
1167.663330078125,1166.1536,1163.2592,1159.5137,1157.3115,1152.8052,1150.8086,1147.5703,1143.0989,1143.07,1139.4014,1139.1417,1138.7186,1139.0745
1290.1556396484375,1290.8055,1290.2848,1288.8026,1288.4795,1288.3275,1287.2671,1286.583,1284.8947,1283.9122,1282.1648,1281.3534,1280.5667,1279.7876
1036.2119140625,1035.9727,1035.5818,1035.0953,1035.3824,1036.5388,1035.6616,1036.172,1036.172,1035.7812,1034.569,1034.6328,1034.3536,1034.7684
11676.0322265625,11693.315,11690.837,11681.901,11680.924,11711.969,11705.056,11703.686,11698.468,11678.967,11666.51,11654.77,11642.378,11635.855
10879.4912109375,10882.701,10878.391,10874.723,10877.657,10893.156,10884.444,10887.837,10886.462,10879.583,10866.651,10864.359,10856.563,10859.131
2483.094970703125,2484.2437,2480.8892,2483.2786,2479.6025,2477.029,2482.0378,2480.062,2476.5234,2473.7664,2476.018,2476.018,2475.6504,2475.7424
16367.1767578125,16414.805,16391.27,16433.855,16426.57,16363.814,16462.992,16434.977,16370.538,16381.745,16416.484,16438.338,16447.303,16440.58
17530.4765625,17581.66,17557.287,17602.986,17595.066,17527.43,17634.672,17604.205,17534.742,17546.32,17584.707,17607.861,17617.611,17610.299
19127.404296875,19174.748,19173.695,19178.957,19182.639,19154.232,19179.482,19164.227,19165.28,19161.07,19142.658,19124.773,19140.555,19141.08
1573.4310302734375,1575.8809,1583.7203,1577.4487,1569.4133,1580.2905,1579.4086,1586.9541,1605.8667,1618.1158,1605.7688,1608.9045,1619.2917,1634.5787
12448.5546875,12465.632,12456.85,12475.635,12479.538,12448.799,12492.225,12474.659,12453.678,12465.632,12479.538,12486.369,12501.983,12508.326
8356.16015625,8362.016,8361.483,8377.452,8384.903,8359.887,8392.355,8365.209,8359.3545,8378.517,8388.098,8385.968,8414.711,8436.535
12334.8896484375,12339.407,12338.905,12346.685,12351.202,12337.399,12353.963,12339.658,12338.654,12345.932,12348.692,12347.939,12359.232,12369.0205
8468.615234375,8484.524,8483.408,8489.549,8489.27,8473.918,8490.106,8480.338,8482.57,8480.8955,8470.011,8466.661,8476.43,8482.85
5939.421875,5944.173,5943.0093,5944.0757,5945.627,5939.325,5947.4688,5941.8457,5945.627,5943.203,5939.325,5938.743,5942.4277,5942.4277
1661.64697265625,1670.7324,1670.5452,1670.7324,1671.5754,1666.1428,1669.9832,1667.8289,1666.9858,1667.6415,1665.2062,1660.4293,1663.6139,1663.0519
1874.8013916015625,1876.0106,1875.2665,1877.4058,1879.7312,1874.1503,1879.5452,1875.1735,1873.8712,1877.9639,1878.894,1879.1731,1883.0797,1888.1957
1557.600341796875,1564.5687,1564.2972,1565.2023,1566.3788,1561.1299,1564.7498,1562.6683,1562.0348,1562.7588,1560.4059,1557.4194,1560.4963,1562.1252
1516.5728759765625,1516.5588,1514.8438,1514.2988,1515.9587,1514.2643,1515.6932,1518.0916,1518.4916,1519.5651,1520.8993,1522.4526,1526.5898,1527.5984
6712.49853515625,6726.9854,6755.7397,6734.8877,6727.644,6757.2764,6751.5693,6766.7144,6804.468,6831.6855,6805.785,6806.8823,6821.808,6852.3184
1507.0306396484375,1507.2421,1506.6278,1507.4333,1509.9403,1511.4707,1512.8701,1516.6306,1518.2264,1519.6259,1522.4752,1523.993,1527.9724,1528.4457
9173.345703125,9174.323,9168.976,9173.28,9169.041,9163.823,9171.454,9169.692,9162.779,9159.975,9163.171,9164.997,9164.214,9165.519
6707.94921875,6715.436,6711.266,6716.9526,6713.6357,6706.149,6716.9526,6708.518,6702.1685,6698.378,6700.2734,6699.136,6690.7017,6682.362
1647.9246826171875,1646.522,1644.0133,1641.1774,1639.2562,1635.3123,1632.7549,1630.5309,1628.0262,1627.1481,1624.7573,1623.6351,1624.2043,1624.6923
10844.7138671875,10849.749,10840.606,10842.064,10832.524,10822.19,10835.175,10832.79,10816.758,10819.011,10822.985,10823.647,10828.815,10827.622
1109.71923828125,1099.9906,1106.5469,1097.6642,1086.8782,1109.7192,1105.9124,1139.3281,1164.284,1198.5458,1174.0127,1189.0287,1215.6766,1259.8784
7897.26953125,7908.8994,7904.0405,7903.7217,7899.8984,7890.897,7903.642,7910.0146,7901.4116,7914.9536,7919.5737,7921.7246,7941.48,7937.258
7879.75146484375,7876.054,7877.476,7874.158,7869.608,7880.7944,7877.7607,7892.7393,7901.177,7915.5864,7904.5894,7912.079,7922.5547,7943.1265
1039.937744140625,1042.3771,1043.1945,1043.1306,1042.2239,1040.819,1043.616,1043.3094,1041.5725,1043.1818,1042.5687,1042.7092,1042.6709,1040.2059
9128.5224609375,9128.118,9134.7295,9127.309,9117.054,9132.166,9127.578,9140.262,9162.255,9177.367,9158.342,9164.549,9173.185,9195.92
1737.7838134765625,1746.8354,1748.7515,1749.5443,1752.5835,1745.514,1755.7549,1746.9675,1747.5621,1752.5835,1757.0763,1751.6586,1756.6798,1758.2655
3426.6162109375,3431.6377,3429.8184,3433.8938,3434.6943,3428.945,3441.3171,3434.8398,3430.255,3435.3494,3438.1877,3438.697,3437.6055,3437.096
9608.02734375,9605.548,9601.601,9599.424,9597.501,9595.477,9589.353,9585.658,9581.812,9571.943,9563.39,9556.001,9545.271,9534.542
8243.982421875,8256.317,8278.891,8264.581,8258.291,8272.6,8273.709,8272.846,8300.724,8312.564,8299.736,8293.938,8301.34,8304.67
9419.4365234375,9426.842,9433.397,9429.877,9436.068,9448.694,9445.174,9451.243,9458.406,9457.859,9451.183,9450.515,9448.815,9449.058
10636.8037109375,10636.247,10635.628,10633.523,10637.113,10637.052,10631.296,10632.162,10633.028,10623.869,10615.204,10610.377,10600.475,10589.335
8468.1806640625,8464.574,8459.987,8454.713,8448.733,8441.419,8436.762,8429.458,8423.188,8421.18,8414.991,8409.514,8406.349,8403.549
9609.1279296875,9605.49,9607.169,9601.713,9590.241,9604.791,9599.055,9614.443,9632.91,9645.361,9626.895,9635.289,9643.123,9666.836
7056.271484375,7072.8955,7110.4253,7085.4893,7062.5684,7090.779,7092.794,7091.031,7152.741,7180.6997,7147.1997,7138.8877,7154.756,7170.1206
7018.6298828125,7034.4395,7033.073,7035.8057,7036.1963,7025.266,7035.22,7030.341,7030.5356,7029.1694,7021.5576,7016.2876,7022.924,7024.29
6283.7919921875,6286.7144,6303.989,6298.4688,6308.405,6319.4453,6326.329,6331.135,6338.1484,6347.1104,6350.0977,6345.487,6358.183,6362.1445
9779.1025390625,9789.996,9812.76,9797.956,9787.482,9804.5205,9807.313,9806.057,9839.8545,9856.334,9840.692,9835.524,9849.071,9858.149
1153.64501953125,1155.1943,1158.9933,1156.6587,1155.2792,1157.9957,1158.5264,1158.5264,1163.4076,1166.4425,1164.2565,1163.4076,1166.4636,1168.2252
3075.978515625,3077.23,3090.44,3086.5466,3094.9824,3103.511,3109.3513,3114.6816,3118.436,3125.3423,3128.8882,3125.574,3135.748,3141.542
7022.8251953125,7017.2876,7009.5415,7008.828,7013.6865,7014.298,7017.152,7032.219,7034.75,7042.2246,7047.5327,7055.691,7071.1025,7082.5005
5487.46923828125,5478.056,5463.309,5444.699,5435.9355,5416.743,5405.9355,5388.2246,5370.2817,5366.4233,5348.62,5343.135,5338.579,5342.484
10206.5830078125,10209.921,10205.55,10212.384,10227.96,10237.337,10250.25,10273.892,10284.6,10293.625,10313.521,10321.791,10348.552,10348.71
981.3200073242188,983.00354,982.23145,982.1457,981.34143,980.3871,982.0599,982.27435,980.9232,982.3816,983.04645,982.9177,985.1053,984.4619
8912.36328125,8916.632,8920.899,8918.499,8917.076,8920.277,8916.542,8919.299,8930.858,8930.858,8920.988,8918.231,8915.031,8912.186
7756.96044921875,7780.32,7780.957,7783.5054,7775.011,7755.0493,7786.4785,7772.2505,7752.926,7754.6245,7759.721,7755.6865,7749.74,7727.23
1492.744873046875,1492.4086,1496.3319,1493.3615,1490.0546,1496.0518,1496.6682,1504.0106,1512.5299,1521.3295,1515.8368,1518.471,1527.663,1537.5554
820.2526245117188,820.2956,820.6249,820.0092,818.72064,820.13806,819.63696,820.73944,822.8442,823.3596,821.51263,822.2142,822.5292,824.46924
707.1080322265625,707.23145,706.6729,706.33295,706.6001,705.8432,706.2176,706.40784,706.3036,706.5434,706.6001,706.88947,707.7981,707.8851
4251.6845703125,4251.5547,4242.419,4238.6997,4242.6133,4232.836,4236.925,4246.514,4247.667,4252.5913,4257.153,4264.7207,4283.822,4290.6636
15468.2568359375,15472.214,15454.268,15448.474,15426.853,15397.602,15397.602,15384.247,15367.007,15363.403,15348.425,15352.17,15343.267,15328.782
8248.8525390625,8265.515,8263.432,8273.365,8270.962,8256.863,8285.061,8273.525,8259.106,8270.161,8279.613,8283.458,8289.226,8289.226
2908.37158203125,2893.7046,2873.5127,2849.752,2832.885,2804.712,2789.2014,2773.312,2752.8513,2750.0156,2731.2417,2725.0327,2728.3083,2735.0552
10140.607421875,10164.809,10164.369,10135.181,10115.379,10107.312,10096.897,10075.482,10043.946,10016.738,9976.695,9952.273,9928.548,9895.284
6098.29296875,6118.269,6105.4937,6094.344,6077.5034,6058.6885,6073.0903,6067.6313,6064.0312,6065.1924,6059.269,6051.488,6052.9976,6047.074
13066.7275390625,13089.946,13121.414,13100.944,13099.723,13145.243,13136.995,13158.381,13196.875,13220.398,13192.598,13199.318,13207.567,13244.534
10450.431640625,10459.43,10471.762,10460.264,10456.931,10474.762,10468.929,10478.428,10502.091,10505.924,10487.76,10490.926,10490.426,10504.924
5288.74560546875,5307.4062,5310.4585,5308.7935,5303.66,5290.6187,5298.249,5283.473,5275.149,5270.6396,5259.679,5255.933,5237.8276,5214.6577
9937.7802734375,9946.533,9958.946,9947.647,9944.464,9961.493,9956.241,9965.3125,9988.39,9992.527,9975.18,9978.045,9977.886,9991.572
9863.484375,9855.934,9845.166,9832.524,9831.589,9814.142,9808.912,9803.614,9791.668,9789.594,9779.405,9781.028,9786.303,9791.307
8455.8671875,8457.82,8459.029,8463.028,8473.26,8481.955,8489.489,8504.138,8509.997,8515.136,8525.366,8530.946,8544.537,8544.049
9944.9033203125,9941.02,9931.26,9911.943,9906.855,9889.801,9878.96,9860.535,9845.1455,9833.149,9818.056,9810.681,9802.175,9795.882
5100.76513671875,5098.533,5091.1406,5076.0767,5074.856,5067.1846,5059.8965,5054.0903,5035.5825,5035.2295,5017.4233,5014.2676,5011.5127,5012.123
10485.5830078125,10490.609,10498.01,10489.632,10482.79,10495.915,10491.447,10498.567,10519.093,10519.931,10503.595,10506.666,10505.409,10517.278
10454.36328125,10451.04,10430.069,10422.796,10433.235,10410.257,10421.888,10448.345,10443.485,10467.529,10476.62,10494.05,10541.321,10559.629
13330.50390625,13337.369,13312.402,13308.813,13292.273,13270.115,13290.244,13299.451,13268.398,13294.77,13302.26,13308.97,13345.172,13357.031
13672.0625,13663.939,13640.875,13635.761,13630.646,13612.947,13619.565,13643.934,13640.925,13664.04,13671.661,13687.305,13725.8125,13758.905
8333.2177734375,8349.197,8341.374,8299.428,8282.117,8266.304,8241.503,8219.697,8192.066,8163.1045,8117.3716,8087.473,8072.7627,8050.3335
1383.9136962890625,1387.224,1381.9877,1386.5619,1383.4321,1375.7883,1383.4923,1382.2886,1374.8253,1372.0568,1374.4642,1377.2329,1373.9828,1372.779
1691.0733642578125,1689.5408,1689.676,1689.09,1688.8196,1693.5975,1695.3555,1704.9567,1708.5627,1715.0762,1715.279,1719.426,1728.7792,1736.6562
830.5036010742188,831.2699,830.64685,830.16705,830.2028,828.8314,829.70154,829.98083,829.60486,830.1169,830.29596,830.5251,832.1937,831.7497
883.6788330078125,883.38257,882.4401,881.10443,880.76514,879.3907,878.4429,877.0904,876.02563,874.88354,873.68567,873.0588,872.61224,872.08417
748.7703857421875,748.25134,747.4268,746.4506,746.4244,745.2456,744.79504,744.3425,743.6473,743.1676,742.47626,742.5073,742.9229,743.1288
785.9803466796875,786.0237,784.0753,785.1794,783.1228,781.65076,783.8589,782.8847,781.41266,779.83234,780.59,780.3086,779.8756,780.35187
955.9469604492188,954.8938,952.0227,950.9561,953.18994,950.6207,951.80804,955.68866,955.70544,957.4227,959.0955,961.57837,967.8605,970.6644
9550.9501953125,9549.402,9543.208,9546.171,9558.087,9564.011,9571.888,9591.681,9596.124,9601.476,9614.587,9624.921,9646.17,9648.989
11751.44921875,11759.45,11771.707,11760.131,11750.087,11766.94,11762.004,11770.175,11799.966,11804.052,11783.112,11786.6875,11786.857,11801.839
10599.505859375,10613.086,10589.72,10583.329,10575.141,10547.181,10571.346,10594.912,10569.149,10607.494,10618.279,10630.861,10689.776,10696.567
5205.96533203125,5209.7485,5198.708,5195.774,5190.601,5179.5605,5188.362,5195.2334,5182.5713,5197.0093,5200.329,5204.653,5224.881,5229.745
10924.6796875,10917.853,10901.637,10880.072,10877.15,10847.231,10842.977,10835.259,10812.093,10813.505,10797.979,10801.918,10811.01,10819.167
5694.017578125,5699.8984,5691.7007,5672.989,5655.8804,5640.9106,5630.5747,5611.8623,5593.507,5575.5073,5546.0137,5535.4995,5517.1436,5493.397
9767.615234375,9781.341,9776.422,9774.518,9768.329,9757.539,9771.344,9765.394,9756.508,9758.967,9761.902,9759.205,9765.394,9754.604
11361.9853515625,11392.05,11386.568,11382.25,11368.796,11340.891,11373.446,11374.111,11345.209,11369.46,11368.298,11369.959,11392.881,11376.935
14037.638671875,14070.511,14061.217,14060.873,14045.556,14024.043,14057.431,14051.579,14025.936,14039.704,14049.17,14045.556,14067.413,14049.17
16174.2197265625,16164.403,16141.803,16128.269,16122.362,16107.454,16099.335,16097.821,16090.643,16087.753,16072.937,16078.899,16092.386,16117.454
2314.04931640625,2316.117,2313.9421,2313.9065,2312.0527,2309.058,2312.231,2311.625,2308.3096,2309.8425,2310.4841,2310.591,2312.7302,2312.231
2146.469482421875,2146.9333,2148.2285,2147.552,2149.2722,2150.374,2150.0068,2151.244,2152.1426,2152.2683,2151.611,2151.7463,2151.843,2150.751
15644.8203125,15644.82,15622.022,15639.027,15627.441,15600.533,15624.078,15625.199,15598.291,15594.366,15603.149,15615.108,15613.24,15620.901
4527.52734375,4556.701,4610.923,4574.971,4573.498,4609.449,4608.86,4611.512,4669.8594,4696.6753,4667.207,4655.7144,4667.207,4675.458
10466.353515625,10472.972,10462.743,10458.259,10463.674,10443.572,10458.148,10478.004,10471.55,10489.162,10496.602,10505.571,10543.477,10544.79
5182.63623046875,5201.725,5225.7593,5257.409,5291.828,5335.0625,5372.041,5425.2524,5457.2983,5491.421,5523.1694,5544.533,5565.3037,5576.381
9599.4619140625,9635.724,9673.645,9704.799,9750.636,9808.38,9859.404,9923.835,9967.821,10003.061,10040.089,10052.729,10079.797,10093.842
8778.41015625,8780.181,8769.796,8783.688,8803.71,8810.8955,8837.038,8889.45,8920.573,8950.946,8980.57,9011.217,9059.841,9083.677
1556.83203125,1563.4688,1563.5905,1565.2953,1563.2252,1557.8063,1567.4873,1563.8949,1556.2231,1557.928,1560.1199,1560.607,1558.1715,1554.2139
17562.150390625,17642.006,17647.56,17657.283,17619.785,17575.344,17670.477,17633.674,17557.29,17572.566,17594.094,17582.982,17576.04,17520.486
9921.642578125,9962.504,9966.557,9965.206,9945.957,9920.967,9962.167,9946.295,9912.524,9924.006,9927.046,9920.291,9919.616,9892.6
12186.2744140625,12194.439,12212.461,12193.032,12173.885,12199.509,12189.935,12204.577,12255.542,12262.019,12225.413,12233.298,12232.453,12255.824
5714.80224609375,5690.046,5674.7607,5657.3857,5633.7397,5634.7847,5628.514,5647.457,5655.2954,5644.844,5621.982,5631.78,5645.236,5673.1934
1473.66015625,1474.9786,1472.3905,1474.881,1474.3439,1471.1942,1474.881,1473.9532,1473.123,1471.414,1472.4395,1473.123,1473.5625,1475.1741
9809.513671875,9811.0,9801.543,9802.403,9810.75,9803.348,9814.29,9829.368,9833.484,9844.711,9853.713,9863.484,9888.973,9893.63
15322.181640625,15340.077,15330.316,15336.358,15323.344,15303.59,15333.57,15321.95,15296.851,15295.456,15303.822,15302.893,15302.428,15289.181
7037.3720703125,7046.3965,7032.8594,7034.542,7031.4062,7021.6934,7038.5957,7062.228,7051.9033,7092.5146,7099.857,7112.0938,7157.6763,7166.7007
11347.376953125,11351.468,11341.0205,11337.879,11334.811,11319.9795,11329.112,11334.007,11323.925,11335.322,11337.002,11341.3125,11360.089,11362.28
15274.8515625,15286.417,15266.5,15286.845,15287.702,15252.793,15289.415,15283.847,15261.574,15256.434,15266.285,15279.136,15278.707,15286.417
8996.1435546875,8995.295,8989.658,8994.022,9007.964,9015.783,9022.936,9045.817,9052.728,9062.002,9077.717,9087.991,9112.7295,9117.753
9679.8701171875,9678.956,9672.886,9677.52,9692.598,9700.887,9708.653,9733.292,9740.7,9750.72,9767.607,9778.6875,9805.305,9810.734
9641.8544921875,9672.32,9655.489,9650.163,9638.445,9607.554,9640.149,9646.754,9622.041,9643.771,9654.637,9656.555,9700.655,9684.037
989.7064819335938,992.2663,993.5601,991.4251,990.8124,993.76294,993.432,991.77844,987.1979,983.75195,980.80994,978.48706,974.14026,968.09393
10109.3642578125,10132.11,10194.339,10164.298,10188.331,10278.885,10300.343,10377.593,10422.44,10488.746,10484.454,10491.106,10560.416,10642.172
10239.970703125,10239.08,10243.176,10241.751,10244.244,10252.79,10248.695,10267.568,10282.347,10292.852,10283.415,10288.044,10304.247,10307.007
8646.9658203125,8663.735,8662.228,8659.213,8647.343,8624.921,8645.081,8636.791,8613.992,8621.906,8616.913,8617.007,8612.674,8601.934
15142.9072265625,15128.866,15096.968,15041.72,15005.548,14947.247,14918.745,14862.845,14797.259,14790.047,14731.822,14724.802,14705.647,14687.486
15256.2646484375,15268.035,15243.222,15227.952,15186.915,15127.904,15133.3125,15105.795,15053.465,15068.416,15030.72,15041.376,15021.017,15006.225
14052.9931640625,14068.672,14057.52,14043.942,14030.85,13990.279,14017.11,14015.171,13978.399,14005.15,13989.795,13998.847,14015.494,14008.706
2648.8720703125,2653.062,2650.3545,2653.642,2649.9033,2646.2935,2654.2866,2651.386,2645.1978,2643.3928,2646.7446,2647.2605,2646.6157,2645.0044
13325.3515625,13340.218,13329.643,13316.769,13304.3545,13265.885,13291.327,13289.487,13254.62,13279.985,13265.425,13274.008,13289.641,13283.357
14250.6162109375,14263.158,14253.976,14242.44,14227.21,14192.605,14209.18,14200.893,14170.432,14182.303,14169.2,14173.231,14174.463,14166.96
9249.451171875,9246.2,9234.344,9240.668,9251.53,9254.76,9269.613,9293.699,9296.75,9322.615,9334.277,9348.511,9375.841,9386.366
2399.679931640625,2410.3345,2414.1865,2414.1865,2411.646,2406.3186,2418.0388,2412.3015,2406.1545,2408.2036,2409.351,2407.2202,2403.614,2394.5164
677.9661865234375,677.60596,678.26636,678.08624,679.81226,680.983,681.70337,684.2699,685.1854,687.6469,688.2022,689.0202,691.8043,693.1326
14826.0771484375,14871.839,14869.492,14848.812,14844.117,14915.547,14904.18,14898.973,14875.799,14830.7705,14805.396,14773.716,14744.088,14715.634
11952.376953125,11935.859,11896.64,11841.99,11825.286,11779.838,11746.756,11688.626,11631.58,11596.918,11544.385,11525.61,11496.184,11481.562
4274.71044921875,4279.8745,4269.9546,4279.059,4274.7104,4258.5396,4275.118,4272.808,4251.2017,4257.4526,4262.3447,4269.547,4263.975,4269.139
1473.76123046875,1473.7991,1471.5133,1467.7125,1468.337,1467.6306,1464.8756,1461.8784,1456.7267,1453.0736,1449.2288,1447.7755,1444.6875,1441.5188
7199.9091796875,7207.452,7197.8716,7180.606,7176.9263,7187.144,7172.8223,7170.9824,7156.7173,7139.735,7120.092,7110.695,7103.166,7104.9775
7992.98681640625,7999.7485,7985.8867,7963.241,7959.7983,7968.466,7948.664,7945.786,7926.0186,7907.656,7881.824,7871.5464,7863.1187,7866.819
7424.65234375,7425.5273,7409.915,7387.7554,7388.8486,7382.123,7361.965,7353.0586,7332.1714,7315.3135,7292.571,7284.566,7276.72,7275.766
1405.0130615234375,1406.0068,1409.8441,1407.9392,1413.1016,1416.0002,1414.6476,1416.7732,1418.1536,1416.2487,1413.8745,1412.8807,1410.5342,1404.7369
4732.49951171875,4732.4995,4723.535,4712.038,4704.1943,4686.9966,4682.1733,4672.552,4653.7954,4656.158,4641.3203,4643.4,4640.769,4638.632
4020.961181640625,4017.8542,4009.9138,3994.6802,3990.3865,3979.2957,3968.4316,3957.001,3941.5679,3933.7893,3918.75,3914.1973,3909.364,3903.5813
18449.638671875,18493.934,18484.09,18476.434,18438.701,18373.627,18432.686,18411.36,18340.268,18369.799,18356.674,18361.049,18353.12,18333.979
17514.96875,17550.674,17535.15,17523.248,17489.094,17426.477,17476.932,17465.031,17398.791,17438.121,17421.043,17429.582,17440.45,17431.652
11215.845703125,11244.304,11247.691,11246.336,11263.953,11230.752,11261.921,11217.879,11234.817,11268.019,11284.28,11242.948,11272.084,11301.896
16069.5458984375,16095.805,16083.018,16073.656,16061.326,16015.317,16058.357,16065.893,16026.733,16067.72,16058.357,16070.916,16105.851,16094.435
10308.6533203125,10305.46,10292.232,10282.364,10286.146,10265.456,10269.228,10277.039,10265.338,10273.582,10271.578,10277.702,10299.855,10309.286
11455.1259765625,11517.764,11522.028,11523.095,11496.974,11473.784,11529.492,11512.966,11469.786,11498.04,11507.635,11499.105,11515.632,11478.315
6427.06005859375,6427.403,6435.4526,6428.6016,6423.121,6442.646,6449.4966,6479.6406,6499.5083,6523.1436,6518.2627,6530.337,6565.876,6594.1357
9012.0986328125,9016.035,9039.65,9025.383,9010.131,9032.2705,9037.437,9055.394,9102.132,9142.475,9117.138,9117.876,9161.17,9195.8545
11762.45703125,11759.003,11738.167,11735.289,11746.226,11752.557,11763.263,11810.115,11831.3545,11842.578,11864.623,11890.575,11944.773,11978.302
12785.8759765625,12782.122,12759.349,12756.346,12768.108,12775.115,12786.752,12837.681,12860.704,12872.904,12896.93,12925.115,12984.0205,13020.434
4949.42041015625,4949.016,4954.268,4950.0938,4949.959,4967.061,4973.794,5000.592,5013.9907,5033.2476,5033.7188,5044.088,5072.636,5096.5723
2599.45654296875,2618.1934,2614.2488,2619.1797,2616.2212,2600.4429,2616.2212,2611.044,2608.332,2609.8113,2599.2102,2591.0745,2596.9912,2599.2102
16185.458984375,16178.941,16148.524,16112.269,16072.617,16013.956,15997.797,15966.227,15905.562,15918.292,15871.003,15881.561,15868.457,15859.886
13680.99609375,13678.647,13668.755,13661.737,13655.934,13648.851,13647.676,13640.593,13629.375,13635.151,13624.593,13625.575,13627.504,13635.455
13405.509765625,13413.352,13401.509,13396.067,13385.186,13369.662,13374.464,13356.38,13341.817,13344.218,13329.654,13329.975,13301.81,13293.567
1538.87841796875,1543.8995,1545.1619,1544.0586,1541.4889,1548.222,1548.2607,1548.6371,1547.1901,1545.1592,1542.5314,1540.1041,1538.0538,1535.6218
2081.21630859375,2086.8994,2088.2546,2089.2166,2089.0417,2085.5005,2093.632,2090.1345,2085.9377,2088.3423,2090.3096,2090.9214,2089.0417,2085.894
998.9734497070312,1000.6418,1001.3301,1000.53577,999.90234,1002.0366,1002.0464,1001.85144,999.9803,999.0118,997.42505,996.3951,994.8102,992.6296
1897.8438720703125,1899.0583,1898.4011,1895.1292,1893.8146,1892.3,1890.4141,1888.4994,1885.6775,1883.6915,1879.698,1877.6619,1876.0687,1874.0613
7034.34375,7048.9243,7081.9326,7059.8594,7040.8237,7065.1245,7068.162,7064.7197,7116.358,7139.241,7112.713,7104.208,7117.978,7129.7236
20143.564453125,20207.775,20208.873,20203.934,20190.762,20163.87,20187.469,20177.041,20174.846,20177.041,20158.383,20116.672,20138.076,20110.361
7631.939453125,7629.1353,7624.1577,7618.8335,7610.9575,7606.106,7599.364,7589.0938,7586.0063,7569.813,7560.11,7548.138,7538.561,7521.675
915.0700073242188,918.8621,920.93054,924.0332,934.46155,941.06903,948.65326,961.78204,970.0414,974.6307,984.96747,987.90314,999.7966,1002.57605
9717.6201171875,9704.017,9689.274,9667.819,9648.72,9620.331,9604.851,9578.162,9559.236,9543.45,9520.774,9501.238,9494.087,9481.005
2216.7177734375,2225.2878,2228.635,2227.936,2225.3245,2221.205,2228.966,2225.582,2221.4993,2223.7798,2222.088,2220.6165,2218.2625,2208.92
2439.770751953125,2453.5073,2458.051,2457.2056,2452.8733,2446.1108,2459.3188,2452.662,2445.1597,2447.4844,2447.59,2444.4202,2440.7747,2428.3062
6701.7197265625,6694.977,6673.6035,6670.6367,6691.808,6688.8413,6699.0225,6734.8926,6735.971,6748.5796,6769.5825,6787.6523,6837.669,6851.302
10617.7314453125,10635.267,10637.484,10629.087,10620.511,10655.257,10652.418,10656.292,10648.662,10639.288,10623.941,10614.597,10606.968,10604.721
10948.9072265625,10933.948,10916.478,10887.787,10865.612,10844.577,10821.307,10796.823,10770.397,10766.045,10732.885,10728.561,10712.9,10702.792
10772.716796875,10759.466,10744.158,10715.886,10697.151,10676.847,10655.442,10630.554,10605.793,10598.911,10568.296,10562.356,10547.448,10537.91
8495.23046875,8507.522,8475.749,8468.791,8451.629,8426.8125,8451.861,8469.719,8431.451,8476.677,8485.49,8498.71,8549.733,8567.359
1705.41650390625,1707.5201,1706.6595,1706.9464,1705.3447,1704.1256,1706.4683,1705.1775,1703.2173,1702.9783,1703.8627,1703.5042,1703.9344,1702.3806
4018.059814453125,4022.9912,4020.8057,4021.086,4017.4993,4014.7534,4019.7969,4017.4434,4013.1284,4013.5767,4015.538,4014.7534,4017.163,4014.137
1840.1112060546875,1839.3076,1837.1648,1833.7988,1830.772,1828.2988,1825.9952,1822.5757,1819.5316,1817.8296,1814.1918,1813.4819,1812.1069,1810.0713
1683.951904296875,1681.0126,1677.37,1672.1947,1668.4629,1663.7286,1660.3713,1655.5984,1651.116,1650.3024,1645.3214,1644.1981,1642.844,1642.4976
14191.009765625,14199.888,14197.954,14187.459,14182.347,14193.954,14186.897,14187.369,14177.38,14175.121,14158.137,14153.586,14149.569,14149.164
1266.5091552734375,1269.9513,1278.0679,1272.841,1270.8862,1276.963,1277.3455,1277.9404,1287.1619,1293.0687,1288.3093,1286.4819,1290.944,1294.7686
718.3548583984375,721.6656,728.1802,723.9439,721.096,725.7239,726.54266,725.7239,734.588,738.5395,734.5168,732.7369,735.656,737.22235
1360.058837890625,1361.3978,1361.2042,1361.2687,1362.2043,1360.0911,1362.4302,1360.6719,1360.1395,1361.9463,1362.6238,1362.1721,1362.6884,1363.753
12595.5400390625,12620.44,12607.383,12612.241,12582.786,12546.346,12575.194,12553.9375,12515.372,12515.676,12509.906,12511.121,12488.346,12467.696
1491.6087646484375,1491.8888,1489.4249,1490.4889,1492.2247,1487.2411,1490.7128,1489.1449,1487.409,1490.2649,1490.3208,1491.1608,1492.1687,1496.5924
7420.86181640625,7423.2686,7422.399,7426.371,7428.9224,7429.618,7435.707,7446.1445,7455.7705,7466.0923,7471.2534,7474.9067,7489.0557,7496.71
1597.568603515625,1596.7184,1594.1023,1590.8976,1588.772,1584.2865,1582.7495,1580.2043,1575.4723,1576.1276,1572.6041,1573.0183,1572.5878,1572.7621
9558.59765625,9551.89,9535.217,9515.413,9506.821,9480.55,9469.694,9454.741,9429.077,9429.46,9409.689,9410.583,9410.232,9414.448
13501.1611328125,13519.203,13514.266,13514.455,13504.77,13496.793,13513.316,13507.429,13493.659,13500.591,13505.529,13503.44,13512.366,13502.87
12569.05078125,12581.072,12575.062,12574.554,12569.897,12561.686,12573.453,12578.109,12570.744,12584.628,12588.86,12591.4,12611.294,12607.738
5752.08740234375,5761.2227,5784.798,5764.4644,5758.276,5801.89,5793.0493,5827.8228,5862.007,5898.5483,5865.2485,5879.099,5899.4326,5953.95
17067.16015625,17084.824,17067.438,17089.791,17082.893,17053.912,17097.244,17087.309,17055.846,17053.086,17069.37,17082.34,17081.79,17082.615
4761.7216796875,4776.632,4809.4346,4787.8145,4775.5137,4798.997,4801.9795,4801.4204,4844.6597,4867.025,4846.71,4838.696,4855.8423,4867.7705
14156.43359375,14193.2705,14190.2,14194.635,14174.853,14158.48,14197.363,14179.286,14147.907,14150.295,14162.232,14156.093,14158.821,14132.899
1563.2357177734375,1564.2131,1563.9658,1564.0012,1563.5242,1563.0591,1563.9541,1563.9777,1563.3771,1564.4252,1564.4427,1564.6077,1565.5144,1565.2141
17547.947265625,17560.559,17547.375,17568.01,17577.754,17538.49,17585.205,17566.29,17544.508,17558.266,17569.729,17578.9,17597.816,17618.451
1483.3614501953125,1484.5806,1486.2621,1487.9016,1490.7286,1492.6019,1495.4526,1498.2377,1499.6853,1501.7794,1503.9286,1504.2754,1505.9307,1507.5228
13605.837890625,13613.643,13598.531,13598.365,13595.875,13579.602,13586.741,13574.619,13557.35,13563.992,13558.346,13561.003,13533.4375,13534.269
14278.61328125,14279.143,14270.252,14263.068,14252.47,14242.401,14242.343,14233.098,14220.792,14226.827,14213.785,14215.287,14213.579,14217.877
16105.5380859375,16125.757,16115.4,16131.675,16122.552,16101.1,16138.825,16127.977,16098.88,16095.428,16109.483,16116.634,16113.675,16105.291
14984.5322265625,15007.821,14999.448,15014.625,15002.064,14984.532,15023.26,15008.606,14981.916,14974.589,14989.766,14992.906,14990.289,14973.805
7151.263671875,7167.973,7057.083,6968.9785,7000.8784,7242.4062,7108.7305,7146.7065,7035.8164,6932.5215,6716.817,6684.917,6564.912,6619.5977
14989.1875,14992.513,14990.111,14977.92,14978.621,14976.441,14969.422,14965.912,14952.741,14952.206,14935.654,14932.569,14926.834,14921.869
4496.82470703125,4493.9595,4476.8735,4470.683,4468.6196,4460.156,4463.0933,4456.16,4439.068,4448.419,4432.45,4443.0503,4444.0425,4447.338
13043.04296875,13058.974,13057.938,13058.178,13049.894,13043.681,13057.858,13053.398,13041.769,13053.0,13053.637,13053.398,13059.372,13052.283
9950.7333984375,9982.25,9992.804,9985.673,9986.528,10027.886,10027.601,10020.755,10027.814,9992.661,9986.101,9965.279,9943.46,9920.785
17359.73046875,17363.459,17352.582,17342.713,17343.996,17326.668,17331.33,17332.96,17326.861,17329.66,17329.193,17335.254,17351.883,17352.814
1911.4559326171875,1911.975,1910.5219,1910.6948,1909.034,1907.0447,1908.4286,1907.8058,1905.8683,1905.4531,1905.5396,1905.8856,1905.6953,1905.2628
2274.00537109375,2280.7542,2278.991,2282.8215,2283.0647,2275.039,2286.287,2282.0918,2275.0999,2278.3223,2281.3623,2283.855,2281.727,2280.207
17864.326171875,17897.734,17889.715,17892.723,17872.01,17849.293,17885.707,17864.66,17836.934,17827.912,17837.602,17832.256,17828.58,17799.184
2031.3966064453125,2034.461,2033.1964,2033.4396,2034.9962,2031.1047,2034.607,2032.0775,2033.0018,2033.3423,2032.2235,2031.056,2032.3208,2033.245
10275.390625,10277.842,10341.203,10311.798,10337.003,10391.963,10419.968,10462.326,10503.983,10565.595,10562.795,10554.743,10623.881,10677.616
8579.4560546875,8583.9375,8581.877,8573.352,8570.956,8566.99,8563.358,8556.353,8542.509,8539.031,8526.126,8524.231,8516.816,8507.274
17605.46484375,17593.285,17567.484,17544.537,17542.688,17538.293,17511.996,17511.299,17499.162,17486.746,17456.404,17457.24,17461.426,17483.957
17538.833984375,17547.344,17540.455,17520.777,17518.615,17516.342,17501.055,17487.479,17475.377,17458.547,17439.207,17429.953,17419.643,17409.96
1533.5943603515625,1533.5319,1532.4805,1531.8779,1531.4972,1530.1104,1530.44,1530.6389,1529.7977,1530.1501,1530.2126,1530.6503,1531.8268,1532.2076
2779.71142578125,2783.6055,2791.4937,2796.8855,2819.6511,2830.7344,2846.1611,2866.88,2879.411,2890.7688,2909.2036,2911.2754,2932.0693,2938.2722
1499.8297119140625,1498.1609,1494.7543,1493.8424,1490.5046,1486.5646,1485.2914,1484.7323,1481.317,1483.4075,1480.8525,1482.6074,1481.2654,1482.8225
1622.913330078125,1623.7217,1621.5214,1621.3717,1618.6025,1616.5369,1616.3722,1614.7407,1614.0671,1612.5853,1611.0735,1610.9387,1609.3821,1607.1218
1757.0189208984375,1758.3231,1755.3027,1756.7443,1756.4697,1753.535,1755.0625,1754.8909,1753.6895,1753.2433,1753.6724,1753.7239,1752.6083,1753.0889
5884.97119140625,5875.8633,5848.716,5855.021,5895.48,5898.4575,5923.0654,5993.9116,6015.7173,6048.907,6090.8877,6127.854,6208.2896,6241.392
533.39306640625,534.354,534.1252,534.3235,534.70483,533.6981,534.6743,533.8354,534.3235,534.354,534.01843,533.43884,533.88116,534.2777
12569.3515625,12601.752,12601.0625,12614.85,12605.888,12579.692,12640.012,12623.122,12578.658,12604.8545,12623.812,12633.118,12636.909,12628.981
12798.1015625,12829.826,12826.019,12840.93,12840.93,12807.302,12867.261,12845.054,12810.157,12850.129,12871.702,12883.439,12897.081,12903.109
7726.595703125,7749.2734,7748.4634,7754.538,7760.6123,7737.1245,7757.7773,7744.819,7743.604,7744.414,7731.8604,7725.381,7739.5547,7752.918
1725.9193115234375,1730.2533,1728.8087,1731.6482,1729.5061,1725.6204,1733.2921,1730.901,1724.8234,1724.375,1727.1647,1728.0614,1727.613,1724.923
10624.8916015625,10640.031,10635.888,10636.047,10628.397,10619.154,10634.613,10629.673,10617.242,10621.545,10625.688,10624.095,10630.788,10621.545
932.1084594726562,933.15924,932.6723,932.63385,932.0572,931.2883,932.416,932.22375,931.2691,931.7432,932.10846,932.0572,932.90295,932.37756
2749.734619140625,2748.3845,2742.5398,2743.1616,2740.781,2736.9792,2737.832,2738.3115,2735.6646,2737.0857,2738.0095,2738.7734,2738.4182,2741.8823
1068.74267578125,1069.5735,1069.3796,1069.9058,1070.7087,1068.9642,1070.4596,1069.0751,1069.1858,1069.9335,1069.9612,1069.7396,1070.6812,1072.0103
1575.87841796875,1577.7845,1576.5232,1577.7845,1576.2148,1574.0284,1577.8407,1576.5232,1573.2996,1572.6268,1573.9443,1574.1686,1573.8882,1572.2904
2827.31298828125,2838.6768,2838.6768,2842.938,2839.4414,2830.2632,2848.9478,2842.3916,2829.1704,2831.2466,2836.2727,2837.0376,2834.5244,2826.2202
2194.41357421875,2193.1138,2190.2976,2192.1855,2191.5046,2188.8896,2190.9011,2191.1333,2189.3228,2189.694,2190.5916,2191.5046,2192.1545,2195.1875
4102.68017578125,4113.2383,4112.288,4115.667,4109.754,4105.32,4119.3623,4113.9775,4102.3633,4103.947,4108.698,4108.065,4108.3813,4102.0464
3993.864501953125,4000.8079,3996.2893,4004.6655,4005.1064,3992.7625,4011.168,4004.996,3994.636,3999.9263,4006.98,4010.066,4017.34,4021.3079
3948.443603515625,3952.7117,3955.8665,3959.7632,3962.3613,3955.681,3964.5881,3954.1963,3955.124,3961.619,3965.3303,3961.9902,3971.8252,3977.3923
2208.70361328125,2211.4119,2210.9153,2211.254,2210.9377,2208.4553,2210.5994,2208.2974,2206.2434,2206.3337,2205.7695,2205.4985,2202.1584,2200.0593
5313.4755859375,5316.1636,5301.289,5280.1416,5274.676,5294.12,5272.2563,5270.464,5264.3706,5236.055,5203.9756,5194.4775,5178.348,5191.0723
11452.2646484375,11491.144,11495.599,11496.408,11499.243,11478.994,11491.549,11482.639,11480.614,11485.474,11479.398,11453.074,11470.895,11468.869
1225.1500244140625,1227.3853,1227.1475,1226.6719,1227.6707,1224.722,1227.623,1224.5793,1225.6256,1227.4329,1227.7657,1224.7695,1226.2915,1227.5756
10773.0810546875,10771.178,10761.28,10730.73,10718.644,10703.416,10682.003,10656.664,10625.067,10608.588,10573.009,10564.467,10546.432,10528.635
438.0482177734375,437.75342,436.7027,435.4973,435.4039,433.36597,433.70526,433.6111,431.8497,432.73297,431.73917,432.34692,433.22076,433.8439
1121.9697265625,1124.1321,1123.0801,1124.7749,1125.8853,1121.6191,1126.2943,1124.1321,1121.4438,1124.3074,1125.6515,1126.4696,1127.8722,1129.7422
1215.04931640625,1215.6885,1214.9332,1212.7253,1212.5656,1210.8081,1210.2125,1209.4137,1208.6147,1208.3097,1206.2762,1204.5623,1204.7947,1204.8528
863.515380859375,864.2048,864.9114,864.4116,863.25684,864.222,863.49817,864.0841,867.1692,867.1002,864.94586,864.82526,864.5839,864.7218
13879.1328125,13873.597,13860.505,13850.264,13844.514,13832.0625,13826.999,13819.938,13805.949,13810.749,13799.249,13800.627,13805.51,13816.22
879.7252197265625,880.69495,879.8034,880.05365,878.9119,877.5356,879.1622,878.5991,876.7692,876.7536,877.1602,877.2384,877.4261,876.9256
1541.1416015625,1539.3461,1534.7192,1532.7512,1528.0381,1523.886,1522.1165,1520.5023,1517.8738,1518.0939,1514.8612,1515.9489,1515.5776,1516.005
585.144287109375,589.50745,592.06714,591.97015,592.76526,595.228,594.64624,595.5577,596.1976,596.3527,594.5881,593.0755,591.79565,588.6542
1948.299072265625,1950.6681,1950.9698,1948.1481,1946.3374,1945.2811,1944.4663,1942.037,1939.1248,1936.635,1932.4402,1930.0183,1927.3022,1923.6393
1395.0223388671875,1397.5138,1396.1827,1397.4796,1395.4319,1393.1453,1397.548,1395.7391,1392.1215,1391.2341,1392.804,1392.8723,1392.531,1390.5173
1440.9906005859375,1442.111,1441.4542,1441.7633,1442.961,1439.9861,1442.9996,1441.0292,1441.377,1441.8019,1440.6042,1440.9519,1441.9951,1443.9656
1747.9161376953125,1748.7064,1748.9933,1749.416,1750.181,1750.7448,1751.399,1752.5768,1753.8754,1755.4255,1755.5261,1755.7074,1756.8046,1757.2877
1489.9632568359375,1490.3685,1489.066,1488.5643,1488.41,1486.958,1487.8601,1488.6608,1487.6575,1489.2301,1489.4423,1490.1659,1492.5779,1492.9927
1683.5750732421875,1684.8661,1683.378,1685.1724,1684.4285,1682.2622,1685.5881,1684.7786,1682.5466,1681.54,1682.8529,1683.7501,1683.5532,1683.4219
2006.5126953125,2006.6465,2006.414,2006.568,2006.8616,2007.7551,2008.2533,2008.4858,2007.73,2009.0537,2008.2979,2008.6642,2008.5382,2008.3367
11303.755859375,11304.261,11292.89,11245.133,11201.292,11181.457,11146.713,11097.3125,11050.945,11018.934,10958.21,10946.492,10903.504,10845.261
19651.12890625,19665.264,19655.068,19672.215,19678.703,19647.887,19687.045,19671.29,19652.29,19662.02,19673.605,19681.02,19693.996,19706.045
1204.626220703125,1203.2509,1201.8674,1200.6538,1200.5634,1199.5016,1198.5048,1198.44,1196.8969,1196.7739,1195.3811,1195.3197,1195.7566,1196.8763
3255.14404296875,3265.2993,3267.4756,3269.833,3273.8228,3265.2993,3272.7346,3264.9368,3266.5688,3268.9263,3268.201,3262.2166,3270.5583,3276.1802
3406.9111328125,3421.4814,3426.1646,3429.2869,3429.6338,3424.9504,3428.0725,3422.6956,3425.2974,3424.9504,3425.9912,3415.237,3424.4302,3426.8584
2956.295654296875,2963.4138,2963.326,2964.5562,2965.1711,2960.6895,2964.3804,2962.1833,2962.6228,2962.1833,2959.547,2955.417,2958.4048,2959.1956
618.519775390625,617.99744,614.06,614.5823,611.0868,608.31445,611.36804,612.33234,607.1493,609.4797,611.3279,612.01086,616.18945,618.5198
469.2517395019531,468.3192,465.2747,465.02783,462.91586,460.5022,461.94217,463.437,459.95364,462.2576,463.245,464.205,467.8529,470.3763
1990.959228515625,1987.5537,1974.7537,1974.5188,1965.0068,1955.26,1962.071,1967.5903,1952.5004,1961.7188,1966.1812,1969.8215,1984.5005,1994.2473
583.7814331054688,582.7414,579.14844,580.0309,576.7531,574.3263,576.9107,577.32043,573.1286,574.29474,575.8076,576.4694,579.17993,581.29156
606.37255859375,605.24963,601.26514,601.6998,598.3673,595.6143,598.14996,599.20044,594.419,596.59235,598.18616,599.05554,602.8227,605.5757
472.7843933105469,473.9222,478.26926,477.45236,482.55795,488.56796,491.32498,497.0432,499.90234,504.3515,506.4229,506.12387,510.5074,514.9456
6115.69140625,6138.122,6178.1973,6151.58,6120.4766,6152.7764,6154.8696,6150.085,6227.544,6252.965,6211.095,6203.9175,6216.179,6230.236
15925.935546875,15943.944,15940.8125,15944.924,15955.298,15929.655,15959.213,15940.421,15927.894,15955.886,15969.9795,15966.848,15982.115,15994.644
9838.447265625,9850.7705,9832.647,9858.745,9876.868,9820.324,9881.942,9856.57,9834.098,9845.696,9854.3955,9865.994,9889.917,9919.639
11392.8544921875,11402.529,11381.567,11397.692,11377.805,11355.767,11389.36,11383.18,11347.974,11343.942,11358.454,11364.636,11368.936,11367.86
12092.0458984375,12109.573,12109.798,12113.618,12114.517,12102.383,12115.641,12106.652,12110.247,12107.102,12098.112,12093.394,12100.81,12099.91
9654.6318359375,9664.857,9662.34,9652.154,9654.317,9634.948,9659.705,9665.015,9635.498,9644.878,9640.14,9643.266,9653.216,9629.245
9133.7568359375,9139.038,9131.745,9121.845,9124.479,9117.053,9116.311,9109.265,9086.971,9079.623,9066.306,9066.17,9057.121,9037.807
12986.8896484375,13019.418,13016.559,13032.644,13024.064,12995.469,13058.38,13040.865,12994.754,13020.848,13041.58,13052.304,13058.022,13051.231
15446.8017578125,15475.469,15477.019,15482.055,15486.316,15467.334,15481.28,15471.595,15471.595,15471.982,15462.298,15450.676,15464.234,15471.595
3744.052001953125,3756.6824,3751.5366,3757.618,3749.3538,3737.971,3759.645,3750.1333,3735.164,3729.8625,3737.503,3736.8794,3734.6963,3721.5981
2768.997314453125,2780.6333,2775.979,2783.0977,2776.6636,2765.8489,2786.52,2778.58,2764.4797,2759.4148,2767.0808,2767.9023,2765.712,2754.7603
2234.43798828125,2244.5845,2258.0728,2268.6707,2284.9893,2300.0107,2315.2175,2331.024,2341.5618,2350.3533,2362.7576,2365.9492,2371.248,2372.332
2298.664306640625,2301.1094,2299.379,2300.7332,2298.1753,2295.9934,2300.5452,2298.702,2294.7896,2294.1501,2295.9558,2295.8806,2296.219,2294.4136
955.8994140625,957.1532,955.2499,955.0082,953.28613,951.8662,951.413,950.06866,949.1321,947.89343,946.1412,945.8089,943.0068,940.81647
3245.048583984375,3246.1592,3243.4314,3242.3792,3240.9763,3237.255,3239.6514,3239.9631,3236.6702,3238.268,3238.6772,3239.6514,3243.0806,3243.0222
2695.045654296875,2699.7087,2697.4968,2698.6326,2694.7468,2690.5022,2697.1382,2694.149,2688.051,2686.8555,2688.7686,2688.41,2688.1108,2684.225
1413.2357177734375,1416.8167,1416.4882,1416.3568,1414.9113,1412.9401,1416.2253,1414.8456,1412.5787,1413.17,1413.7614,1413.1044,1413.7943,1410.9854
2702.854248046875,2703.777,2699.5476,2703.008,2701.0085,2695.7795,2700.547,2700.2012,2695.2412,2693.7417,2695.2412,2697.7405,2695.8564,2696.587
14955.7275390625,14942.239,14903.656,14915.89,14901.774,14869.466,14885.463,14889.697,14866.015,14878.5625,14886.091,14896.441,14893.305,14923.418
11666.7861328125,11657.966,11618.152,11622.072,11599.653,11571.478,11577.971,11580.053,11561.8,11571.478,11575.766,11583.973,11581.155,11603.084
14639.005859375,14618.769,14572.369,14576.851,14543.026,14505.589,14506.601,14508.19,14483.473,14494.603,14489.255,14503.709,14499.373,14522.355
7780.75,7768.969,7742.58,7743.915,7725.1445,7703.2324,7703.5464,7704.5674,7690.352,7697.7344,7694.5146,7703.389,7701.426,7714.9346
14431.4814453125,14446.267,14393.732,14396.878,14369.668,14345.445,14334.593,14332.076,14325.471,14311.157,14302.507,14302.191,14287.564,14278.913
14986.0576171875,15005.349,14951.655,14958.086,14939.92,14914.038,14912.591,14914.038,14905.196,14895.551,14897.962,14894.747,14882.208,14883.333
2289.8212890625,2293.1035,2291.5886,2293.6086,2297.901,2289.0637,2296.5122,2290.8313,2291.0837,2293.9873,2292.9773,2292.5986,2296.5122,2302.9507
2484.3056640625,2478.0586,2475.7666,2473.924,2473.0251,2483.5415,2482.3281,2497.923,2500.6646,2510.1025,2504.4849,2512.799,2521.5403,2539.1802
2531.151123046875,2524.7927,2522.4597,2520.5842,2519.6692,2530.3735,2529.1384,2545.0117,2547.8022,2557.4084,2551.6448,2560.153,2569.0276,2586.9595
16355.79296875,16366.423,16358.577,16334.912,16323.27,16304.794,16297.327,16279.484,16256.199,16239.368,16207.731,16190.584,16176.79,16158.44
16514.552734375,16563.352,16560.48,16557.61,16543.668,16522.754,16541.617,16534.646,16531.365,16533.416,16519.062,16489.127,16503.89,16483.797
10454.1015625,10458.394,10465.904,10461.255,10458.931,10465.904,10463.9375,10469.481,10482.893,10489.777,10481.642,10481.642,10487.185,10491.745
7533.71240234375,7528.6436,7520.769,7511.0923,7504.9062,7495.8774,7487.417,7471.9976,7460.126,7450.802,7439.84,7429.3784,7417.643,7407.5454
6793.37451171875,6794.051,6793.8706,6793.284,6793.104,6793.555,6789.8574,6789.001,6792.3374,6785.078,6778.36,6773.5806,6766.547,6757.709
912.201904296875,912.4968,910.6853,911.3594,915.6565,917.40485,919.8062,926.88385,929.6117,931.5602,936.94214,939.8938,948.52765,949.623
8101.7216796875,8111.374,8126.2915,8115.1035,8122.7817,8146.6934,8139.235,8154.591,8173.567,8180.916,8164.243,8168.192,8170.715,8183.1094
8993.8974609375,9005.417,9024.807,9010.024,9013.096,9034.598,9028.839,9041.894,9067.427,9077.218,9059.747,9062.436,9066.467,9081.249
1976.7264404296875,1980.0823,1987.2319,1982.3196,1979.4014,1984.9946,1985.481,1986.5023,1997.3484,2002.6984,1997.4456,1996.5702,2001.0934,2005.2761
2263.9111328125,2268.9888,2268.8733,2270.6042,2274.182,2266.6807,2274.528,2267.8347,2269.9119,2270.489,2268.4116,2267.604,2271.1814,2274.0664
904.0825805664062,904.6088,905.2167,907.54846,910.95087,913.4958,916.6963,921.657,923.92523,927.6043,930.358,932.3994,934.7947,936.75446
1324.9229736328125,1325.8945,1326.1837,1326.3793,1326.1956,1326.262,1327.0829,1326.9735,1326.0312,1326.3401,1325.6619,1325.9492,1325.2064,1323.3251
1052.92041015625,1055.1858,1055.1135,1058.9696,1066.9227,1070.8269,1079.9489,1093.4391,1100.7046,1106.9052,1115.6776,1119.8951,1131.4392,1138.3319
16032.0166015625,16036.288,16027.418,16002.833,15998.727,15990.349,15974.799,15959.193,15926.809,15911.968,15883.797,15874.16,15859.76,15844.538
13266.5517578125,13274.005,13259.099,13258.167,13238.604,13211.399,13225.1875,13217.921,13191.09,13201.338,13196.307,13203.015,13200.406,13204.133
13586.748046875,13589.537,13577.56,13561.578,13557.969,13575.591,13558.953,13561.841,13549.043,13540.708,13516.229,13512.159,13509.337,13522.135
16161.919921875,16159.655,16139.958,16131.807,16120.373,16104.638,16113.694,16107.921,16099.883,16111.204,16115.845,16110.978,16115.506,16133.618
12321.2392578125,12323.739,12312.907,12298.385,12295.111,12311.092,12295.945,12298.623,12287.018,12279.459,12257.26,12253.569,12250.951,12262.557
10065.8857421875,10072.452,10069.059,10062.419,10065.37,10058.14,10055.188,10054.451,10050.394,10049.36,10039.918,10033.721,10035.049,10030.585
1999.583251953125,2003.4235,2002.95,2002.2661,2002.3187,1998.8467,2000.6353,1999.6359,1998.689,2000.8983,1999.9514,1996.9529,1999.0571,1999.2676
14683.7138671875,14707.341,14700.113,14712.344,14701.781,14674.541,14717.069,14706.785,14665.368,14678.711,14691.219,14699.558,14695.11,14690.941
14977.57421875,14989.699,14986.9375,14966.71,14961.487,14960.407,14949.843,14944.32,14919.051,14912.238,14884.117,14873.103,14862.084,14849.476
14117.7412109375,14146.497,14146.497,14142.811,14146.128,14123.64,14134.699,14126.221,14121.428,14135.068,14130.275,14106.3125,14122.902,14124.746
10293.013671875,10283.535,10271.125,10255.259,10247.39,10230.517,10221.631,10207.434,10193.138,10191.36,10176.551,10171.97,10170.942,10177.064
4511.52392578125,4514.3037,4510.8965,4503.5474,4504.6167,4509.602,4504.419,4500.523,4488.294,4480.212,4471.707,4466.9795,4458.369,4450.234
3114.424072265625,3109.5532,3101.9648,3091.697,3084.345,3072.9263,3063.4133,3051.461,3039.9963,3036.6423,3026.6414,3017.3723,3009.14,3003.9563
4455.4560546875,4451.7446,4439.949,4417.912,4410.5723,4392.034,4379.692,4356.9497,4336.5522,4323.779,4303.468,4292.823,4279.474,4270.268
4109.85595703125,4103.6997,4092.9487,4073.2932,4062.828,4043.3706,4030.311,4009.9521,3993.067,3986.0754,3967.6953,3955.7349,3945.5334,3939.1138
1072.07861328125,1072.6677,1073.3972,1072.9623,1071.7839,1072.8782,1072.5836,1073.4954,1076.0485,1076.6235,1075.2769,1075.333,1076.357,1077.0164
1455.2303466796875,1454.8489,1455.3829,1453.6282,1453.0941,1457.0233,1455.1923,1458.244,1460.9144,1461.9635,1457.9961,1459.274,1459.7891,1463.5847
2210.364501953125,2207.72,2203.4229,2199.4226,2196.463,2190.5312,2186.2585,2183.0876,2178.901,2178.6313,2174.726,2173.2815,2173.6487,2175.179
2166.581787109375,2164.8987,2161.7976,2158.4019,2156.6572,2152.7659,2149.5955,2145.963,2142.2114,2140.14,2136.4304,2134.6106,2133.6448,2133.253
12206.6494140625,12209.355,12202.319,12184.209,12182.377,12177.11,12165.724,12153.744,12129.44,12117.534,12097.612,12090.785,12079.377,12067.304
869.8189697265625,872.97577,876.85,874.76935,876.4913,881.69275,881.19055,883.7016,887.5579,889.26184,887.6476,888.0063,889.22595,891.7729
909.131591796875,913.3496,917.47876,915.4808,916.7684,923.9612,923.7392,926.5586,930.7766,931.6646,929.84424,929.84424,930.6656,933.30743
1777.859375,1786.004,1788.4232,1787.8184,1786.1653,1782.1736,1785.5201,1781.9318,1778.5852,1778.0208,1772.8597,1772.6381,1767.9408,1756.5101
1028.2008056640625,1029.1289,1029.0774,1027.2727,1026.7828,1031.7585,1029.4125,1031.4235,1033.6149,1032.4547,1027.6337,1028.0461,1026.6282,1030.2375
1021.2042846679688,1021.342,1019.657,1017.972,1018.0206,1019.4464,1017.1619,1016.6677,1015.64703,1013.08716,1010.43005,1009.4903,1007.85394,1008.14557
14716.4521484375,14731.196,14751.194,14738.823,14728.824,14743.2295,14741.026,14740.856,14778.988,14786.275,14766.955,14763.227,14766.616,14767.464
1259.0631103515625,1260.4904,1262.8258,1260.7499,1260.9769,1264.5775,1263.3448,1265.6155,1269.2161,1270.546,1267.2698,1268.0483,1268.3079,1270.9191
1283.02001953125,1283.2605,1283.4288,1283.02,1283.032,1283.5131,1282.9839,1283.3447,1284.3068,1283.9099,1282.8276,1282.7555,1282.2384,1282.046
1266.8758544921875,1266.4186,1265.7965,1265.1375,1265.9445,1265.931,1264.9088,1264.7877,1263.7521,1262.5819,1261.7817,1261.506,1260.773,1259.7172
14056.353515625,14071.389,14097.988,14098.566,14137.311,14170.85,14208.726,14257.3,14288.96,14322.065,14355.6045,14361.243,14428.177,14456.15
1842.707275390625,1844.8463,1845.4297,1844.2074,1843.9851,1851.458,1850.069,1852.4025,1854.2915,1853.1248,1849.3745,1849.1245,1847.8188,1850.3745
6333.54638671875,6348.8677,6369.8433,6386.806,6437.4214,6460.0386,6502.5366,6549.7773,6579.868,6602.148,6641.705,6642.708,6677.8193,6695.147
14539.3115234375,14514.235,14483.716,14458.676,14456.426,14421.008,14404.6045,14408.089,14384.718,14375.573,14355.832,14359.751,14388.057,14397.782
13858.5830078125,13865.263,13858.583,13856.691,13849.318,13832.365,13839.864,13835.138,13822.218,13832.365,13822.785,13827.26,13826.692,13828.836
4999.19091796875,5008.391,5009.5073,5007.1543,5006.762,5024.8906,5023.684,5025.222,5024.2573,5017.7417,5013.1567,5008.1196,5003.957,5000.5186
1642.5955810546875,1643.0292,1641.8479,1641.6985,1640.4275,1638.1176,1638.9623,1638.2521,1636.383,1637.841,1636.6373,1637.3026,1637.0709,1637.7661
10631.677734375,10619.454,10600.753,10575.11,10553.326,10522.87,10498.951,10470.987,10446.893,10447.948,10423.326,10402.573,10388.62,10382.523
2557.5400390625,2557.1025,2555.7502,2555.4321,2554.716,2558.0173,2559.1309,2566.6677,2569.3325,2572.2559,2573.27,2577.2075,2585.2515,2589.6362
18867.662109375,18872.695,18862.629,18872.066,18901.953,18929.008,18955.75,19022.602,19050.914,19075.846,19116.508,19145.49,19217.342,19242.465
21748.0390625,21747.346,21735.89,21736.238,21744.916,21776.154,21794.725,21864.49,21889.133,21916.207,21939.982,21974.52,22049.318,22085.111
22820.376953125,22819.65,22807.674,22808.4,22817.836,22850.5,22869.916,22942.682,22968.63,22996.758,23021.982,23058.092,23136.303,23173.504
6964.02490234375,6991.697,7045.5366,7010.646,7006.736,7044.3335,7043.732,7047.943,7107.497,7136.9736,7106.8955,7096.068,7111.407,7125.243
1369.4364013671875,1367.21,1364.8641,1362.4534,1360.1587,1356.908,1355.0913,1353.0425,1350.4337,1348.9586,1345.9127,1343.8365,1343.618,1342.3888
19053.0703125,19071.818,19086.201,19106.746,19160.037,19186.105,19232.72,19287.424,19323.379,19348.229,19399.947,19409.064,19467.846,19486.465
19630.541015625,19650.002,19642.676,19677.248,19736.205,19766.197,19832.367,19938.389,20003.111,20048.79,20121.426,20172.025,20271.621,20304.592
1683.55078125,1684.7522,1686.6064,1685.0656,1683.0023,1685.3268,1684.6477,1685.5095,1690.6808,1691.5427,1688.1475,1688.5914,1688.5914,1690.5764
9258.14453125,9286.333,9353.784,9313.515,9271.735,9327.105,9338.18,9348.247,9466.035,9532.48,9475.6,9468.553,9542.548,9589.361
1067.5648193359375,1066.2732,1064.2307,1060.5927,1058.6741,1055.8337,1053.3346,1049.8658,1046.9524,1045.1577,1041.8687,1040.7048,1039.233,1037.9414
1166.9075927734375,1168.9192,1169.553,1168.8933,1167.983,1170.1519,1170.2295,1169.945,1168.8367,1167.3547,1166.3615,1164.9865,1163.6454,1161.797
2265.431884765625,2267.4592,2273.9756,2270.1382,2268.0386,2276.6545,2280.9988,2291.208,2301.1997,2311.4812,2309.2366,2312.1328,2327.7,2338.9587
7458.673828125,7501.7666,7512.8423,7506.197,7490.6914,7463.1035,7506.801,7494.1147,7468.138,7486.865,7477.8037,7473.575,7473.575,7429.6763
2205.8955078125,2202.6174,2194.2961,2193.21,2199.3975,2196.8567,2200.0571,2212.3738,2214.43,2219.9773,2226.4656,2234.2507,2251.6812,2260.1477
23125.7109375,23131.893,23108.834,23126.188,23180.383,23191.318,23237.908,23335.129,23384.809,23420.375,23484.883,23533.791,23643.193,23675.283
8467.970703125,8500.322,8493.327,8502.945,8533.548,8475.84,8516.061,8475.84,8481.086,8507.316,8509.065,8488.955,8519.558,8562.401
10570.4326171875,10586.178,10585.459,10583.446,10577.981,10569.3545,10582.296,10574.962,10567.197,10568.563,10569.642,10566.479,10568.204,10553.753
10227.3662109375,10230.882,10246.392,10242.784,10255.408,10266.408,10277.68,10289.221,10297.517,10310.32,10317.354,10315.641,10336.198,10345.621
7984.828125,7985.008,7978.712,7997.4204,8045.8105,8079.4497,8131.258,8231.637,8278.599,8330.3955,8376.808,8410.986,8481.683,8545.544
14866.423828125,14898.227,14881.133,14906.574,14889.878,14857.281,14918.103,14897.432,14856.088,14838.597,14861.653,14870.002,14862.847,14839.393
5949.0625,5972.0806,5968.3887,5967.9546,5956.2285,5946.0225,5966.2173,5958.617,5940.811,5944.2856,5950.1484,5946.0225,5951.8857,5936.4683
13044.4580078125,13049.756,13049.756,13057.379,13073.057,13083.328,13096.925,13119.117,13132.788,13140.569,13157.961,13166.759,13186.9375,13189.37
14447.6044921875,14450.546,14441.724,14439.801,14432.5625,14423.515,14429.509,14424.872,14416.22,14416.39,14416.672,14418.086,14420.6875,14419.217
11174.8740234375,11166.859,11156.26,11145.291,11136.322,11123.411,11111.915,11101.752,11090.257,11082.038,11068.154,11061.435,11058.103,11055.992
3463.9697265625,3464.9678,3467.7537,3465.1755,3461.35,3465.425,3464.5518,3466.9636,3475.28,3477.7334,3472.203,3473.3672,3474.781,3479.1887
3338.705810546875,3336.2432,3334.3848,3330.9,3327.508,3336.011,3330.4353,3336.4756,3339.728,3340.2854,3329.1807,3332.108,3331.4111,3342.2834
5188.91015625,5186.7344,5188.614,5184.855,5176.646,5186.141,5184.1626,5196.0312,5210.571,5219.5713,5208.7905,5215.219,5224.5166,5239.698
5546.04736328125,5554.922,5580.436,5558.804,5542.719,5574.335,5567.956,5587.6465,5638.398,5665.8535,5630.9097,5635.902,5651.7095,5688.317
5341.7177734375,5350.4326,5350.2383,5349.6934,5346.7363,5342.4956,5349.5767,5346.4644,5342.457,5345.1416,5345.4136,5344.2075,5346.192,5339.0723
1708.5567626953125,1716.5024,1716.7152,1717.1409,1713.3099,1709.9047,1717.7794,1713.381,1707.6345,1708.9115,1709.8337,1708.4149,1707.2798,1700.824
1465.6800537109375,1471.8171,1471.3743,1473.9683,1471.5007,1467.5781,1477.3848,1473.7152,1466.376,1467.1353,1470.0455,1470.4252,1469.2864,1464.5411
1404.725341796875,1410.3458,1409.8726,1412.4756,1410.2275,1406.5002,1415.7887,1412.3573,1405.4353,1406.2637,1409.0442,1409.5767,1408.4526,1404.1929
15552.642578125,15565.755,15576.918,15589.322,15624.23,15644.607,15672.693,15707.867,15731.701,15746.275,15778.88,15784.628,15820.543,15826.391
14146.8994140625,14311.539,14422.204,14545.587,14636.547,14836.327,14988.735,15114.156,15232.2,15335.1,15432.175,15492.75,15512.941,15512.165
17850.580078125,17847.992,17836.133,17824.914,17828.432,17822.445,17808.53,17793.494,17776.72,17756.385,17743.771,17736.275,17726.953,17710.043
4781.19873046875,4789.9976,4791.4824,4785.543,4781.5835,4782.8486,4782.4634,4781.1436,4773.445,4770.833,4760.659,4753.5654,4749.056,4741.3984
4547.28759765625,4554.295,4562.532,4553.6807,4553.9263,4563.885,4560.3193,4563.6387,4582.2646,4578.3916,4566.5894,4567.819,4563.27,4567.204
17255.296875,17252.316,17241.467,17230.25,17234.799,17229.986,17216.254,17202.479,17186.582,17166.316,17154.129,17147.506,17137.44,17120.748
16596.0625,16600.172,16592.506,16585.492,16588.037,16578.74,16580.371,16576.227,16573.861,16573.227,16570.959,16572.574,16578.74,16574.547
22573.68359375,22593.008,22614.518,22598.111,22570.768,22604.674,22600.664,22614.518,22688.166,22697.645,22661.186,22671.395,22687.438,22708.947
7320.58984375,7350.8403,7336.6265,7364.3257,7362.8677,7320.59,7386.923,7366.5127,7327.1504,7338.813,7361.0454,7374.531,7384.007,7382.549
12600.3359375,12608.594,12593.455,12609.625,12612.034,12584.854,12615.13,12606.529,12597.584,12592.079,12596.552,12602.057,12609.97,12624.764
1408.060302734375,1410.8492,1410.589,1411.3699,1411.2211,1409.2131,1411.5186,1410.2543,1410.5145,1409.8824,1408.1719,1407.6885,1408.7668,1408.9528
14987.39453125,14998.3545,14983.284,14996.984,14999.998,14977.805,14996.162,14989.038,14979.448,14976.846,14981.366,14986.572,14980.2705,14982.736
14822.4091796875,14853.133,14838.539,14855.437,14832.395,14806.279,14859.661,14838.155,14797.83,14787.461,14807.432,14807.815,14806.663,14779.78
1980.40185546875,1982.2329,1980.6053,1983.7588,1986.3019,1978.9778,1987.3191,1982.5381,1981.4191,1982.4364,1982.4364,1983.6571,1987.2174,1991.4899
13574.333984375,13633.968,13704.544,13712.203,13803.022,13908.065,13917.366,13990.678,14032.531,14085.053,14101.192,14096.269,14144.413,14128.548
20776.935546875,20802.81,20770.998,20810.445,20808.748,20753.607,20824.018,20805.355,20772.27,20756.152,20779.48,20797.72,20803.658,20816.383
3792.1298828125,3813.156,3809.0864,3810.4429,3798.0083,3793.0344,3813.6082,3805.6953,3786.93,3795.069,3802.756,3799.3647,3807.0518,3796.6519
13469.630859375,13481.73,13459.548,13483.242,13483.747,13446.692,13488.788,13480.722,13456.019,13451.2295,13464.337,13478.705,13481.73,13494.334
15363.177734375,15373.084,15364.047,15368.913,15357.095,15347.014,15365.784,15358.137,15340.757,15338.323,15345.449,15344.928,15347.1875,15338.497
6032.54638671875,6041.474,6037.562,6045.186,6044.6846,6032.9478,6051.1045,6045.0854,6034.5527,6036.4585,6042.5776,6046.2896,6047.092,6045.186
12959.2314453125,12962.946,12960.839,12966.882,12980.52,12989.002,13000.117,13020.935,13032.944,13039.856,13055.889,13065.341,13085.992,13088.57
14852.2353515625,14865.8,14844.761,14866.907,14853.342,14825.105,14865.8,14858.602,14825.105,14814.31,14830.643,14841.438,14840.331,14837.84
14807.3486328125,14840.698,14827.993,14843.478,14820.848,14794.644,14849.036,14827.597,14785.115,14775.983,14796.231,14795.4375,14793.85,14767.249
12794.6298828125,12815.147,12803.749,12809.163,12790.926,12774.968,12806.599,12795.2,12766.419,12766.704,12778.388,12775.823,12783.231,12768.983
17591.560546875,17607.312,17607.312,17633.754,17649.506,17592.686,17675.387,17615.752,17584.809,17658.508,17687.762,17690.014,17758.648,17799.156
15299.107421875,15320.233,15298.379,15321.69,15302.0205,15270.696,15323.147,15309.67,15266.325,15252.483,15272.881,15281.623,15278.709,15266.325
19222.6015625,19249.83,19224.871,19252.1,19225.324,19191.287,19254.37,19236.215,19184.48,19167.234,19193.104,19200.363,19198.096,19180.396
6782.76025390625,6807.789,6792.0176,6821.16,6825.2744,6780.703,6843.789,6818.4175,6790.989,6802.989,6821.846,6832.132,6849.2744,6856.132
16909.47265625,16903.865,16891.166,16885.08,16879.576,16864.814,16867.62,16872.223,16861.691,16866.877,16868.041,16872.54,16885.451,16894.816
11882.873046875,11895.726,11860.06,11891.87,11891.228,11836.281,11888.015,11884.158,11845.6,11840.138,11852.348,11876.446,11868.414,11881.588
16010.509765625,16010.674,16001.607,16008.142,16000.628,15991.971,16001.607,16001.118,15992.624,15986.825,15991.398,15992.95,15994.094,15994.094
19410.2265625,19434.129,19423.373,19431.441,19411.72,19394.69,19431.143,19418.295,19388.715,19385.727,19400.965,19397.379,19406.342,19386.623
14506.873046875,14528.513,14512.025,14516.834,14494.851,14476.303,14511.682,14503.438,14468.059,14475.959,14490.042,14487.981,14504.8125,14494.508
11963.6591796875,11995.094,11982.745,12002.952,11984.616,11956.55,12012.683,11994.72,11949.813,11944.2,11965.156,11970.3955,11967.401,11946.819
12866.8359375,12881.5625,12857.22,12884.868,12880.961,12841.593,12890.578,12881.5625,12848.204,12844.898,12862.028,12879.458,12881.862,12892.381
13616.654296875,13626.662,13622.976,13629.56,13627.452,13610.597,13626.136,13619.288,13617.181,13622.185,13613.494,13611.65,13621.922,13635.354
4526.8662109375,4533.805,4525.909,4536.1978,4538.591,4521.1235,4541.941,4535.719,4526.866,4525.909,4531.173,4535.9585,4539.787,4545.0513
3049.56689453125,3233.3777,3156.2227,3051.8362,3083.606,3576.037,3419.4575,3464.843,3396.765,3174.3767,2911.1416,2804.486,2613.8674,2604.7905
17298.376953125,17316.018,17296.055,17318.803,17319.268,17283.52,17323.445,17311.84,17294.197,17284.914,17294.895,17307.66,17303.947,17307.66
1709.722412109375,1711.6683,1709.9514,1712.1262,1710.724,1707.9481,1712.3838,1711.1819,1708.1484,1706.5459,1708.263,1709.0642,1708.7494,1707.4044
3498.53369140625,3533.1135,3588.3198,3542.2134,3548.8867,3616.8333,3596.2065,3635.0332,3711.473,3732.0994,3670.2197,3679.9263,3679.3196,3724.8193
2333.666748046875,2336.2173,2333.536,2336.5442,2336.4788,2331.672,2337.3289,2335.6287,2332.9146,2331.7375,2333.2744,2335.1055,2334.4187,2334.5496
12080.328125,12096.551,12079.136,12100.605,12096.073,12069.116,12107.763,12097.027,12077.704,12064.822,12079.613,12089.394,12089.871,12090.348
3047.22265625,3082.3625,3156.0703,3109.7886,3072.5063,3128.2158,3140.2146,3130.3584,3240.9204,3292.773,3245.2056,3228.0642,3279.0598,3305.2004
1406.1845703125,1405.2579,1400.273,1398.2395,1401.7401,1395.3523,1398.8315,1407.9177,1406.7852,1414.2668,1417.5272,1422.538,1436.7292,1441.534
367.17303466796875,370.3845,375.26263,371.72598,372.05118,376.64478,375.46588,377.01062,383.84003,386.0352,381.8481,382.0107,382.21396,385.0189
1238.8712158203125,1239.7863,1245.0481,1239.7863,1234.6771,1242.9128,1240.7014,1246.3444,1259.7656,1265.9425,1255.419,1257.783,1260.2994,1270.518
1658.3251953125,1665.313,1663.7427,1664.2137,1659.974,1657.8541,1664.4492,1663.1931,1655.8912,1661.2302,1663.036,1662.7219,1666.4906,1664.6848
4140.57275390625,4143.0356,4142.8477,4152.7896,4168.577,4170.7534,4180.3286,4198.332,4204.386,4229.3535,4235.2886,4257.2095,4277.231,4303.0293
10314.3154296875,10383.701,10430.872,10497.353,10536.456,10635.531,10708.897,10778.82,10831.747,10899.303,10939.751,10975.466,10986.653,10993.107
1497.936279296875,1500.9031,1500.7461,1500.7147,1498.7997,1497.6066,1500.181,1499.0037,1496.4136,1498.4543,1497.9677,1498.0461,1498.2031,1497.0729
4094.108642578125,4085.2893,4077.7412,4074.1658,4079.6482,4077.2644,4076.8672,4082.6672,4071.8616,4069.0015,4063.9958,4066.3,4067.4124,4062.804
1493.871826171875,1495.0554,1493.2029,1495.3641,1495.9816,1492.0967,1496.3932,1495.3641,1492.8428,1493.3059,1494.4894,1495.7758,1496.702,1498.4
14308.9912109375,14357.326,14351.042,14371.826,14349.592,14317.208,14390.677,14363.126,14307.541,14302.707,14327.842,14328.809,14322.041,14284.34
12018.640625,12046.538,12042.593,12052.174,12037.5205,12020.613,12060.346,12043.72,12013.851,12010.469,12023.432,12021.459,12017.795,11994.688
689.170654296875,690.6684,690.3153,690.8112,691.9678,692.4047,694.8453,696.55237,696.8182,697.7486,699.24835,699.76013,702.15656,699.8276
1391.8851318359375,1391.6436,1388.5836,1388.9172,1386.559,1384.5804,1384.4424,1384.0627,1383.3726,1382.5673,1382.0266,1382.0956,1381.785,1381.9346
9297.640625,9297.332,9279.118,9286.219,9270.166,9250.256,9263.992,9261.986,9239.76,9238.834,9241.458,9247.94,9246.396,9250.101
1471.0970458984375,1473.5535,1472.433,1472.6484,1473.8552,1470.4075,1473.2087,1471.6141,1471.6141,1472.3899,1470.8385,1470.666,1471.7866,1473.4673
1692.64794921875,1695.4744,1694.185,1694.433,1695.8215,1691.8545,1695.0776,1693.2429,1693.2429,1694.1355,1692.3503,1692.1024,1693.4413,1695.3256
3975.287841796875,3976.919,3976.1033,3979.1326,3981.579,3974.5305,3982.977,3977.5015,3974.006,3979.948,3982.278,3983.0938,3989.0356,3994.1619
17853.5,17849.766,17833.285,17834.959,17822.727,17809.465,17818.092,17813.2,17804.186,17799.938,17801.74,17797.232,17800.58,17808.693
16853.037109375,16894.748,16887.656,16895.582,16871.39,16850.951,16901.004,16881.816,16839.273,16844.277,16862.213,16856.375,16863.883,16837.605
5766.041015625,6120.917,6803.372,6389.3496,6029.924,6557.6885,6662.3315,6603.1855,7763.359,8218.328,7745.16,7613.2188,8090.937,8336.621
19091.404296875,19090.066,19070.94,19086.055,19083.111,19060.373,19078.564,19080.436,19063.316,19062.246,19067.328,19078.564,19077.494,19092.475
14854.1513671875,14846.664,14825.137,14838.942,14835.198,14813.555,14829.582,14832.624,14818.702,14821.042,14827.477,14832.858,14839.176,14862.341
10618.93359375,10633.513,10617.698,10633.019,10618.192,10594.471,10628.57,10619.922,10589.034,10580.386,10592.988,10599.66,10595.459,10586.811
1519.8189697265625,1520.3044,1518.6926,1519.6636,1518.0712,1516.3234,1518.5955,1518.0323,1515.6826,1515.197,1516.0903,1516.4788,1516.7506,1516.5564
1140.0474853515625,1139.7675,1137.0895,1139.0673,1138.6122,1135.4092,1137.7021,1138.0872,1135.6367,1135.8818,1136.5819,1138.2272,1138.0872,1140.3625
1120.1072998046875,1122.4373,1121.352,1121.5754,1121.4159,1118.9264,1120.8094,1120.1393,1119.8201,1120.4904,1119.4371,1118.8307,1119.5967,1120.1393
11261.513671875,11264.629,11252.019,11259.14,11246.381,11232.88,11249.793,11245.787,11227.538,11224.423,11230.803,11233.918,11236.144,11235.401
883.3369140625,892.38074,892.20166,892.64935,893.3657,888.2618,892.2912,890.0526,889.69446,889.5154,887.0082,882.17285,885.12775,884.3219
1512.208740234375,1512.1394,1512.3472,1511.0315,1506.5302,1510.8237,1509.9235,1517.8181,1526.9592,1528.552,1524.5354,1527.8595,1535.6848,1539.3206
1666.8304443359375,1668.1731,1670.6346,1669.491,1669.2671,1671.5049,1672.5989,1674.5632,1678.8398,1681.177,1680.4808,1680.5306,1684.8073,1685.8763
4005.7265625,3984.2092,3962.2217,3955.8323,3951.9797,3951.9797,3951.792,3983.7864,3985.1958,3997.505,3993.5583,4011.4114,4041.644,4083.5046
12990.1787109375,12984.08,12947.812,12957.762,12948.133,12913.95,12940.43,12939.1455,12923.098,12932.727,12940.108,12943.96,12944.602,12977.34
17404.388671875,17410.414,17376.676,17382.701,17370.25,17331.492,17370.652,17359.406,17351.775,17360.611,17360.209,17362.217,17367.037,17396.758
14814.0302734375,14821.825,14808.035,14815.2295,14834.416,14786.45,14830.219,14803.838,14802.039,14818.228,14803.238,14814.03,14830.219,14871.59
3879.24609375,3885.3765,3881.734,3884.3992,3878.713,3873.471,3884.2217,3880.49,3870.9832,3870.0059,3874.2705,3873.7375,3875.0703,3870.3613
12085.30859375,12105.173,12093.702,12102.654,12085.028,12068.242,12102.935,12090.624,12060.688,12056.771,12070.48,12068.802,12072.159,12057.051
3390.10302734375,3395.3066,3399.8398,3402.0474,3409.1826,3422.3098,3422.0732,3429.5237,3430.5488,3432.7366,3432.362,3432.7957,3432.8547,3427.5134
1856.0057373046875,1856.8627,1854.6952,1857.0642,1857.6188,1853.6617,1857.9211,1856.8123,1854.6448,1854.7959,1855.8041,1857.2659,1858.1228,1860.1895
1927.6317138671875,1929.8502,1929.3573,1929.727,1930.754,1927.9604,1930.6309,1928.7821,1929.1519,1929.3573,1927.9604,1927.6729,1928.9464,1930.4664
6621.544921875,6677.121,6727.885,6777.639,6810.0845,6889.0635,6941.7285,6969.594,7007.939,7024.7046,7055.4424,7048.612,7033.243,6955.933
14946.521484375,14948.321,14936.951,14930.527,14929.777,14939.301,14931.915,14939.389,14937.457,14939.395,14925.591,14927.591,14933.677,14946.94
1767.94482421875,1771.0314,1770.252,1770.4702,1768.6931,1766.7289,1770.0648,1768.4749,1765.856,1765.8248,1766.7289,1766.2925,1766.6978,1764.4219
1728.1568603515625,1727.6472,1726.2988,1725.0409,1724.2408,1725.9312,1724.3312,1724.9247,1724.6666,1723.699,1721.183,1721.4668,1721.2861,1723.5829
8336.765625,8339.224,8313.829,8295.807,8269.593,8239.556,8228.36,8201.327,8177.1606,8157.9097,8121.456,8112.5815,8089.371,8069.7104
13767.6689453125,13850.273,13869.465,13872.802,13881.98,13848.6045,13872.802,13846.936,13856.948,13851.107,13844.433,13786.025,13824.407,13818.566
995.93017578125,997.3286,996.81067,997.77747,996.98334,996.01654,998.36444,997.3286,995.7921,995.04974,995.94745,996.051,995.5849,994.5491
1000.7704467773438,989.0664,991.64526,984.5039,974.1885,995.81116,990.2567,1022.59143,1042.8254,1070.5977,1047.5864,1063.4563,1083.7894,1124.555
1563.0848388671875,1562.6664,1560.0511,1560.096,1557.4209,1555.1494,1555.2689,1554.3872,1553.1469,1552.2203,1551.2938,1551.1443,1550.696,1550.7184
13041.3515625,13036.402,13025.914,13014.359,13009.687,12998.189,12989.008,12974.559,12963.082,12954.843,12942.792,12938.61,12930.413,12927.789
13846.9638671875,13858.053,13862.602,13854.214,13852.65,13885.489,13874.116,13886.059,13901.27,13898.0,13873.548,13875.681,13868.856,13888.333
1734.70654296875,1737.95,1735.9735,1737.7473,1734.7065,1732.4766,1738.3555,1736.0242,1731.311,1730.348,1732.9327,1732.578,1732.7806,1730.9562
11213.654296875,11218.46,11226.605,11221.311,11227.094,11233.122,11232.0625,11238.091,11246.562,11250.96,11246.969,11248.027,11252.345,11251.856
2407.025390625,2419.3013,2446.4036,2427.5913,2421.5332,2441.302,2441.4614,2444.0122,2477.651,2495.8254,2477.4915,2471.5928,2481.6365,2492.9558
10812.6650390625,10817.22,10825.074,10819.969,10825.624,10831.357,10830.336,10836.148,10844.316,10848.558,10844.709,10845.7295,10849.893,10849.421
1736.2684326171875,1737.6473,1738.2307,1737.1523,1736.9226,1741.0063,1739.592,1741.1124,1743.0393,1742.6681,1739.5743,1739.8926,1739.0793,1741.572
2463.232177734375,2463.6125,2460.6545,2459.8938,2457.8232,2454.4424,2457.0203,2456.5977,2453.8508,2454.6538,2455.668,2456.175,2457.95,2458.5415
1530.9510498046875,1532.1669,1532.6813,1531.7305,1531.5278,1535.1285,1533.8816,1535.2222,1536.9211,1536.6095,1533.8816,1534.1466,1533.4296,1535.6274
1626.773193359375,1627.6283,1627.1682,1625.0903,1624.8291,1624.7823,1623.5488,1621.6791,1618.854,1616.3252,1614.2667,1612.9829,1610.8049,1608.3098
2602.17333984375,2600.7893,2596.4033,2593.2095,2592.7625,2586.7795,2587.6099,2589.0151,2585.0974,2587.0137,2586.5027,2588.5894,2592.8901,2596.084
1743.1695556640625,1752.3856,1746.5579,1753.8765,1746.1512,1737.7483,1756.0449,1749.675,1736.5284,1730.8362,1738.4259,1739.5101,1738.0193,1731.7849
3924.634033203125,3932.2664,3934.6516,3939.6602,3944.4304,3932.982,3945.623,3932.2664,3933.936,3940.8528,3943.9534,3940.1372,3950.6318,3958.2642
2129.642578125,2132.0508,2131.294,2132.0508,2134.3213,2129.2297,2134.5964,2130.6748,2131.638,2132.0508,2130.0554,2130.4683,2132.3948,2135.0781
16983.4609375,16977.725,16971.453,16971.453,16974.857,17025.576,17020.736,17066.615,17079.34,17106.67,17086.15,17108.82,17132.299,17182.299
15753.9873046875,15754.646,15744.211,15742.563,15734.435,15724.219,15729.217,15726.801,15721.144,15720.979,15722.517,15721.088,15725.866,15732.457
4131.27001953125,4138.2783,4133.564,4142.356,4146.1787,4129.104,4151.021,4142.356,4131.27,4138.788,4145.159,4148.472,4157.902,4164.528
6094.09521484375,6089.3994,6078.712,6059.3345,6051.697,6036.651,6024.4385,6005.7153,5986.5737,5977.398,5958.128,5955.2134,5946.145,5940.6934
19721.697265625,19746.568,19751.898,19771.441,19790.984,19745.682,19796.314,19747.457,19751.012,19774.107,19781.213,19773.219,19808.752,19839.842
1924.6654052734375,1925.4637,1921.8711,1921.7712,1919.7588,1917.8293,1917.0975,1916.5819,1915.1017,1914.8522,1913.5881,1913.6879,1910.9601,1910.4113
1391.8572998046875,1394.2999,1394.6692,1394.584,1395.2089,1393.8739,1395.0385,1393.4194,1394.4705,1394.6692,1394.7544,1392.4537,1393.9591,1394.1012
1182.972412109375,1185.3197,1189.6467,1186.7903,1184.5278,1187.8367,1188.0913,1187.7518,1194.709,1197.3109,1193.8889,1193.097,1194.4545,1195.8969
5889.1162109375,5883.849,5874.176,5870.1606,5875.1665,5865.5063,5868.9873,5882.5195,5882.4937,5892.1147,5896.3647,5906.351,5923.664,5935.8145
13471.798828125,13493.586,13471.799,13491.801,13468.942,13436.798,13483.586,13470.014,13426.439,13413.582,13430.726,13437.869,13431.44,13417.511
14264.56640625,14278.166,14257.012,14262.048,14274.64,14230.821,14266.581,14246.435,14245.428,14261.545,14249.96,14257.012,14266.581,14299.32
616.0258178710938,626.7564,630.5097,628.71326,625.377,629.1303,632.0816,631.5042,630.221,626.179,622.77856,616.4749,613.1226,606.2737
944.3433227539062,945.0214,945.0486,946.07025,948.15875,950.1117,951.64874,954.2707,956.0044,956.70056,959.01697,960.056,962.3333,961.7615
16799.861328125,16802.643,16788.312,16799.22,16790.771,16776.87,16791.414,16787.777,16781.469,16772.912,16777.94,16781.682,16780.826,16782.752
3768.012939453125,3768.596,3766.0645,3768.9407,3774.799,3775.581,3782.3079,3795.8704,3802.998,3809.9104,3817.3594,3824.1987,3837.7979,3844.902
8824.7080078125,8829.278,8824.32,8808.884,8803.451,8806.081,8796.596,8794.655,8778.109,8774.466,8753.694,8747.15,8742.764,8743.367
16388.39453125,16385.994,16368.842,16369.014,16354.092,16340.885,16352.548,16355.292,16338.141,16344.658,16352.205,16354.605,16372.101,16380.333
2293.65771484375,2298.901,2299.03,2299.1074,2297.1963,2295.0007,2299.805,2299.3142,2296.318,2299.9856,2300.1147,2299.9856,2302.5427,2299.1074
11287.9189453125,11305.764,11336.409,11315.461,11300.72,11323.026,11324.578,11321.862,11369.577,11386.452,11362.4,11355.612,11364.146,11372.681
12688.4970703125,12685.4375,12670.903,12655.376,12643.137,12621.948,12617.588,12604.508,12588.444,12582.784,12564.503,12556.854,12557.045,12555.323
8624.0478515625,8650.857,8640.469,8663.593,8661.582,8626.059,8687.722,8668.284,8631.085,8649.518,8671.636,8682.024,8694.089,8693.754
6209.12890625,6208.1753,6202.0234,6192.0415,6190.482,6195.2036,6187.433,6189.6543,6179.1567,6179.1567,6164.7134,6164.2603,6164.748,6172.676
775.389404296875,777.4668,778.15436,774.53357,772.42694,772.1051,770.9421,768.0052,762.9544,759.4095,754.83875,752.23834,748.25183,743.20465
849.40380859375,850.47516,851.6894,850.9037,851.8144,852.1715,850.85016,850.51086,852.51074,849.3324,846.0468,844.0112,839.5472,835.51166
2524.69921875,2520.5188,2511.6604,2516.438,2516.5376,2506.3354,2512.2576,2513.1533,2505.1907,2510.7646,2512.158,2517.931,2518.2295,2529.2778
2275.005859375,2277.718,2278.3928,2279.0945,2279.3914,2277.799,2281.1995,2280.147,2278.7437,2280.4438,2280.7139,2281.5503,2280.9026,2279.6611
869.50048828125,868.0711,866.2823,864.1069,862.742,860.1121,858.8397,856.90985,854.7538,854.8336,852.784,852.17706,852.10254,853.1407
1243.00390625,1241.0377,1236.4187,1225.4331,1220.2523,1213.4956,1205.6932,1196.3148,1184.6523,1178.8142,1166.7753,1163.982,1158.2708,1152.4971
1099.202880859375,1102.2933,1102.6432,1100.5323,1098.9463,1102.5966,1101.4128,1102.4391,1100.3982,1099.9492,1095.9548,1094.465,1093.3381,1092.6792
1774.80615234375,1774.1553,1766.8325,1768.4326,1764.066,1758.913,1759.0486,1759.6182,1755.577,1757.2314,1757.5569,1759.8351,1757.6925,1760.5132
1730.760986328125,1731.0968,1728.7275,1726.5737,1726.5624,1724.5261,1723.6467,1721.8362,1717.657,1716.7037,1713.649,1714.1665,1712.8865,1711.1072
6479.03271484375,6486.6396,6482.8364,6481.9087,6477.085,6469.7563,6477.827,6473.1885,6467.808,6467.901,6469.478,6468.5967,6471.7974,6465.953
5733.07080078125,5733.5483,5715.6333,5705.8394,5703.9287,5678.668,5690.6714,5710.975,5692.8213,5715.1553,5721.8438,5733.5483,5775.351,5786.4585
5096.01171875,5110.7827,5111.398,5112.629,5113.3984,5105.705,5112.0137,5108.321,5109.0903,5107.705,5103.0894,5095.8574,5101.089,5100.012
7542.8935546875,7559.694,7558.7773,7565.8027,7565.4976,7549.0024,7566.719,7556.0283,7557.5557,7555.7227,7543.8096,7540.4497,7552.057,7558.7773
1807.7294921875,1811.4075,1810.2881,1811.2476,1808.7689,1805.9304,1810.9277,1808.529,1804.851,1803.6917,1805.3307,1804.851,1804.6111,1801.173
10091.212890625,10098.025,10089.528,10088.43,10083.375,10074.879,10084.768,10090.1875,10078.028,10092.751,10095.315,10099.417,10116.044,10118.535
15203.287109375,15222.281,15205.59,15226.311,15215.087,15188.322,15231.778,15219.979,15188.898,15174.509,15190.625,15198.971,15193.215,15181.703
16471.322265625,16486.523,16483.99,16496.658,16510.338,16476.896,16512.871,16485.004,16487.03,16493.617,16491.59,16492.604,16508.818,16527.059
16717.830078125,16725.521,16714.332,16727.969,16735.662,16706.291,16737.06,16725.871,16714.682,16717.48,16721.326,16729.02,16737.41,16752.795
1412.466796875,1412.8079,1410.3896,1410.0693,1410.8651,1408.8655,1411.0924,1415.7219,1417.458,1420.5891,1423.1312,1425.7561,1432.411,1435.0151
12054.359375,12085.276,12086.748,12093.128,12100.98,12076.442,12095.582,12078.405,12081.841,12085.767,12076.442,12062.702,12082.822,12099.017
6037.9052734375,6043.1504,6047.286,6052.733,6069.7803,6081.481,6091.8203,6110.7334,6122.0815,6130.832,6146.694,6150.6025,6170.411,6171.5205
1603.7279052734375,1606.1,1605.544,1605.8035,1606.5818,1604.0985,1606.3223,1604.8768,1605.0251,1605.3586,1603.9873,1603.6538,1604.7656,1605.8405
14778.4169921875,14808.407,14806.303,14811.564,14822.613,14792.097,14817.352,14797.884,14800.515,14805.776,14792.097,14782.1,14801.567,14821.035
2616.89599609375,2619.453,2621.0144,2621.5608,2622.0293,2634.5405,2635.5166,2642.2065,2642.631,2646.1152,2642.6213,2643.6167,2644.051,2646.1907
901.23046875,901.92993,900.8419,900.7953,899.6606,898.18396,899.45856,899.0855,897.2514,897.5156,897.671,897.8731,898.355,898.1995
10507.037109375,10512.476,10502.993,10509.547,10498.531,10487.793,10505.225,10500.622,10484.865,10480.961,10488.49,10489.049,10492.953,10488.49
14450.2060546875,14450.778,14424.732,14429.885,14409.849,14392.676,14398.257,14391.388,14385.807,14367.917,14366.343,14358.329,14357.041,14352.318
14864.03515625,14912.176,14917.596,14916.958,14902.611,14865.948,14926.841,14916.958,14881.092,14914.407,14901.018,14904.843,14904.205,14842.993
17003.0546875,17038.082,17027.574,17039.639,17016.676,16991.768,17042.363,17020.957,16980.871,16973.088,16990.99,16988.266,16986.32,16958.299
12355.236328125,12362.796,12346.418,12363.155,12366.035,12337.06,12367.115,12361.716,12344.078,12342.998,12350.558,12361.716,12364.955,12377.193
1512.5445556640625,1515.6305,1514.7047,1515.7333,1513.676,1511.5159,1515.9391,1514.0532,1510.5215,1509.87,1511.4473,1511.173,1511.0701,1508.6013
13298.96484375,13297.045,13281.109,13259.414,13245.014,13220.918,13210.454,13193.079,13174.071,13159.863,13132.936,13121.08,13115.128,13104.52
7273.43798828125,7258.0635,7236.3696,7209.0713,7193.7754,7161.541,7146.544,7121.454,7094.541,7093.409,7067.691,7060.5225,7057.001,7064.9243
8673.1865234375,8705.537,8703.36,8714.247,8699.627,8678.785,8725.135,8707.093,8671.631,8670.387,8684.696,8683.763,8678.475,8652.656
1623.89501953125,1623.895,1616.8336,1615.6322,1611.4149,1606.1189,1606.6829,1606.5358,1603.7406,1605.4078,1606.0209,1606.83,1606.879,1610.0664
14696.85546875,14720.898,14703.29,14725.979,14712.094,14681.279,14732.751,14719.205,14678.908,14669.088,14688.39,14698.549,14694.146,14681.617
726.33935546875,728.93176,728.9016,729.20306,729.56476,727.9671,729.41406,728.26855,728.9619,728.781,727.90686,726.97235,728.11786,728.2384
1118.208740234375,1117.2289,1114.9613,1113.3097,1110.6781,1108.1166,1107.2627,1105.8,1103.8403,1103.2734,1101.2719,1101.3418,1101.1178,1101.1283
8224.5068359375,8225.649,8196.15,8214.23,8208.5205,8173.693,8190.06,8193.105,8161.132,8173.5024,8179.0215,8196.721,8182.6377,8202.05
1534.318603515625,1537.0483,1534.7323,1535.6835,1532.4989,1528.7351,1533.1193,1531.2167,1526.3363,1525.5504,1526.5017,1526.7913,1526.0054,1524.2269
3533.81884765625,3539.1182,3530.9927,3538.5881,3538.765,3523.397,3536.0269,3534.3489,3520.394,3527.1948,3530.1978,3536.9985,3532.9355,3538.1465
2376.1064453125,2384.4106,2383.6482,2386.0208,2381.6992,2376.4456,2388.3933,2384.2412,2374.1575,2375.5981,2379.0723,2378.7334,2378.4792,2372.9712
11866.982421875,11920.971,11918.989,11925.924,11899.177,11872.926,11933.849,11909.578,11860.048,11867.973,11884.813,11876.394,11879.365,11842.217
10907.474609375,10957.09,10955.27,10961.643,10937.062,10913.392,10968.926,10946.621,10901.102,10908.385,10924.316,10916.123,10918.8545,10884.715
11538.6884765625,11571.101,11566.712,11583.256,11572.113,11544.766,11601.487,11583.931,11541.052,11548.143,11566.712,11572.113,11570.426,11551.856
4780.33154296875,4785.941,4825.627,4805.994,4814.969,4836.7056,4847.9243,4852.5522,4871.764,4895.1836,4890.9766,4879.898,4909.207,4922.8096
14507.52734375,14573.495,14571.074,14579.547,14546.261,14514.79,14589.23,14558.97,14498.449,14508.738,14529.314,14518.421,14522.657,14476.662
12744.6787109375,12751.688,12777.255,12763.234,12762.822,12797.048,12823.851,12887.766,12936.012,12997.865,12994.566,13012.71,13110.851,13168.374
1040.4764404296875,1039.7083,1037.1672,1034.6165,1033.208,1028.5988,1028.3575,1027.5056,1023.7704,1025.0286,1022.77325,1024.0732,1024.9153,1026.3286
486.88787841796875,488.26562,488.0225,488.93018,488.4115,487.30933,490.0648,489.30298,487.34174,488.4601,489.5461,489.95132,490.6969,490.5024
11517.3408203125,11527.739,11532.466,11548.064,11580.757,11594.229,11625.503,11665.129,11687.581,11706.473,11740.047,11749.383,11787.984,11805.513
2326.677734375,2335.8738,2354.6265,2339.1194,2326.1367,2345.4304,2341.6438,2349.5776,2386.7222,2398.4426,2374.641,2376.9854,2381.4932,2398.9834
5969.380859375,5974.8843,5972.2256,5968.588,5967.7715,5957.954,5964.4834,5964.973,5959.26,5963.341,5961.965,5963.0376,5970.3135,5965.6963
7184.85595703125,7190.2363,7199.652,7193.823,7194.7197,7202.043,7197.2607,7205.9287,7223.116,7228.347,7215.494,7213.4014,7216.3906,7214.149
2524.311767578125,2526.9617,2526.879,2531.5164,2532.0962,2525.885,2538.3071,2530.026,2524.8914,2535.9055,2542.1165,2541.4539,2553.7102,2557.5195
16401.2890625,16411.521,16407.43,16404.486,16396.941,16387.988,16395.918,16384.28,16381.977,16374.558,16375.453,16371.616,16369.825,16357.931
15775.34765625,15783.341,15773.784,15773.089,15762.316,15750.502,15765.097,15760.579,15748.765,15748.938,15755.367,15753.282,15763.359,15757.8
1908.2889404296875,1905.214,1902.1001,1900.0664,1901.1173,1898.6456,1898.1007,1898.5677,1895.1815,1894.4808,1892.4763,1893.4493,1894.1305,1894.4419
15085.4228515625,15070.221,15043.455,15009.177,15004.716,14975.053,14949.189,14935.278,14912.622,14900.119,14865.899,14857.447,14863.317,14880.926
2727.4326171875,2725.2769,2721.2065,2719.051,2717.9097,2716.312,2714.5369,2716.3374,2714.8918,2711.7727,2709.896,2710.6821,2713.6492,2713.3704
12089.810546875,12115.897,12119.692,12125.621,12117.558,12102.617,12137.953,12120.641,12099.297,12100.008,12107.36,12104.04,12093.6045,12068.229
1283.3189697265625,1285.8691,1286.482,1287.0461,1286.0162,1285.3052,1288.7625,1287.4384,1285.0109,1286.2124,1287.2667,1287.1687,1287.3158,1286.0898
11046.3671875,11122.143,11127.599,11150.635,11151.847,11087.589,11215.499,11167.002,11105.169,11166.3955,11208.83,11227.623,11240.959,11221.561
14786.626953125,14835.994,14828.662,14820.353,14807.4,14772.941,14814.243,14800.802,14779.051,14790.049,14794.937,14788.094,14811.311,14769.275
2173.46337890625,2175.3694,2172.9868,2177.2754,2179.4197,2171.6765,2180.9685,2176.7988,2172.8677,2176.0842,2178.3477,2179.5388,2184.7805,2189.3074
16164.1044921875,16166.374,16155.857,16159.455,16178.219,16182.758,16196.041,16225.902,16237.221,16243.476,16265.082,16281.154,16317.395,16321.712
2297.463623046875,2298.995,2300.5493,2303.7925,2308.8938,2315.763,2320.3914,2330.8613,2336.7761,2342.767,2346.7537,2349.918,2355.0305,2358.5664
6566.0927734375,6565.0405,6551.469,6562.9365,6563.989,6545.157,6561.2534,6559.5703,6549.365,6551.3643,6554.31,6561.6743,6561.2534,6573.878
8213.8427734375,8215.986,8220.514,8210.745,8204.551,8229.566,8217.893,8235.047,8254.939,8261.491,8235.522,8243.266,8244.457,8271.379
19916.103515625,19916.723,19937.178,19906.805,19877.053,19943.996,19915.484,19968.172,20038.215,20068.588,19991.105,20014.66,20024.578,20104.229
10414.404296875,10411.786,10403.29,10404.565,10409.857,10404.418,10412.204,10434.303,10443.042,10456.3,10465.169,10477.92,10502.969,10521.474
14275.1826171875,14278.867,14289.923,14275.972,14257.019,14286.501,14275.183,14297.294,14334.673,14349.414,14313.614,14325.196,14330.461,14368.762
12494.62109375,12505.228,12523.059,12512.452,12502.307,12515.834,12513.682,12515.834,12548.883,12559.182,12541.8125,12539.045,12544.425,12549.19
14705.607421875,14721.206,14753.363,14729.605,14719.767,14747.6045,14743.765,14753.604,14801.359,14823.4375,14795.12,14793.44,14804.719,14826.077
1607.58544921875,1612.1343,1612.2443,1613.7115,1613.6749,1609.6398,1616.8663,1614.0784,1610.0066,1612.0975,1614.1151,1615.0322,1613.9316,1611.8041
14704.017578125,14716.012,14738.826,14720.716,14722.598,14748.469,14740.237,14756.701,14788.217,14803.27,14778.809,14782.808,14787.511,14807.503
16307.6708984375,16334.233,16383.227,16342.498,16328.331,16400.346,16375.554,16421.004,16502.463,16547.324,16475.9,16491.248,16504.824,16577.43
13290.658203125,13290.899,13280.5205,13284.062,13298.784,13304.336,13318.134,13350.759,13365.965,13376.444,13396.945,13413.575,13450.886,13465.569
5885.9072265625,5889.91,5893.1157,5902.53,5907.5327,5917.2188,5924.451,5934.713,5941.028,5954.384,5958.5225,5965.563,5970.6406,5972.262
4022.942138671875,4027.167,4028.918,4034.088,4042.454,4048.3467,4057.5469,4069.2207,4077.3264,4081.4644,4090.8728,4094.8752,4104.8535,4105.493
14742.54296875,14761.175,14753.323,14748.665,14746.935,14727.238,14746.137,14754.388,14744.273,14759.179,14764.236,14766.1,14796.577,14784.333
11823.92578125,11825.404,11812.667,11815.737,11838.085,11840.871,11855.712,11893.47,11908.965,11920.4795,11947.757,11965.857,12014.418,12024.881
17171.736328125,17173.72,17161.957,17162.2,17170.148,17162.996,17172.672,17188.67,17194.494,17203.664,17213.883,17224.795,17251.822,17258.79
10450.8134765625,10462.851,10467.951,10482.845,10520.996,10539.358,10571.287,10617.753,10645.091,10664.014,10702.925,10714.692,10762.836,10776.174
15460.6953125,15449.466,15427.997,15407.52,15393.867,15367.039,15355.376,15342.344,15323.215,15320.654,15306.122,15304.691,15315.921,15327.894
15131.3876953125,15148.184,15137.797,15136.913,15126.416,15111.278,15130.0625,15128.294,15113.046,15121.886,15129.067,15127.631,15148.184,15140.67
14073.423828125,14091.309,14080.183,14074.832,14071.311,14047.511,14067.368,14077.085,14064.27,14081.028,14087.506,14091.872,14127.783,14118.911
11868.703125,11871.099,11862.582,11863.469,11878.595,11875.356,11887.577,11911.242,11920.241,11927.646,11944.71,11955.955,11989.224,11993.659
11392.0498046875,11444.171,11459.513,11455.1,11436.814,11406.972,11459.513,11440.178,11410.334,11427.147,11423.154,11414.748,11409.073,11363.047
13069.5078125,13070.242,13065.412,13070.242,13085.77,13093.35,13104.415,13130.305,13141.492,13151.182,13168.62,13180.282,13206.8125,13214.485
13487.7216796875,13487.315,13479.7295,13483.116,13498.728,13500.015,13512.037,13539.772,13552.065,13562.7705,13579.937,13594.108,13624.943,13635.509
11992.1474609375,11996.904,12013.427,11997.154,11976.125,12005.666,11997.405,12019.686,12064.248,12089.532,12053.983,12065.249,12081.0205,12122.829
2087.716064453125,2088.6858,2087.2288,2088.9114,2091.3586,2092.5208,2095.465,2100.5676,2103.7383,2106.5906,2110.2537,2113.178,2118.8113,2119.7961
10096.8095703125,10129.471,10172.081,10202.959,10251.576,10297.342,10347.308,10397.52,10429.524,10456.93,10495.41,10504.515,10524.036,10536.425
10265.91015625,10298.851,10341.883,10373.3955,10422.616,10468.957,10519.748,10570.801,10603.218,10631.208,10670.337,10679.857,10699.851,10712.417
1214.061279296875,1216.9119,1219.5487,1222.0176,1224.6636,1228.9171,1231.2098,1234.0156,1237.5016,1238.5767,1240.8326,1241.4517,1242.0544,1240.2952
1167.6361083984375,1168.8035,1170.22,1172.3528,1174.5798,1176.9753,1178.9603,1181.8877,1184.6082,1186.5073,1188.5137,1189.9846,1191.8125,1191.9124
13449.337890625,13457.873,13482.908,13479.922,13507.091,13527.574,13548.059,13569.538,13582.482,13600.975,13618.258,13614.346,13646.067,13662.248
13263.8837890625,13272.188,13297.383,13294.005,13321.028,13341.297,13361.283,13382.3955,13395.134,13413.431,13430.321,13426.239,13457.557,13473.637
11327.02734375,11324.477,11318.236,11314.034,11314.763,11315.128,11310.946,11308.888,11305.993,11300.183,11294.565,11294.136,11293.707,11293.579
15316.9443359375,15342.467,15327.112,15321.717,15317.774,15286.649,15315.907,15333.96,15319.435,15348.899,15359.067,15367.99,15423.393,15412.603
14128.6162109375,14131.521,14125.415,14121.373,14124.994,14135.69,14126.847,14125.331,14122.047,14109.076,14100.57,14097.033,14089.116,14084.315
1628.595458984375,1634.7462,1633.9075,1632.6959,1631.267,1626.7937,1631.8883,1630.304,1627.7567,1629.2478,1629.5895,1628.844,1631.8262,1626.3899
655.921630859375,658.0157,662.60754,659.63043,658.268,661.5983,661.9768,662.002,667.77966,670.88293,668.2086,667.1489,669.6467,671.4128
734.8076782226562,736.74115,740.9055,738.1045,737.0882,740.2115,740.2858,740.68243,745.9623,748.7385,746.01184,745.16907,746.87946,748.68896
1419.5369873046875,1422.1481,1437.3485,1427.9298,1423.6401,1435.7632,1439.1204,1445.1818,1462.7135,1478.5667,1469.148,1467.5626,1483.9753,1498.0566
7564.6005859375,7582.9766,7609.3267,7593.378,7605.166,7646.7715,7634.983,7658.9062,7690.1104,7711.086,7681.4424,7686.9897,7691.497,7714.2065
1030.298095703125,1034.298,1043.3262,1037.4407,1034.8123,1042.5834,1042.1262,1044.8119,1056.2971,1063.8397,1057.44,1056.4686,1062.0112,1068.6396
1216.8056640625,1221.7972,1231.7806,1224.4714,1220.9059,1232.7611,1229.7305,1236.2375,1251.2125,1261.0177,1249.8755,1251.1234,1255.6694,1268.0594
1227.91796875,1232.8649,1243.0286,1235.5632,1231.9655,1243.928,1240.8699,1247.5258,1262.6364,1272.4403,1261.1973,1262.4565,1267.1335,1279.5459
16582.658203125,16595.428,16622.0,16598.533,16578.518,16618.895,16606.47,16631.662,16688.604,16712.07,16667.898,16678.252,16687.568,16731.05
13512.2578125,13523.099,13546.491,13526.236,13509.976,13543.353,13533.653,13554.193,13601.835,13622.089,13585.574,13593.562,13602.12,13638.064
1270.1204833984375,1270.8912,1271.3331,1272.8464,1275.0085,1277.7251,1279.6052,1282.101,1283.3229,1284.7095,1286.9984,1287.5048,1289.2761,1288.1785
925.8936767578125,926.8968,933.55725,931.65137,935.8844,940.33813,942.5449,944.4307,946.25635,949.01483,950.5094,948.28253,952.17456,953.5187
1223.5841064453125,1224.4874,1225.1823,1226.6152,1228.9257,1231.6355,1233.3726,1235.8696,1237.3114,1238.6836,1240.9723,1241.3457,1243.222,1242.3435
12506.3896484375,12525.282,12552.069,12568.776,12608.394,12638.106,12669.564,12698.744,12718.055,12738.383,12763.866,12760.342,12775.251,12778.635
1056.7322998046875,1058.075,1060.8076,1059.228,1059.4019,1061.4711,1061.3131,1061.866,1064.6301,1066.3677,1064.9303,1064.5354,1065.5148,1066.4467
11455.466796875,11476.38,11521.272,11491.158,11478.332,11512.908,11513.187,11518.764,11578.435,11609.665,11578.714,11571.464,11591.262,11613.011
12843.578125,12865.039,12911.109,12879.919,12866.47,12902.239,12902.525,12907.962,12969.7705,13001.819,12970.343,12962.616,12983.506,13006.111
12729.8134765625,12760.714,12821.843,12774.148,12752.653,12839.9795,12811.767,12865.506,12961.565,13028.74,12943.429,12960.894,12984.404,13081.136
11179.42578125,11200.916,11248.713,11214.255,11203.14,11250.195,11241.303,11262.793,11328.374,11369.872,11325.41,11325.41,11345.047,11388.397
13334.990234375,13355.066,13397.63,13366.31,13359.082,13410.077,13395.622,13424.935,13484.764,13525.318,13477.535,13483.96,13499.219,13549.8125
7609.26416015625,7623.9717,7654.839,7635.955,7632.3237,7656.655,7655.5654,7662.283,7696.782,7719.2974,7701.5034,7696.964,7712.9424,7728.921
8207.9638671875,8224.844,8249.668,8231.795,8225.506,8268.534,8254.633,8279.788,8318.513,8345.985,8308.253,8318.513,8326.126,8370.975
7287.60205078125,7300.2734,7308.277,7302.9414,7303.1636,7333.509,7328.2847,7339.289,7354.0728,7356.518,7339.289,7339.8447,7337.955,7353.2944
8027.64794921875,8043.3745,8069.1484,8052.33,8052.1113,8080.288,8073.08,8087.278,8119.6045,8139.918,8117.8574,8120.0415,8128.7783,8152.587
7189.9365234375,7214.234,7223.262,7219.6772,7218.217,7264.1562,7263.625,7269.5996,7281.151,7268.272,7258.0483,7247.958,7240.788,7239.859
7885.5498046875,7908.865,7918.0566,7916.4873,7913.1245,7957.626,7960.148,7967.154,7974.552,7964.632,7958.4663,7948.658,7943.67,7939.635
7743.20166015625,7760.1646,7775.6846,7763.0522,7757.999,7804.919,7791.926,7814.3027,7844.62,7857.9746,7821.8823,7829.4614,7828.7397,7867.9
10515.08984375,10538.874,10567.978,10592.7,10633.304,10668.926,10694.543,10730.551,10750.813,10773.032,10799.241,10803.544,10812.776,10797.5205
10349.154296875,10387.469,10425.241,10450.991,10488.646,10536.075,10566.207,10601.652,10626.045,10647.529,10672.504,10672.892,10679.252,10669.635
9869.0810546875,9889.595,9925.648,9907.0,9915.392,9965.432,9960.148,9991.851,10024.485,10062.56,10038.472,10044.377,10066.756,10106.539
12991.8349609375,13018.286,13071.74,13030.41,13014.98,13084.414,13062.923,13104.804,13186.913,13239.815,13171.483,13183.606,13203.445,13276.187
9223.689453125,9235.795,9261.318,9278.09,9323.011,9339.054,9384.959,9421.074,9439.041,9460.617,9500.469,9496.859,9534.634,9569.199
11174.9658203125,11181.56,11180.6,11195.772,11219.779,11229.062,11254.637,11292.416,11309.973,11332.179,11358.314,11371.886,11405.56,11427.71
1419.2894287109375,1423.4979,1423.1705,1421.7444,1421.1832,1417.7932,1420.9495,1419.5701,1417.91,1418.5647,1418.097,1417.5593,1419.0557,1414.4264
1644.2335205078125,1650.5093,1649.6578,1648.4595,1647.0088,1642.4359,1647.6395,1646.0311,1643.3821,1644.8643,1645.2427,1644.4543,1647.4503,1641.8998
15191.0419921875,15211.96,15239.182,15215.398,15213.966,15240.327,15232.305,15240.614,15291.905,15293.625,15264.397,15266.116,15260.672,15274.14
12570.798828125,12590.631,12630.516,12605.615,12595.038,12621.04,12623.023,12622.142,12670.18,12694.859,12671.942,12661.806,12676.79,12685.6045
10948.1064453125,10969.498,11011.352,10984.845,10976.706,11004.608,11005.7705,11006.934,11055.762,11080.409,11056.925,11047.392,11062.272,11072.503
11740.171875,11760.043,11799.786,11774.674,11767.031,11793.234,11794.545,11795.418,11841.275,11864.858,11843.022,11833.851,11848.045,11857.435
11607.029296875,11637.234,11696.988,11658.575,11646.428,11688.452,11691.078,11693.049,11764.622,11799.752,11766.92,11753.787,11778.739,11796.797
1163.3875732421875,1166.9795,1173.8425,1168.4547,1168.0698,1175.5745,1173.5219,1177.7552,1187.3123,1192.4436,1185.3239,1186.0936,1187.9537,1194.1754
13048.4736328125,13065.76,13104.447,13077.009,13066.582,13100.331,13097.038,13108.5625,13162.066,13192.522,13160.694,13157.128,13174.414,13201.852
1661.78759765625,1663.2755,1664.6444,1662.7399,1662.9185,1669.5247,1666.8762,1670.7745,1674.0181,1675.5952,1669.7925,1670.953,1670.596,1675.9523
1541.6304931640625,1542.6356,1544.7769,1542.8978,1544.3835,1549.0596,1547.2241,1550.6765,1553.5826,1555.6365,1551.9438,1553.1238,1553.6919,1556.6853
14977.27734375,14986.495,14985.05,14979.446,14984.507,15023.1875,15008.547,15022.465,15028.067,15022.284,14996.075,14994.99,14984.507,14997.702
1494.450927734375,1495.6716,1495.5903,1494.3696,1494.5594,1500.3647,1498.0588,1500.3375,1501.6667,1501.07,1496.4855,1496.4855,1495.102,1498.1674
714.1171875,715.0608,719.2023,716.6597,716.9218,721.1419,721.2205,724.39215,728.0356,732.3081,729.92285,730.0277,733.54004,737.73395
665.8013916015625,667.19714,674.0704,671.46326,675.46606,681.02264,683.28735,686.4738,689.4233,693.1232,694.2161,692.3727,697.28406,700.2335
708.8017578125,710.28046,714.79645,711.51935,709.7609,715.5557,714.55664,718.5531,724.78754,730.54236,725.4669,726.426,729.94293,736.8767
12437.6845703125,12472.17,12537.837,12495.281,12483.542,12530.133,12532.334,12535.636,12614.878,12653.031,12616.712,12603.138,12629.919,12650.463
12817.240234375,12839.177,12873.754,12849.215,12856.279,12899.408,12886.768,12910.19,12956.294,12977.487,12942.909,12948.486,12954.808,12983.436
12343.958984375,12360.487,12394.1045,12370.013,12368.611,12401.389,12393.824,12410.634,12454.616,12479.55,12449.574,12450.694,12460.779,12487.113
13699.2666015625,13716.057,13751.037,13725.852,13722.213,13754.675,13747.679,13763.35,13810.362,13836.667,13805.885,13805.605,13817.358,13843.383
1176.7000732421875,1179.3402,1184.2037,1180.834,1181.0425,1184.8984,1184.2384,1185.7322,1191.4989,1194.417,1190.9778,1190.5957,1191.8115,1193.9305
12569.3193359375,12586.744,12580.418,12577.196,12575.405,12559.114,12576.36,12584.237,12575.286,12589.489,12594.383,12595.576,12622.787,12611.211
12102.3583984375,12117.507,12111.27,12107.928,12107.427,12091.889,12107.482,12115.836,12108.484,12121.517,12126.194,12127.977,12154.375,12144.35
13497.2666015625,13498.203,13488.619,13483.333,13489.398,13476.557,13483.507,13491.548,13488.03,13495.204,13498.029,13502.674,13522.327,13524.892
15934.353515625,15939.461,15923.63,15923.683,15940.988,15928.72,15947.0,15977.881,15988.288,16003.119,16023.373,16040.573,16091.05,16099.685
7506.255859375,7506.662,7495.8257,7503.953,7491.8975,7481.3325,7496.6387,7490.6787,7481.3325,7472.3926,7478.0815,7476.5913,7475.914,7477.4043
6932.111328125,6942.4756,6928.41,6945.0664,6939.8843,6919.7114,6947.843,6940.625,6925.2637,6913.234,6923.228,6931.001,6927.8545,6927.4844
5171.40234375,5182.1973,5175.3276,5182.5244,5172.384,5162.5703,5183.342,5174.1826,5158.645,5150.7944,5158.4814,5158.645,5155.374,5145.397
6916.6728515625,6924.714,6912.6523,6926.879,6931.8276,6907.3945,6934.302,6924.0957,6916.9824,6914.508,6918.219,6924.0957,6929.044,6940.1777
7254.02783203125,7271.7876,7262.6675,7273.7075,7260.2676,7244.9077,7276.827,7262.6675,7239.8677,7228.348,7239.8677,7240.3477,7234.588,7218.268
581.4835205078125,582.241,581.1339,582.38666,581.77484,580.37646,582.45953,581.90594,580.6824,579.58984,580.37646,580.9009,580.5804,580.43475
11894.740234375,11907.259,11923.95,11936.79,11988.79,12027.951,12081.075,12154.421,12191.175,12233.225,12283.82,12296.86,12370.011,12424.815
11526.125,11537.948,11605.38,11581.297,11629.025,11697.333,11745.062,11816.873,11855.843,11926.341,11949.767,11948.672,12043.472,12118.676
14041.6611328125,14045.563,14078.249,14048.49,14013.854,14070.443,14062.638,14116.789,14194.844,14256.312,14195.331,14219.724,14268.995,14354.611
1041.6558837890625,1042.138,1045.1724,1043.641,1044.2932,1047.838,1050.135,1054.559,1057.7917,1062.3008,1062.3291,1063.0806,1069.4753,1074.0127
17010.8125,17015.535,16998.592,17013.451,17040.393,17046.852,17080.736,17152.316,17190.531,17226.412,17265.229,17297.307,17373.13,17416.738
541.7460327148438,542.78955,545.74347,545.9361,549.2272,551.9884,554.3484,556.5317,558.5866,560.2642,562.6001,561.70105,564.8356,565.4216
6355.37548828125,6369.108,6414.017,6402.697,6433.688,6466.9062,6486.206,6502.1655,6526.29,6547.353,6559.8794,6545.2188,6579.9214,6584.6533
6114.9970703125,6126.7754,6159.9375,6162.293,6199.442,6230.6104,6257.2485,6281.984,6305.0884,6324.1157,6350.482,6340.334,6375.6704,6382.2847
19365.796875,19392.307,19446.195,19409.256,19377.096,19425.77,19427.943,19439.242,19537.025,19581.787,19533.113,19530.07,19568.75,19610.035
21459.62109375,21482.342,21543.203,21487.21,21450.693,21544.016,21513.99,21577.285,21702.254,21767.174,21662.492,21683.59,21707.936,21814.24
19843.40234375,19848.574,19867.785,19847.836,19826.041,19861.875,19849.684,19878.129,19934.281,19959.031,19913.225,19923.938,19935.389,19979.719
19829.48828125,19841.605,19874.322,19847.26,19820.2,19863.418,19854.531,19880.785,19955.105,19991.861,19941.371,19948.238,19970.05,20019.73
16003.814453125,16009.628,15988.361,15979.182,15977.499,15950.494,15965.335,15988.668,15975.892,16003.509,16014.065,16027.07,16083.221,16095.461
11992.0234375,12004.739,12024.909,12004.301,11984.569,12044.641,12027.54,12066.564,12113.48,12145.928,12091.996,12112.165,12123.127,12195.476
11532.8427734375,11545.033,11550.68,11544.648,11542.21,11574.934,11566.978,11577.115,11593.67,11588.665,11568.902,11570.186,11564.026,11580.965
1217.7735595703125,1218.1482,1221.8943,1218.6298,1218.4158,1226.0151,1224.6237,1232.2766,1237.4677,1245.9501,1239.983,1243.0869,1248.3048,1258.8477
10018.0205078125,10047.122,10104.233,10065.311,10044.212,10089.683,10091.138,10096.595,10179.17,10215.547,10175.532,10167.893,10193.721,10222.094
11183.7744140625,11208.876,11257.6455,11222.145,11204.215,11247.6045,11243.66,11256.569,11330.441,11363.433,11321.477,11318.249,11336.179,11368.812
11489.1337890625,11514.475,11564.054,11528.0625,11509.333,11553.7705,11549.73,11563.319,11638.974,11672.761,11629.425,11626.486,11644.85,11678.637
1420.528076171875,1422.8938,1435.4075,1430.1779,1436.7772,1447.859,1453.5244,1462.3649,1468.5906,1478.4895,1480.2949,1478.5829,1491.1588,1501.0577
12766.314453125,12781.772,12850.964,12795.021,12753.065,12853.172,12838.451,12921.628,13032.775,13143.924,13048.233,13075.469,13151.285,13294.084
10562.3056640625,10563.955,10552.19,10555.269,10576.818,10580.116,10594.189,10630.087,10644.736,10655.539,10681.946,10698.864,10745.199,10754.379
11407.189453125,11409.712,11401.707,11409.538,11431.899,11441.558,11457.828,11496.024,11513.73,11527.674,11554.119,11571.418,11612.746,11624.797
12044.0849609375,12046.067,12038.138,12043.507,12062.752,12069.69,12083.566,12117.143,12132.65,12143.512,12166.852,12182.498,12220.514,12230.054
10351.5849609375,10368.866,10388.769,10410.799,10436.274,10467.439,10489.865,10518.228,10546.325,10561.43,10582.009,10594.673,10606.413,10603.115
17474.66015625,17521.178,17503.287,17501.242,17476.195,17441.691,17489.484,17480.795,17436.834,17458.303,17469.549,17467.504,17498.686,17476.195
10537.701171875,10538.593,10532.627,10537.77,10553.747,10561.085,10571.131,10595.338,10605.727,10614.8125,10632.835,10644.038,10670.58,10675.157
11104.7646484375,11113.488,11135.533,11125.277,11137.537,11157.461,11160.644,11175.97,11187.994,11205.442,11204.264,11202.73,11221.593,11235.387
11343.0947265625,11359.082,11359.307,11350.501,11344.505,11365.367,11360.185,11358.999,11351.184,11337.367,11326.806,11317.027,11308.525,11301.544
13200.2001953125,13217.422,13218.471,13209.736,13202.715,13222.44,13217.405,13216.012,13207.726,13194.2295,13183.123,13172.842,13164.101,13155.38
19832.4296875,19880.15,19869.346,19863.492,19839.633,19801.365,19843.684,19828.377,19789.66,19797.54,19801.816,19794.838,19810.596,19777.506
16296.5087890625,16304.709,16290.968,16288.529,16277.227,16260.6045,16276.34,16276.562,16260.05,16266.921,16274.124,16274.346,16293.849,16290.081
16717.48828125,16729.53,16720.023,16725.727,16711.363,16698.69,16722.98,16713.264,16695.521,16689.184,16700.168,16697.21,16702.28,16689.184
15114.3359375,15124.395,15115.981,15120.737,15108.301,15097.145,15117.993,15109.764,15094.584,15088.915,15098.425,15095.864,15100.619,15089.464
1687.2100830078125,1694.6907,1694.2462,1692.2095,1690.506,1684.803,1690.5801,1687.8397,1684.6919,1685.7659,1685.1733,1684.0624,1686.0991,1678.6187
17695.74609375,17771.22,17767.412,17751.14,17730.021,17677.742,17736.6,17706.133,17673.934,17681.55,17680.166,17666.318,17682.244,17611.27
14870.693359375,14932.437,14923.312,14911.1455,14894.722,14849.099,14900.805,14881.034,14853.356,14864.002,14868.564,14859.744,14885.293,14831.458
11211.0556640625,11215.03,11209.832,11215.795,11218.546,11206.928,11219.616,11213.349,11213.043,11211.973,11212.737,11213.349,11217.782,11224.355
11366.4482421875,11376.376,11370.363,11368.546,11362.742,11354.492,11364.42,11362.393,11354.632,11359.177,11362.183,11361.135,11371.0625,11365.469
9540.3271484375,9544.434,9538.905,9545.539,9547.75,9536.379,9549.329,9543.644,9541.433,9540.484,9542.38,9544.117,9548.224,9554.225
9276.359375,9294.852,9352.241,9303.142,9257.2295,9331.836,9315.895,9356.705,9478.498,9534.612,9445.978,9459.368,9483.6,9567.133
1475.1275634765625,1476.61,1480.6738,1478.3735,1477.888,1480.5717,1481.6451,1482.7953,1487.5493,1491.1787,1489.3384,1488.8273,1493.1467,1495.7793
9666.15625,9679.402,9685.764,9696.089,9705.476,9746.672,9757.622,9787.633,9806.666,9824.025,9825.433,9833.457,9845.111,9857.953
12120.455078125,12144.701,12184.45,12153.446,12154.639,12199.952,12188.425,12213.467,12270.704,12293.759,12253.612,12259.574,12266.7295,12299.323
11545.6982421875,11564.48,11603.924,11575.124,11557.594,11595.784,11591.715,11605.488,11669.036,11698.462,11660.584,11660.584,11676.235,11709.1045
10241.3564453125,10260.467,10299.543,10271.591,10254.477,10289.56,10287.563,10296.976,10358.015,10385.967,10352.024,10349.457,10366.001,10393.383
1076.31884765625,1077.3033,1079.2725,1077.5496,1073.963,1077.0221,1076.6705,1078.6395,1085.918,1088.0276,1083.7028,1084.5115,1086.7266,1089.9966
1093.712890625,1094.4845,1097.1423,1094.656,1090.412,1094.5273,1093.67,1096.1564,1104.6443,1107.4736,1101.472,1102.6295,1104.0442,1108.8455
10191.5546875,10191.569,10184.166,10184.674,10188.086,10183.992,10189.9,10201.615,10203.24,10214.477,10220.021,10226.728,10244.205,10250.825
15757.5478515625,15800.966,15862.167,15923.8125,15995.961,16077.074,16156.243,16244.933,16288.943,16346.144,16408.38,16446.021,16476.252,16510.63
11370.8154296875,11384.557,11398.662,11414.107,11441.906,11458.858,11476.931,11501.157,11526.344,11547.75,11560.952,11580.691,11600.6875,11612.096
8744.2080078125,8759.787,8807.861,8796.956,8837.908,8882.199,8907.349,8940.622,8963.324,8991.1455,9012.623,9001.049,9044.449,9070.602
13111.5693359375,13126.216,13145.148,13167.537,13201.049,13225.798,13250.244,13284.427,13317.656,13345.694,13365.252,13388.616,13414.231,13426.0
9558.7900390625,9578.813,9594.817,9612.831,9644.684,9670.66,9700.522,9736.414,9761.753,9777.97,9805.028,9810.132,9832.242,9834.871
10027.548828125,10032.387,10050.188,10040.9,10044.19,10073.797,10076.119,10108.047,10127.011,10152.844,10143.072,10151.974,10179.451,10210.605
11677.6005859375,11683.081,11694.629,11691.302,11700.501,11728.491,11739.452,11775.663,11792.79,11816.474,11820.976,11832.23,11867.462,11895.257
7245.50390625,7236.873,7225.1553,7214.2183,7203.2534,7187.1035,7175.478,7164.175,7151.2295,7152.9683,7140.538,7133.3247,7129.782,7132.616
7263.798828125,7262.399,7260.8716,7256.2896,7253.8076,7265.6445,7258.7715,7266.408,7271.0537,7272.454,7257.753,7260.6807,7258.8984,7272.5176
7395.34033203125,7384.656,7370.8994,7354.2134,7341.058,7320.0146,7307.8945,7293.0366,7278.479,7280.6826,7265.0566,7257.1104,7255.24,7259.7144
1053.500244140625,1054.2173,1054.4374,1054.7078,1054.5883,1054.2927,1055.5883,1055.6764,1055.9028,1056.6449,1057.2109,1056.8462,1058.2424,1058.5443
13056.03125,13070.872,13076.254,13077.885,13094.52,13091.258,13100.228,13095.498,13099.412,13102.837,13112.134,13104.794,13118.657,13111.155
16910.6640625,16985.82,16976.111,16963.166,16941.23,16889.447,16953.098,16928.645,16893.402,16905.629,16912.82,16900.955,16929.363,16865.354
12382.083984375,12397.169,12403.111,12420.025,12460.138,12481.966,12522.649,12574.989,12607.788,12628.673,12672.05,12685.156,12738.468,12758.524
14775.4091796875,14776.443,14764.779,14769.482,14787.073,14789.612,14807.155,14845.369,14865.511,14879.121,14902.584,14922.291,14965.796,14983.668
16016.0458984375,16008.633,15999.942,15987.57,15974.687,15976.016,15969.165,15971.006,15973.664,15954.851,15942.581,15945.648,15947.897,15947.693
13996.6103515625,13998.398,13988.52,13990.861,14001.55,14004.1045,14019.2,14050.329,14070.13,14079.69,14097.682,14113.714,14149.016,14166.9
15920.41796875,15921.65,15915.676,15919.849,15937.109,15948.395,15959.728,15986.328,15995.954,16001.3125,16023.386,16033.308,16063.637,16062.896
13825.59375,13847.957,13838.841,13831.719,13826.733,13803.659,13824.027,13827.445,13811.92,13825.024,13828.301,13827.445,13855.648,13839.838
14868.8046875,14868.894,14852.677,14836.327,14838.904,14811.47,14815.734,14816.689,14799.807,14805.315,14799.651,14803.45,14824.775,14827.886
14659.955078125,14664.732,14649.967,14627.905,14617.135,14588.037,14585.779,14570.058,14544.869,14543.393,14526.912,14526.868,14528.648,14520.614
14390.6259765625,14386.458,14368.561,14350.213,14354.381,14327.31,14327.504,14327.632,14310.976,14313.81,14306.735,14310.638,14331.555,14338.884
15508.4501953125,15508.916,15513.808,15502.86,15488.419,15508.916,15498.668,15513.808,15542.925,15547.815,15517.768,15525.222,15524.057,15547.583
16196.453125,16195.378,16199.41,16187.583,16164.197,16190.2705,16179.52,16200.485,16236.504,16242.955,16208.28,16221.451,16224.677,16260.561
14602.8876953125,14596.277,14586.205,14572.65,14567.78,14551.673,14544.8955,14535.713,14527.322,14515.41,14505.083,14501.974,14505.904,14502.854
14428.8662109375,14442.532,14456.89,14465.0205,14496.678,14517.437,14543.903,14574.955,14597.011,14611.109,14640.259,14643.286,14679.43,14686.852
16297.548828125,16307.68,16295.574,16289.393,16298.876,16279.358,16293.05,16310.528,16312.341,16322.245,16332.149,16341.924,16381.542,16380.118
16193.810546875,16193.844,16183.242,16181.913,16190.919,16186.599,16192.913,16210.1455,16215.787,16220.248,16231.022,16241.552,16268.222,16276.896
1859.4013671875,1859.8927,1860.1875,1859.5242,1858.4679,1860.1138,1859.4506,1860.7032,1863.4545,1862.8158,1860.8507,1861.6859,1861.735,1862.5088
1867.0465087890625,1867.5465,1866.6008,1867.5684,1869.6227,1871.0902,1873.324,1877.3458,1879.5605,1881.0708,1883.9316,1885.9521,1890.1125,1891.5094
2008.1865234375,2008.8296,2006.8607,2007.0282,2009.4595,2008.4861,2010.7764,2014.9293,2016.5883,2018.2642,2021.1932,2023.4131,2029.8085,2030.9097
11457.455078125,11467.8125,11456.97,11470.078,11464.576,11447.26,11473.477,11467.327,11448.878,11444.509,11454.381,11461.016,11460.854,11457.293
12391.8388671875,12413.5205,12415.188,12419.08,12422.138,12408.795,12420.748,12410.741,12412.408,12411.853,12404.348,12396.286,12406.293,12409.907
13254.4853515625,13277.624,13278.874,13282.939,13287.63,13272.309,13286.691,13273.246,13277.311,13277.624,13269.807,13261.364,13273.871,13279.1875
14390.4326171875,14393.221,14380.675,14372.442,14374.271,14352.013,14360.245,14366.431,14357.414,14366.169,14366.126,14373.096,14396.705,14398.796
14118.0517578125,14102.454,14079.115,14052.281,14035.172,14000.664,13977.401,13949.364,13921.712,13916.782,13891.902,13877.422,13868.795,13869.257
13287.8642578125,13291.381,13284.484,13289.6,13305.265,13309.558,13323.441,13348.641,13359.979,13367.411,13387.061,13399.461,13429.945,13432.092
12313.427734375,12316.147,12308.7705,12311.861,12324.925,12325.46,12337.267,12358.716,12368.096,12374.858,12391.022,12402.046,12430.336,12433.632
14079.7333984375,14083.903,14077.539,14081.138,14096.193,14098.563,14111.204,14134.73,14145.836,14151.932,14170.986,14181.125,14211.895,14213.167
13641.63671875,13659.013,13676.201,13692.643,13735.334,13755.793,13797.924,13839.121,13868.547,13885.736,13926.723,13929.315,13972.146,13987.747
14799.0419921875,14804.724,14809.3955,14813.436,14830.103,14844.622,14859.395,14884.395,14898.094,14911.225,14928.112,14933.856,14961.539,14972.722
15504.1044921875,15506.032,15498.891,15504.676,15519.637,15522.672,15537.276,15566.69,15582.738,15594.962,15613.565,15628.795,15661.003,15672.93
16997.6953125,16983.727,16960.83,16936.766,16916.885,16884.887,16860.695,16830.96,16804.584,16796.467,16771.65,16754.637,16743.557,16740.121
14475.2890625,14478.761,14474.227,14477.087,14482.648,14481.772,14490.183,14504.157,14514.1045,14520.745,14530.321,14538.746,14556.856,14560.314
13891.80078125,13898.386,13887.637,13882.116,13882.504,13864.491,13875.144,13884.925,13878.533,13890.542,13895.48,13901.969,13930.731,13930.441
7930.1474609375,7932.4526,7928.024,7930.329,7942.2812,7946.0728,7954.991,7974.815,7984.901,7989.421,8004.755,8013.6123,8038.0166,8040.959
8897.927734375,8894.974,8884.672,8877.528,8885.393,8878.284,8879.177,8892.879,8891.849,8890.406,8897.378,8904.762,8928.964,8933.917
1017.8134765625,1018.61194,1020.2603,1018.53467,1016.3711,1018.9467,1018.12256,1019.4876,1024.3813,1025.3086,1021.72845,1022.47534,1022.6041,1025.2313
907.8302001953125,907.56555,907.105,906.6921,905.7339,905.6333,905.0881,905.321,905.7233,904.6752,903.9605,903.7911,904.0875,903.5635
9203.296875,9194.43,9182.694,9167.44,9153.065,9130.88,9116.164,9097.467,9082.627,9076.79,9061.6045,9046.765,9040.928,9033.806
8482.162109375,8482.534,8473.947,8468.971,8475.654,8464.331,8469.544,8480.776,8481.705,8486.234,8491.648,8498.449,8520.679,8525.993
8858.845703125,8862.295,8855.342,8848.554,8849.703,8836.182,8841.163,8844.338,8840.15,8841.957,8843.572,8846.145,8861.364,8860.1045
14264.2998046875,14266.818,14257.2,14246.723,14245.005,14227.628,14229.604,14225.109,14216.9795,14216.378,14211.826,14214.374,14223.506,14222.876
12419.5263671875,12427.621,12430.589,12439.357,12459.93,12473.758,12491.699,12518.511,12534.665,12544.345,12566.553,12574.479,12601.88,12606.113
12125.29296875,12146.285,12187.502,12159.598,12142.701,12173.934,12175.726,12177.262,12237.167,12263.023,12234.095,12227.438,12245.871,12263.279
14939.6201171875,14956.035,14977.339,14960.925,14970.703,15009.47,14996.198,15019.249,15048.76,15058.364,15030.075,15036.711,15037.061,15057.84
15188.47265625,15203.059,15234.056,15209.831,15199.412,15228.847,15222.334,15235.88,15285.631,15308.293,15276.515,15277.035,15287.194,15312.46
13831.2548828125,13846.886,13866.935,13851.304,13861.157,13898.876,13885.623,13908.73,13936.254,13945.429,13918.245,13924.701,13925.381,13945.259
14385.337890625,14386.774,14376.555,14381.186,14394.5205,14394.5205,14407.615,14435.537,14450.089,14462.331,14479.917,14496.126,14530.021,14542.478
11084.8408203125,11099.943,11109.403,11125.668,11159.773,11176.951,11211.555,11250.017,11276.011,11291.771,11326.442,11333.538,11370.88,11383.161
14011.416015625,14016.221,13999.938,13993.698,14005.144,13984.439,13997.937,14022.227,14024.829,14040.845,14053.324,14068.739,14116.453,14123.927
15674.2890625,15673.35,15657.559,15656.672,15671.551,15661.079,15673.076,15704.111,15715.169,15730.112,15746.985,15765.241,15808.638,15824.494
14793.51171875,14796.586,14783.247,14775.773,14784.784,14770.442,14775.981,14789.268,14789.032,14791.99,14799.208,14806.921,14837.186,14843.247
12989.466796875,12991.196,12979.263,12973.441,12982.135,12971.703,12976.22,12989.24,12989.845,12991.811,12999.487,13006.678,13033.518,13039.546
13982.978515625,13981.396,13976.546,13974.227,13963.734,13968.69,13965.421,13973.857,13980.395,13976.704,13971.168,13974.437,13982.135,13986.669
15932.6396484375,15925.734,15916.339,15904.639,15902.229,15891.174,15882.238,15875.053,15864.704,15855.677,15844.561,15841.306,15842.841,15842.227
13788.345703125,13782.042,13774.521,13765.442,13763.72,13757.484,13750.456,13747.557,13740.173,13733.172,13724.53,13723.655,13725.569,13726.28
15584.697265625,15591.108,15610.721,15589.223,15574.514,15618.264,15601.669,15633.351,15680.494,15701.238,15654.848,15668.426,15675.215,15722.548
15051.642578125,15082.233,15066.717,15061.618,15054.746,15021.939,15054.968,15070.263,15051.421,15082.677,15091.766,15099.523,15153.168,15139.6455
14906.85546875,14937.131,14921.993,14916.729,14910.146,14877.459,14910.366,14925.284,14906.855,14937.569,14946.563,14954.242,15007.552,14993.95
601.843994140625,602.8965,602.79724,603.2738,603.69086,602.43976,603.9689,603.07526,602.26105,601.7645,602.0823,600.9503,600.8312,599.6992
887.1378784179688,887.92163,888.24817,888.22205,889.56744,888.9927,889.6066,889.2409,889.00574,889.16254,889.3454,888.6531,888.7053,888.0
945.0371704101562,948.94006,951.00824,951.17676,951.1509,953.52374,954.3665,955.2483,956.03925,955.68915,955.2483,953.57556,952.69385,950.4507
842.5577392578125,843.3021,843.6123,843.58746,844.86536,844.31946,844.9026,844.5428,844.3319,844.4808,844.6421,843.9969,844.0465,843.36414
8337.1640625,8346.084,8348.505,8347.995,8358.826,8351.817,8358.571,8352.455,8348.76,8345.446,8345.956,8337.674,8333.596,8324.294
1624.9327392578125,1626.9291,1626.8551,1629.2211,1630.1083,1626.2637,1631.9568,1628.1859,1626.4115,1629.1471,1630.9216,1630.7737,1634.6184,1636.1711
1480.2216796875,1483.8208,1484.1438,1484.8358,1485.2972,1483.1287,1485.1127,1483.4978,1483.9592,1483.4517,1482.1597,1480.7292,1482.3442,1482.9441
13083.3388671875,13085.288,13078.235,13076.333,13072.435,13066.31,13070.903,13074.105,13066.959,13074.848,13076.843,13079.256,13090.996,13094.29
16046.2451171875,16072.5205,16070.708,16072.219,16069.198,16051.682,16067.386,16060.742,16058.93,16061.346,16049.567,16038.091,16046.849,16043.225
17521.546875,17525.5,17514.77,17525.5,17532.275,17507.994,17531.994,17524.088,17514.488,17518.158,17519.57,17526.91,17533.688,17549.5
13374.642578125,13381.917,13411.674,13393.489,13380.925,13415.642,13433.166,13477.472,13525.415,13576.333,13560.463,13570.382,13643.784,13695.363
13078.9560546875,13080.3545,13068.625,13076.373,13103.275,13110.915,13130.393,13177.579,13198.886,13216.184,13247.454,13270.041,13322.42,13339.1
15950.9013671875,15957.015,15938.252,15942.469,15937.198,15919.384,15930.241,15927.079,15919.278,15922.546,15925.393,15923.916,15919.489,15924.971
1152.45849609375,1153.6736,1152.1041,1152.5851,1150.7372,1149.2437,1151.8763,1151.6484,1148.7626,1149.6487,1150.8131,1150.8384,1152.7876,1152.6104
2056.83251953125,2061.6567,2062.9902,2063.108,2061.8135,2059.1465,2064.8335,2061.9312,2058.9111,2059.4604,2060.1272,2059.0288,2057.3816,2052.7927
1932.860107421875,1935.2297,1934.3882,1931.6199,1930.0032,1925.1863,1927.1683,1925.3745,1919.8821,1920.9784,1917.8335,1918.0107,1917.8114,1914.3842
1681.1373291015625,1682.6707,1681.5674,1678.9308,1677.7808,1673.6855,1674.6953,1673.0498,1668.23,1668.7863,1665.8599,1666.0889,1665.8505,1663.2372
1783.855224609375,1783.7954,1781.9933,1777.7983,1776.8468,1774.2275,1771.6517,1766.9895,1762.7384,1758.9025,1754.887,1753.2717,1749.9667,1746.6167
1827.5469970703125,1826.4852,1823.6832,1819.8744,1818.5566,1814.1682,1811.6364,1807.87,1803.5099,1801.7633,1797.956,1796.8126,1795.6692,1794.9153
535.70703125,534.6978,531.22864,531.0079,528.5479,525.88293,527.55444,529.2733,525.31525,527.94867,529.14716,530.18787,534.414,537.2209
3406.9111328125,3421.4814,3426.1646,3429.2869,3429.6338,3424.9504,3428.0725,3422.6956,3425.2974,3424.9504,3425.9912,3415.237,3424.4302,3426.8584
550.239501953125,549.74243,546.192,546.6181,543.52924,540.97296,543.67126,544.5233,539.94336,542.00256,543.56476,544.2393,547.9317,550.0264
656.0496826171875,654.97986,651.02167,652.02014,648.34717,645.744,648.66815,649.09607,644.4246,645.7797,647.4914,648.2046,651.30695,653.6248
1173.2984619140625,1174.3054,1172.1516,1173.8578,1171.816,1169.4944,1173.0466,1172.4033,1168.7393,1168.2916,1169.8021,1170.4734,1170.9209,1170.7811
1606.038330078125,1607.5713,1608.3479,1608.3805,1607.9739,1607.9495,1608.5431,1607.7258,1606.9897,1606.7214,1605.53,1605.4283,1603.7897,1601.0378
1632.0009765625,1634.6266,1635.4198,1633.9451,1632.5764,1633.7216,1633.6881,1632.8334,1630.6714,1628.9844,1626.6241,1624.9133,1622.8806,1620.1245
9885.439453125,9887.082,9889.382,9886.031,9890.63,9890.564,9884.717,9880.118,9883.797,9867.4375,9856.4,9847.728,9828.148,9809.621
9775.4091796875,9785.763,9783.254,9772.94,9775.131,9755.558,9780.706,9786.082,9756.255,9765.772,9760.994,9764.159,9774.255,9749.993
1734.952880859375,1736.9445,1737.7518,1738.1377,1738.03,1737.2046,1738.954,1738.1646,1737.7698,1738.3529,1737.7788,1738.03,1736.8368,1735.4014
1786.48681640625,1788.1405,1788.7075,1789.1327,1789.9832,1788.613,1789.6052,1787.4318,1787.857,1790.8336,1792.7235,1790.6919,1793.6212,1796.0309
17261.001953125,17315.234,17304.389,17304.904,17275.465,17240.342,17295.092,17273.398,17225.363,17234.145,17245.506,17237.76,17248.605,17212.451
1059.481201171875,1061.8911,1062.2081,1062.7472,1063.0326,1061.6375,1062.9058,1061.7643,1062.113,1061.8594,1061.0984,1060.0836,1061.3203,1061.7325
16590.00390625,16598.66,16590.719,16585.855,16580.275,16565.54,16574.123,16568.9,16561.676,16561.748,16562.178,16562.033,16570.404,16563.322
2719.257080078125,2722.9546,2722.1624,2727.3567,2729.998,2720.0493,2733.8716,2725.596,2720.3135,2727.885,2732.1108,2732.4631,2741.9714,2746.9016
1054.879638671875,1057.3105,1057.5947,1058.1313,1058.4155,1057.0264,1058.2892,1057.1527,1057.5,1057.2474,1056.4897,1055.4795,1056.7107,1057.1211
596.753173828125,597.7035,596.15204,597.6065,596.4817,595.0078,596.96655,595.53143,594.8139,592.95215,593.3788,593.2818,591.9631,590.91583
1087.905029296875,1088.8656,1086.8213,1088.6931,1087.1907,1084.6538,1088.0282,1087.5355,1084.3336,1083.5702,1084.9495,1085.91,1085.836,1085.8607
13950.673828125,13975.625,13974.186,13983.302,13972.026,13957.871,13994.098,13980.183,13953.3125,13954.272,13966.748,13966.269,13965.309,13946.596
13901.48046875,13941.929,13939.232,13955.411,13938.462,13913.423,13972.746,13951.174,13906.104,13906.488,13927.291,13928.831,13924.594,13895.703
14736.291015625,14745.58,14746.741,14761.255,14773.447,14743.258,14778.672,14749.063,14743.258,14763.577,14771.125,14769.964,14797.831,14820.473
16557.3828125,16567.451,16547.553,16569.61,16557.383,16533.646,16569.61,16562.896,16539.879,16527.172,16542.518,16550.908,16554.744,16556.424
15875.1923828125,15892.842,15892.223,15898.416,15899.035,15882.624,15901.202,15889.436,15890.365,15888.507,15876.121,15874.264,15885.101,15891.604
14464.0478515625,14500.704,14494.086,14499.177,14504.777,14470.667,14494.595,14483.903,14478.303,14484.412,14468.121,14455.394,14470.667,14482.376
16694.703125,16733.656,16727.271,16735.572,16743.234,16702.367,16734.295,16718.33,16713.223,16719.607,16697.896,16687.041,16706.836,16729.186
14942.62890625,14974.076,14969.095,14978.747,14961.311,14942.317,14984.663,14966.604,14932.977,14929.863,14943.874,14942.006,14938.893,14914.918
13499.236328125,13526.541,13522.793,13530.0205,13514.763,13498.701,13534.304,13518.51,13490.402,13488.261,13499.771,13497.362,13495.221,13474.074
1522.9185791015625,1525.8586,1525.826,1525.9894,1526.4467,1524.552,1525.924,1525.0747,1524.9767,1524.9767,1524.1273,1522.7225,1523.8007,1523.8333
16333.5322265625,16369.416,16368.232,16371.388,16374.542,16352.46,16371.388,16360.74,16360.74,16357.98,16344.573,16330.771,16342.602,16342.602
15722.5791015625,15749.166,15748.73,15754.832,15759.191,15737.834,15758.755,15742.629,15745.68,15746.987,15733.476,15726.938,15743.5,15754.832
13166.7900390625,13174.085,13166.79,13172.758,13164.635,13150.543,13164.138,13162.4795,13156.677,13161.65,13156.014,13153.692,13156.843,13162.4795
1543.9349365234375,1546.0156,1544.9884,1546.3053,1544.7513,1542.9868,1546.6477,1545.2781,1542.4337,1541.6436,1543.0922,1543.2501,1543.1185,1541.4592
11543.4150390625,11540.767,11529.51,11525.041,11525.344,11514.86,11517.426,11526.172,11524.157,11532.352,11535.635,11543.415,11561.349,11572.55
17912.451171875,17932.287,17928.533,17934.164,17934.432,17918.348,17933.895,17926.121,17926.389,17923.977,17912.451,17907.625,17916.203,17919.957
11071.896484375,11064.326,11053.616,11035.698,11023.196,11005.882,10997.336,10979.453,10961.651,10960.0205,10943.492,10940.673,10935.6,10931.734
1957.96435546875,1960.6732,1959.2089,1959.7946,1957.4884,1955.0724,1959.1724,1957.2688,1954.2305,1953.7179,1955.109,1954.7063,1955.4019,1953.0225
16994.611328125,16995.777,16978.885,16990.244,16993.738,16966.652,16992.572,16985.0,16980.049,16982.67,16982.379,16983.545,16994.03,17017.621
17763.91015625,17764.213,17749.355,17760.271,17763.0,17736.62,17763.303,17753.297,17749.658,17754.51,17753.297,17755.723,17767.549,17793.322
1834.8828125,1836.8573,1834.1776,1837.2804,1835.9406,1831.8505,1837.492,1836.3989,1832.4147,1830.828,1832.9435,1834.4597,1834.248,1833.7192
1640.56884765625,1642.1981,1641.5142,1641.7556,1640.5487,1639.4424,1641.5343,1640.428,1638.7987,1638.6378,1639.3016,1638.9999,1639.201,1637.954
12971.7158203125,12997.102,12996.692,13003.653,13007.338,12984.818,13005.7,12992.598,12993.826,12991.779,12978.267,12970.078,12984.818,12994.6455
2334.833251953125,2336.5393,2335.543,2335.4202,2335.1062,2333.5369,2335.3655,2336.471,2335.5566,2337.713,2338.2588,2338.9956,2342.0798,2341.4385
930.40234375,933.6592,933.5798,933.1508,931.3555,929.21075,932.24524,931.4032,928.4323,930.44995,930.0051,929.9098,930.7836,928.9407
2064.392333984375,2068.6562,2068.205,2068.2954,2065.9038,2063.9185,2067.799,2065.949,2062.452,2064.8887,2064.55,2064.3696,2064.5952,2062.3843
1232.1251220703125,1233.2362,1230.5627,1233.2362,1232.3335,1227.7502,1233.0626,1232.6113,1226.9517,1228.5488,1230.0419,1232.4376,1231.8126,1233.028
6343.50634765625,6350.5654,6353.501,6354.016,6352.2183,6362.0566,6364.586,6365.887,6365.815,6363.481,6362.9478,6360.087,6357.753,6352.5894
1575.459716796875,1576.4586,1575.8792,1575.7495,1575.4902,1574.5447,1575.5664,1576.0011,1575.3529,1576.4434,1576.6721,1577.0382,1578.5862,1578.1896
1143.6953125,1143.3682,1141.044,1141.6982,1139.5806,1137.1875,1138.341,1137.8589,1135.5002,1135.9651,1135.8962,1136.912,1136.4299,1137.4801
1131.119873046875,1132.5336,1135.0217,1132.986,1133.8342,1136.7181,1135.7285,1137.7078,1140.9028,1142.373,1139.7152,1140.1394,1140.4786,1142.2034
5531.25634765625,5531.798,5530.633,5534.2256,5535.374,5536.7026,5539.902,5548.2847,5552.78,5560.917,5564.1978,5568.824,5576.764,5582.8667
22156.447265625,22160.729,22179.5,22169.84,22177.854,22191.139,22200.14,22209.691,22223.963,22239.771,22239.002,22238.453,22258.16,22269.027
11686.7587890625,11685.8,11681.203,11683.678,11695.699,11701.912,11706.913,11724.39,11730.098,11737.245,11749.279,11757.336,11775.771,11778.746
2727.266357421875,2726.996,2726.321,2726.9692,2729.9536,2732.1277,2733.127,2738.0151,2739.271,2741.6206,2744.436,2746.4617,2751.333,2751.9949
10080.625,10093.468,10116.235,10104.171,10112.732,10139.976,10135.5,10151.262,10172.472,10193.099,10176.947,10179.866,10189.401,10204.871
5976.7109375,5975.5615,5978.5503,5973.952,5965.2163,5973.6074,5969.699,5977.0557,5996.1367,5998.321,5983.9526,5988.2056,5988.3203,5997.861
3983.455810546875,3978.8213,3968.8728,3968.131,3959.1714,3950.953,3952.7449,3950.3967,3943.1362,3945.577,3944.1865,3946.6892,3948.172,3956.0815
1305.0552978515625,1305.611,1299.5746,1301.1152,1296.9479,1292.149,1292.8058,1293.2098,1289.8507,1290.8862,1290.9873,1292.7805,1290.3558,1291.7703
9100.74609375,9108.473,9107.048,9092.12,9082.143,9071.94,9067.74,9047.748,9026.407,9020.818,8996.213,8992.987,8971.435,8949.085
7237.068359375,7230.447,7206.2783,7193.532,7166.0527,7126.4067,7122.5996,7112.5845,7081.298,7087.423,7065.986,7077.9873,7073.104,7074.5938
2054.080078125,2057.7834,2057.3784,2057.4363,2055.8162,2054.8901,2057.8413,2057.282,2054.678,2057.2434,2057.6484,2057.4363,2059.23,2057.3591
2116.238037109375,2119.9692,2119.7498,2120.3718,2118.2866,2115.1772,2120.262,2118.3232,2113.7139,2114.4456,2115.2502,2115.1406,2113.9333,2111.6287
2107.5517578125,2107.7908,2107.0674,2106.3865,2106.5266,2106.1655,2105.826,2105.172,2103.662,2102.8364,2101.9417,2101.8362,2101.0647,2099.8604
1489.3037109375,1497.1719,1500.4049,1497.5355,1493.8351,1499.0806,1499.7168,1498.0029,1493.3677,1487.7197,1483.487,1478.2156,1472.6521,1464.2126
1547.5439453125,1547.76,1546.9943,1546.8763,1546.7095,1545.1877,1546.2579,1545.9338,1544.854,1545.875,1545.1583,1544.5889,1544.9915,1545.5608
1761.2188720703125,1767.7611,1762.9299,1763.5338,1757.9982,1753.9722,1762.6279,1762.7286,1753.4689,1760.4137,1763.9364,1764.2384,1772.9949,1772.5923
346.6395263671875,348.9265,353.5005,350.321,348.73126,352.0502,352.13388,352.24542,358.52072,361.3934,358.0466,357.04254,358.52072,360.16623
380.6887512207031,382.9077,387.34567,384.4966,382.08588,385.51022,386.1951,385.75677,392.79724,395.94763,392.85202,391.97537,395.0984,396.82425
1972.1090087890625,1975.2883,1982.3579,1978.2059,1975.6998,1980.0015,1980.8243,1979.9266,1988.9786,1993.3923,1989.4275,1987.2206,1990.774,1991.2229
2241.51611328125,2242.65,2243.5212,2243.5168,2243.8845,2244.5632,2244.9658,2244.8608,2244.086,2244.1252,2243.1577,2242.6326,2241.4373,2239.0688
1664.065185546875,1670.6782,1683.4911,1673.0548,1670.575,1681.0112,1678.7379,1682.9745,1702.1937,1711.0801,1698.4739,1698.0605,1701.1605,1708.7035
8599.41015625,8607.247,8664.552,8620.471,8593.533,8657.205,8650.348,8691.9795,8781.119,8860.464,8792.874,8801.2,8852.627,8939.318
4031.18017578125,4043.8647,4081.2417,4073.8003,4108.8096,4143.4805,4159.7163,4183.817,4203.351,4222.4624,4237.9375,4227.1133,4254.5967,4263.7715
9477.1337890625,9498.106,9539.819,9511.855,9511.855,9538.887,9538.1875,9541.916,9585.726,9608.796,9585.26,9576.871,9586.425,9593.882
3127.72119140625,3129.4958,3130.5872,3133.5625,3135.4102,3139.244,3142.2305,3144.8499,3146.0513,3150.0017,3150.5896,3152.1975,3152.353,3150.607
1335.92919921875,1331.8407,1327.0305,1321.742,1318.5269,1311.7389,1307.197,1303.9028,1298.3127,1297.9634,1292.2734,1290.6597,1291.1255,1293.721
2119.454345703125,2122.8284,2121.4353,2121.1958,2119.9333,2117.5168,2121.0435,2121.5442,2119.0625,2121.4788,2122.8066,2122.6543,2126.7686,2124.8748
1212.9864501953125,1213.9132,1215.7306,1214.615,1214.0662,1215.3347,1215.5237,1215.3887,1217.5751,1218.6367,1217.674,1217.2332,1218.1149,1218.5468
3519.870361328125,3516.7869,3512.7014,3507.325,3504.203,3499.9248,3493.4883,3484.392,3476.7993,3466.3545,3458.8772,3449.7812,3437.4478,3425.037
3557.9404296875,3554.9336,3549.838,3543.4143,3541.8328,3536.9517,3529.9036,3520.727,3511.9802,3501.437,3494.057,3486.6377,3475.86,3464.9265
3682.454833984375,3678.9631,3669.721,3672.0486,3688.9585,3692.1763,3701.5554,3730.2065,3739.0723,3751.2927,3768.99,3782.6653,3813.9692,3825.1626
2825.918212890625,2826.1968,2824.837,2824.5696,2826.1147,2824.568,2826.0789,2828.7715,2829.5334,2830.8518,2832.4111,2833.9585,2838.41,2839.2908
5207.57861328125,5211.3657,5212.8535,5219.8867,5222.3213,5210.8247,5229.8955,5215.829,5209.0664,5224.4854,5232.871,5230.4365,5249.3726,5256.6763
9917.3583984375,9924.85,9928.609,9936.816,9943.921,9953.323,9957.58,9976.353,9993.563,10002.139,10012.673,10016.777,10030.252,10028.659
9914.7919921875,9922.059,9925.717,9933.977,9941.109,9950.388,9954.799,9973.721,9990.816,9999.639,10010.226,10014.605,10028.234,10026.8955
4970.10009765625,4974.311,4963.3325,4957.1665,4956.4146,4939.3833,4946.414,4955.926,4947.241,4959.385,4961.678,4968.145,4994.1626,4998.7495
5709.95849609375,5725.769,5761.9077,5734.8037,5710.2407,5743.556,5744.121,5748.638,5816.3984,5844.632,5806.799,5804.54,5822.892,5849.149
1604.234130859375,1608.0817,1610.1533,1613.2609,1616.0724,1609.7094,1617.1083,1609.1174,1609.8574,1614.0007,1616.2205,1613.7048,1620.8077,1625.2471
5698.40380859375,5721.6846,5727.353,5719.5083,5706.704,5729.4785,5729.4277,5732.009,5723.5825,5714.751,5699.745,5686.7637,5678.467,5668.209
9348.3583984375,9363.227,9349.454,9347.575,9340.22,9319.247,9341.472,9354.462,9330.673,9363.696,9364.792,9374.495,9408.301,9408.458
8335.0087890625,8348.133,8352.552,8342.923,8336.724,8338.504,8335.998,8329.997,8318.126,8309.75,8294.252,8283.898,8272.917,8257.407
8841.888671875,8847.796,8844.878,8828.865,8820.184,8814.988,8808.156,8797.41,8776.06,8767.3955,8745.449,8738.365,8726.901,8715.088
2090.207763671875,2091.4421,2090.3809,2094.3445,2100.7012,2103.5928,2110.1228,2121.443,2127.1248,2133.6116,2140.7805,2146.1301,2155.9631,2161.1829
7545.20556640625,7550.387,7542.1626,7542.7793,7541.916,7535.213,7544.26,7554.7046,7551.004,7568.645,7572.6753,7578.926,7602.036,7605.1616
9680.5615234375,9675.487,9659.015,9657.103,9667.008,9657.624,9664.923,9687.616,9690.936,9703.464,9714.28,9728.043,9762.509,9780.858
2580.4150390625,2579.216,2580.8323,2578.9033,2575.2017,2580.2588,2579.268,2585.9937,2593.762,2601.4258,2595.4824,2598.402,2605.3362,2614.6685
2554.438232421875,2553.1716,2557.7024,2554.7793,2555.023,2560.7227,2562.4277,2570.125,2575.1914,2585.5193,2582.304,2583.863,2593.4844,2604.007
2102.371337890625,2116.6265,2123.5767,2125.4204,2124.144,2122.8674,2123.5767,2120.0305,2122.8674,2122.8674,2127.2644,2113.7896,2123.4348,2123.7185
1599.1531982421875,1599.7585,1599.5146,1600.4395,1602.5664,1604.7816,1607.685,1614.5924,1618.9346,1621.9862,1624.6597,1627.5348,1632.7638,1636.5974
2146.162109375,2143.9988,2141.0056,2138.6453,2136.729,2132.7078,2130.2866,2128.8022,2126.1377,2125.2495,2122.366,2121.6238,2122.6943,2123.0837
2334.9072265625,2339.9985,2337.4229,2341.8552,2339.9985,2334.5479,2344.4307,2341.3162,2335.2666,2333.6494,2337.483,2339.1,2339.1,2336.5845
3541.563232421875,3549.2427,3545.1536,3549.941,3544.2559,3537.3743,3551.4368,3546.9487,3534.9807,3533.9834,3539.2693,3540.3665,3540.2666,3535.8784
1038.71044921875,1040.4427,1044.6206,1041.6316,1042.5826,1046.0472,1044.9943,1046.7605,1051.4818,1054.4708,1050.8364,1050.8705,1051.414,1053.5878
7417.9072265625,7418.0244,7417.089,7422.9805,7425.0854,7432.8413,7438.5645,7445.1895,7445.8457,7455.974,7458.115,7461.587,7465.4907,7465.9585
7336.10791015625,7336.6597,7335.0967,7340.479,7341.8916,7348.0063,7354.359,7360.796,7360.2603,7371.309,7373.014,7376.4673,7381.8223,7381.5166
7364.0732421875,7364.1167,7363.7217,7371.052,7374.1904,7384.6367,7392.0215,7399.083,7399.939,7411.3345,7413.694,7417.71,7420.87,7419.29
8836.0966796875,8853.794,8851.412,8855.496,8846.307,8836.437,8858.389,8845.286,8833.374,8824.865,8832.693,8828.949,8825.206,8805.296
1038.348876953125,1039.6831,1038.7241,1040.0583,1039.0785,1037.5358,1040.4753,1039.4746,1037.4106,1036.7853,1037.786,1038.3071,1037.8276,1037.098
903.8809814453125,904.56213,902.871,902.80054,901.08594,900.0055,901.67316,901.4148,899.2304,900.31085,901.08594,901.08594,902.6831,903.17633
922.8187255859375,923.51245,921.8012,922.28687,920.4831,919.28064,921.2231,920.2519,918.1938,918.0088,918.79504,918.79504,919.1881,919.1188
7374.30712890625,7358.4595,7337.2764,7297.343,7270.707,7241.5806,7216.176,7176.835,7143.688,7132.312,7092.2603,7083.238,7061.898,7046.0503
7404.443359375,7383.374,7352.494,7314.8594,7269.183,7237.62,7207.1626,7174.986,7133.7427,7141.764,7091.5845,7094.439,7072.0835,7051.256
1754.4127197265625,1755.6829,1757.3765,1756.4491,1755.1385,1756.6909,1756.1265,1756.5297,1760.5417,1761.5297,1759.0297,1758.6466,1758.828,1759.2112
1743.322509765625,1744.687,1746.4744,1745.3981,1744.8024,1746.1669,1745.5903,1746.0323,1749.3955,1750.2028,1747.9926,1747.6659,1747.4929,1747.6467
1806.090576171875,1806.788,1806.1376,1806.9362,1808.5007,1808.8105,1811.0844,1813.939,1814.5785,1816.8188,1818.7917,1819.9119,1823.4747,1822.752
1809.2237548828125,1810.8474,1810.1475,1810.2734,1810.2314,1809.4617,1811.1693,1812.0721,1811.6663,1813.6118,1814.1858,1814.5637,1817.1251,1815.9493
7895.47900390625,7912.428,7916.274,7917.8403,7911.431,7905.5913,7921.8286,7907.728,7898.4697,7897.4727,7897.758,7894.3394,7881.8057,7868.5596
5787.85400390625,5805.17,5809.6973,5798.339,5788.0127,5791.9844,5792.699,5786.6626,5769.704,5758.544,5740.434,5727.288,5714.0728,5695.337
5808.2900390625,5816.218,5808.7856,5821.5034,5821.999,5803.335,5831.083,5821.6685,5804.6562,5817.8696,5828.7705,5833.7256,5847.5996,5855.858
5928.86376953125,5943.217,5944.584,5948.685,5957.912,5938.7744,5955.52,5939.7993,5943.9004,5946.6343,5942.192,5936.382,5950.3936,5964.0635
5625.56640625,5629.321,5639.289,5632.946,5631.392,5639.6777,5638.836,5641.5547,5653.465,5662.203,5654.824,5653.594,5658.255,5664.404
5647.79052734375,5651.717,5662.8745,5656.1245,5654.885,5664.1143,5663.357,5667.076,5679.267,5689.5986,5682.16,5680.782,5687.532,5694.902
10306.322265625,10327.133,10313.577,10313.769,10309.8545,10292.289,10317.014,10340.116,10330.761,10367.801,10380.593,10389.948,10445.89,10441.689
3793.38818359375,3804.6023,3812.256,3813.1907,3811.9893,3812.3452,3824.36,3819.5542,3819.0203,3825.695,3825.1611,3825.4282,3821.7793,3817.329
1309.7086181640625,1310.885,1315.497,1311.9674,1308.9556,1313.6145,1312.8146,1315.1676,1324.2031,1329.4268,1323.262,1323.309,1325.8502,1330.6974
3503.428466796875,3503.657,3500.1396,3502.0125,3497.673,3495.3892,3500.3225,3499.4546,3494.9324,3494.3386,3497.399,3496.8965,3499.8657,3499.957
4217.70751953125,4226.1333,4211.4375,4185.6704,4179.89,4202.3257,4179.204,4174.5015,4161.8633,4127.5728,4093.6743,4078.1948,4056.8367,4062.519
5886.6337890625,5894.6826,5897.0415,5888.7153,5890.589,5888.23,5886.495,5886.218,5885.8706,5883.095,5875.1855,5864.6387,5862.835,5857.8394
5167.318359375,5188.865,5196.3037,5198.8687,5200.921,5193.4824,5197.3296,5189.1216,5193.739,5193.2256,5194.5083,5175.783,5189.635,5191.174
5215.8916015625,5231.871,5241.858,5244.7876,5244.7876,5242.3906,5247.7173,5233.0693,5242.9233,5251.446,5262.3647,5244.5215,5262.0986,5267.9575
1702.1024169921875,1702.0867,1699.2622,1697.4292,1698.0349,1693.7275,1694.9037,1697.6416,1695.9265,1698.1844,1698.8374,1700.7649,1707.1375,1709.183
10756.6962890625,10773.238,10780.605,10776.409,10774.653,10786.852,10786.559,10791.927,10789.291,10791.341,10779.19,10771.677,10766.017,10755.721
10866.23046875,10880.467,10884.052,10873.81,10873.502,10875.448,10870.839,10870.02,10864.898,10862.134,10846.309,10835.145,10828.846,10818.296
1305.2137451171875,1306.369,1306.4808,1306.2666,1305.689,1304.7573,1305.5958,1304.7853,1303.984,1304.026,1303.5276,1303.2295,1302.4795,1301.4268
1020.4097290039062,1018.95685,1015.96295,1011.0892,1010.8404,1008.21747,1004.0008,1002.6932,999.32947,997.5068,992.3556,991.14923,991.06116,992.9984
5939.541015625,5953.31,5949.294,5951.8755,5956.4653,5936.3857,5961.0547,5943.8438,5952.449,5950.1543,5938.3936,5939.541,5946.999,5953.31
2660.984130859375,2660.269,2657.051,2652.546,2649.131,2644.3042,2642.0515,2638.619,2633.9707,2631.6646,2625.9258,2624.0842,2622.645,2620.303
2622.3251953125,2621.4617,2618.5947,2614.243,2612.067,2607.4038,2605.5388,2602.8274,2597.724,2596.6792,2591.3513,2590.0347,2588.938,2587.8975
6887.0302734375,6881.2095,6873.754,6866.952,6856.194,6848.411,6839.059,6829.5103,6821.3354,6807.6665,6795.2407,6781.114,6771.173,6755.346
6847.912109375,6839.792,6828.431,6818.886,6809.9473,6796.449,6785.765,6779.6396,6769.81,6757.8438,6745.4497,6738.469,6738.8965,6730.4917
1770.7049560546875,1774.3796,1781.4143,1776.4796,1773.4873,1778.422,1778.2645,1778.7369,1790.3387,1795.1685,1788.6589,1787.189,1789.7614,1791.7037
1773.5213623046875,1777.3955,1784.7773,1779.6991,1776.5579,1781.6362,1781.6362,1781.8456,1793.6775,1798.5988,1792.1593,1790.5363,1793.2587,1795.0387
2532.13134765625,2540.25,2540.516,2542.9116,2543.7102,2537.322,2543.444,2538.919,2539.9836,2539.5845,2535.4587,2533.196,2538.1204,2541.1816
1322.2071533203125,1323.5658,1325.1636,1327.1038,1329.1747,1332.0125,1333.3953,1336.1023,1338.7018,1340.1505,1342.0637,1342.9094,1343.8661,1342.7985
1330.5452880859375,1331.4335,1332.305,1333.7852,1335.4064,1337.4896,1338.612,1341.4392,1343.6034,1344.9388,1346.6887,1347.5176,1348.8464,1348.3728
1326.95361328125,1328.4954,1328.0109,1328.143,1327.4205,1326.6805,1328.2223,1328.5659,1327.3589,1329.1033,1329.5702,1329.623,1331.5966,1331.2266
4148.81884765625,4153.01,4181.5605,4169.861,4180.1636,4197.102,4205.746,4209.413,4221.8115,4233.3364,4234.4717,4225.6533,4244.338,4249.664
1778.533447265625,1779.682,1778.1506,1779.9797,1780.6178,1777.1722,1781.0006,1779.7245,1778.8313,1778.2357,1778.5334,1779.129,1780.1499,1781.6387
1791.0430908203125,1792.1459,1790.9548,1792.4105,1793.4252,1789.852,1793.778,1792.0135,1791.6166,1791.3518,1791.0872,1791.6606,1792.8517,1794.7485
1588.0355224609375,1593.5387,1602.3728,1595.4214,1594.2628,1602.1556,1600.4901,1603.7487,1616.855,1620.9824,1613.162,1613.0896,1614.5378,1619.8239
1631.290283203125,1632.4432,1630.2837,1632.2236,1637.659,1639.5349,1644.8881,1652.7712,1655.7178,1660.3525,1666.3369,1669.5854,1678.9647,1677.9948
8052.30810546875,8084.2993,8059.4785,8062.512,8070.7856,8045.4136,8052.584,8041.001,8019.765,8012.5947,8010.113,8007.355,7963.505,7956.6104
7952.61181640625,7980.6655,7965.2637,7953.162,7927.3086,7903.6553,7901.455,7869.0005,7848.0977,7828.02,7795.2905,7787.0396,7733.6826,7690.5015
7812.74609375,7831.9927,7823.8887,7830.9795,7816.1226,7797.889,7814.2656,7798.7334,7782.8633,7773.5776,7772.227,7769.695,7751.1235,7727.15
3240.9755859375,3240.6665,3237.831,3234.9006,3234.9797,3238.8923,3236.7698,3236.8174,3230.5127,3229.388,3224.4932,3223.8752,3221.61,3221.8953
8298.1025390625,8318.549,8338.994,8357.629,8409.39,8444.329,8490.785,8543.711,8581.69,8607.377,8657.748,8659.883,8716.594,8739.8545
1339.8350830078125,1338.5984,1337.2258,1336.0164,1335.5408,1334.9563,1334.0458,1335.5814,1335.6222,1334.073,1333.0402,1333.4751,1335.3777,1334.7524
1556.324951171875,1564.3899,1565.7467,1565.3699,1565.7467,1562.4302,1564.7668,1562.9579,1563.3347,1563.2594,1561.978,1555.9481,1559.1892,1557.3802
5403.81982421875,5417.8467,5417.8467,5423.292,5414.876,5408.7705,5430.058,5422.467,5404.81,5408.9355,5415.536,5415.536,5415.536,5409.4307
1199.012451171875,1199.2213,1198.2784,1197.6995,1197.5205,1196.0225,1196.6372,1197.222,1196.1328,1197.222,1197.2101,1197.598,1199.4243,1199.836
1212.65625,1212.8563,1211.6062,1211.3937,1210.4312,1208.7811,1209.6437,1209.5061,1207.8561,1208.5562,1208.4623,1208.8561,1209.6187,1210.0562
1690.2457275390625,1692.2715,1690.7023,1692.6423,1691.7008,1689.076,1693.1559,1691.815,1688.8763,1687.4498,1688.7908,1689.8179,1688.4484,1687.4498
3608.913330078125,3610.4194,3599.576,3599.074,3585.0176,3565.941,3569.455,3563.2302,3546.7642,3553.3906,3544.6055,3549.9268,3542.6475,3542.547
2645.233154296875,2649.4558,2651.0981,2652.3884,2652.9749,2649.6904,2660.1887,2653.3855,2650.805,2663.9424,2669.7485,2668.81,2679.1912,2680.716
2652.762451171875,2658.637,2660.2495,2661.6895,2662.438,2658.4065,2669.0613,2665.145,2659.9614,2666.4119,2668.6006,2670.4434,2668.8884,2667.391
2638.702392578125,2646.2107,2648.5117,2649.9043,2649.541,2645.9685,2657.655,2652.9924,2647.6035,2653.2346,2656.141,2657.1704,2656.2017,2652.6897
4517.6474609375,4516.8877,4510.5723,4511.95,4519.552,4518.287,4525.9165,4538.2847,4540.2095,4549.6436,4557.1313,4563.5244,4579.409,4582.8755
4487.51171875,4487.884,4480.1323,4476.9863,4477.93,4470.1216,4474.7554,4480.5044,4475.356,4484.909,4486.3394,4490.8296,4504.33,4508.277
8524.9677734375,8530.051,8533.245,8531.388,8537.645,8553.222,8552.049,8550.94,8543.087,8532.17,8527.379,8520.535,8507.825,8487.751
6993.0791015625,7001.561,7022.024,7026.063,7054.873,7077.0864,7095.4634,7115.455,7130.13,7146.4194,7165.6714,7161.902,7184.788,7188.221
6913.43603515625,6920.857,6933.363,6941.0586,6969.093,6989.4316,7006.953,7030.934,7046.325,7062.4727,7083.7393,7084.3916,7107.393,7110.657
1905.5008544921875,1908.406,1915.0259,1910.1205,1906.8344,1912.3589,1912.2635,1913.1208,1923.7412,1929.0276,1922.5983,1921.6458,1924.2175,1928.5514
1881.09375,1884.4951,1891.9886,1886.4614,1883.007,1889.3313,1889.0656,1890.2349,1901.8737,1907.6134,1900.6514,1899.6947,1902.5115,1907.2946
1894.779541015625,1897.854,1904.598,1899.6392,1897.5068,1903.4078,1902.8127,1904.6971,1914.4661,1919.9703,1913.871,1913.2263,1916.0529,1920.8132
1331.1846923828125,1330.4348,1331.7345,1330.7347,1330.3849,1333.2842,1333.984,1338.2828,1341.1821,1344.7937,1343.7314,1345.4186,1349.6799,1353.604
1332.47900390625,1331.0088,1330.8094,1330.2861,1328.9656,1331.3826,1331.1832,1335.5938,1337.9485,1340.7145,1339.0947,1341.3997,1344.8508,1348.9873
482.08123779296875,483.8981,487.56116,484.6307,484.6014,487.50253,486.71133,488.32306,493.18756,495.6491,492.45496,492.36703,493.3927,495.35608
5688.525390625,5678.5244,5664.648,5650.0024,5637.3833,5620.25,5611.2427,5597.958,5584.525,5584.7026,5571.033,5568.607,5567.542,5569.613
1380.658935546875,1380.7114,1377.9492,1377.4762,1380.0071,1377.4258,1379.8662,1384.8298,1385.3546,1389.1001,1391.5419,1394.2488,1402.1265,1404.071
1382.8536376953125,1382.7375,1379.789,1379.4465,1383.231,1381.2981,1384.0261,1390.1029,1391.6603,1394.8396,1398.4208,1401.5552,1410.2964,1412.5253
8227.7060546875,8243.675,8235.158,8250.595,8252.014,8229.835,8261.95,8248.82,8235.69,8236.399,8245.449,8250.949,8252.368,8250.595
9716.552734375,9735.504,9735.668,9734.762,9728.17,9720.673,9735.504,9728.418,9719.271,9724.133,9725.698,9722.238,9725.122,9710.373
1405.9456787109375,1406.8606,1406.9872,1405.1865,1404.5052,1404.4469,1403.6146,1402.218,1399.6411,1398.5096,1395.8224,1394.9279,1393.0701,1390.8668
7787.0244140625,7801.839,7824.927,7806.072,7809.9194,7828.005,7823.0024,7830.6987,7862.4443,7869.9478,7850.708,7849.3613,7849.5537,7857.442
4898.6845703125,4890.058,4876.495,4857.3228,4848.547,4830.6646,4820.5483,4801.3013,4781.306,4780.184,4760.064,4759.266,4752.086,4753.482
4865.794921875,4858.1006,4845.688,4828.0977,4820.1343,4802.402,4792.881,4774.286,4755.994,4752.4136,4734.17,4730.3955,4723.3784,4724.7334
4261.306640625,4260.2,4253.283,4232.1646,4228.66,4214.827,4206.9883,4200.625,4186.2383,4183.241,4161.938,4153.154,4152.162,4154.2144
1184.8660888671875,1184.4872,1183.7291,1184.48,1186.4001,1186.8793,1188.4382,1191.8333,1193.0803,1195.3589,1197.1412,1198.7825,1201.6287,1203.3021
9344.302734375,9373.646,9375.089,9383.267,9387.597,9364.987,9386.634,9368.836,9373.165,9373.646,9360.658,9351.518,9370.278,9381.824
8694.88671875,8710.8,8764.741,8732.6455,8719.97,8757.189,8767.708,8773.102,8829.74,8872.354,8846.462,8834.595,8880.984,8909.573
1303.9100341796875,1304.8583,1307.8612,1305.3958,1303.6256,1308.0825,1307.1027,1310.2952,1315.2578,1319.0826,1314.7521,1316.0165,1317.9763,1323.5396
6665.1796875,6669.793,6661.324,6657.4683,6651.6157,6642.94,6650.1006,6649.3433,6639.497,6645.281,6647.0024,6648.035,6656.4355,6656.9863
8226.193359375,8316.554,8361.899,8350.314,8342.04,8471.787,8485.689,8488.006,8530.538,8468.146,8455.238,8410.555,8379.11,8347.336
8931.6435546875,8963.439,9020.976,8981.609,8991.072,9032.331,9025.518,9039.145,9100.086,9129.232,9093.651,9086.081,9095.544,9109.928
8535.3994140625,8537.395,8558.573,8553.509,8571.925,8588.959,8609.0625,8634.077,8646.3545,8672.674,8685.181,8685.564,8726.31,8752.936
8446.830078125,8451.486,8488.431,8486.413,8529.877,8554.713,8580.48,8608.111,8615.718,8640.864,8667.253,8657.629,8693.448,8720.807
9107.6083984375,9104.0625,9084.664,9071.709,9089.572,9064.656,9073.442,9099.418,9093.282,9103.096,9112.613,9127.758,9171.853,9184.584
6588.798828125,6612.4688,6625.29,6619.3726,6630.644,6661.4995,6656.5684,6661.9224,6675.307,6659.527,6646.9873,6637.8296,6624.7266,6614.0186
6562.6923828125,6583.7427,6590.663,6585.4727,6595.133,6624.6895,6618.9224,6621.085,6628.8706,6608.8296,6595.8535,6585.1846,6568.6035,6555.772
9684.439453125,9703.546,9697.177,9695.983,9684.241,9669.314,9688.818,9682.449,9663.642,9669.911,9673.295,9670.31,9678.867,9668.12
10490.904296875,10502.058,10547.364,10551.546,10610.329,10650.292,10690.952,10731.612,10756.357,10785.98,10825.712,10813.455,10860.767,10891.494
918.6301879882812,918.917,919.6135,918.917,918.0976,919.51105,919.6135,921.49817,924.489,925.3289,923.9974,924.81683,926.68097,927.97156
918.0619506835938,917.7691,917.34393,916.82434,915.48285,916.352,916.06854,917.96747,919.5735,919.0728,918.15643,918.8366,920.4993,921.0851
8030.14599609375,8051.35,8065.3657,8064.3447,8057.842,8083.863,8091.1665,8091.792,8081.6924,8071.906,8064.786,8052.3594,8036.1523,8007.7583
8115.13037109375,8127.871,8153.5405,8135.7407,8132.7427,8153.915,8153.1655,8165.344,8199.258,8220.617,8203.941,8205.628,8225.489,8245.725
977.9025268554688,979.8915,986.0312,981.7939,979.11316,984.2584,984.5611,985.3826,995.06775,1000.5589,995.3272,994.2895,998.00793,1002.2452
8607.5810546875,8610.415,8600.157,8599.752,8590.169,8583.015,8592.733,8591.113,8577.346,8583.42,8586.659,8588.009,8594.353,8598.672
1088.155517578125,1085.484,1081.5535,1077.9014,1074.8035,1069.2274,1065.5156,1062.0938,1057.6261,1057.7397,1053.704,1051.7714,1050.9756,1051.6577
1165.14599609375,1164.5067,1163.2493,1161.6934,1159.3756,1157.3456,1156.5198,1155.1611,1152.6995,1153.7145,1151.2329,1151.5753,1150.4191,1149.8076
6431.7275390625,6448.478,6446.0605,6452.795,6444.161,6433.9727,6459.1846,6450.032,6430.001,6431.2095,6440.0166,6440.0166,6440.0166,6428.274
7555.2431640625,7608.754,7606.5244,7615.443,7625.1045,7583.4854,7614.6997,7595.3765,7594.6333,7596.1196,7575.3096,7552.2705,7577.5396,7596.863
7639.73193359375,7694.9155,7697.183,7706.2544,7715.3257,7676.773,7707.0103,7685.844,7687.356,7686.6,7666.946,7641.244,7668.4575,7685.0884
7763.1630859375,7766.8564,7763.811,7764.589,7772.1694,7766.079,7774.761,7778.2603,7776.1865,7785.517,7789.1455,7785.906,7797.439,7806.251
7377.7568359375,7397.8936,7382.44,7402.108,7394.8496,7371.9033,7406.3228,7395.552,7380.0986,7363.474,7376.5864,7384.7812,7380.567,7377.757
5799.8076171875,5831.8594,5842.204,5833.3857,5826.263,5881.4634,5881.124,5886.7207,5897.913,5872.7295,5858.993,5842.713,5830.842,5829.824
1371.298095703125,1372.5906,1373.1945,1372.6755,1372.1566,1371.1,1372.0245,1370.2319,1369.1659,1368.5243,1366.8167,1366.0146,1363.8824,1361.1182
1488.3441162109375,1494.3773,1497.1597,1497.2075,1495.6586,1500.4584,1502.1221,1503.4415,1504.0917,1502.7435,1501.883,1499.1868,1497.9916,1494.3583
5608.2255859375,5619.577,5616.9287,5593.846,5577.859,5569.3447,5558.939,5541.438,5515.707,5497.118,5466.3257,5452.396,5434.9424,5412.4395
1768.11083984375,1768.2968,1767.8776,1766.4736,1766.2471,1765.9717,1765.1847,1763.8135,1761.9727,1760.6736,1759.0969,1758.6039,1757.0745,1755.6809
8936.0322265625,8938.498,8934.151,8932.062,8930.892,8926.086,8929.429,8931.143,8925.104,8931.603,8930.307,8933.232,8939.083,8939.334
6962.81396484375,6970.4663,6990.7563,6978.698,6975.568,6987.858,6992.8433,6993.8867,7018.9307,7033.772,7024.496,7019.7427,7037.25,7044.6704
8128.5078125,8146.9106,8151.3022,8151.72,8155.903,8146.492,8154.23,8145.238,8149.002,8151.72,8151.72,8137.9185,8147.538,8149.42
8161.45458984375,8171.217,8176.2017,8177.8633,8181.186,8174.1245,8181.394,8171.4243,8173.9165,8183.6787,8189.702,8180.563,8190.7407,8196.764
1622.43505859375,1628.0604,1634.1554,1638.4498,1644.0303,1651.5176,1656.9528,1662.7178,1666.386,1669.6068,1674.0579,1675.6235,1676.5853,1676.7418
730.6729736328125,733.21875,737.8815,734.98737,732.7364,735.8181,736.2468,735.5233,742.27625,744.9828,741.7403,740.45404,742.22266,742.7586
5208.83740234375,5177.0405,5144.1274,5112.598,5097.4146,5085.446,5075.353,5093.3057,5087.768,5077.4966,5048.29,5064.724,5087.947,5147.611
5140.85009765625,5129.005,5095.5117,5068.503,5068.3496,5040.9834,5035.2144,5038.1753,5032.3037,5031.538,5006.8394,5007.593,5030.389,5063.3975
920.6098022460938,921.89264,920.713,919.6809,920.74255,920.22644,921.2734,923.39667,925.0481,927.0092,925.32825,924.3993,926.65533,927.3336
5829.4296875,5849.337,5863.5166,5862.608,5862.244,5903.7847,5908.5117,5921.692,5937.69,5940.2803,5936.599,5933.4175,5938.0537,5945.598
7871.9873046875,7872.2866,7867.5024,7871.0903,7866.9043,7862.2397,7869.057,7866.6055,7862.838,7859.0703,7861.1636,7861.223,7859.9077,7861.7017
1612.283447265625,1608.7648,1603.4188,1600.4744,1599.2423,1594.4811,1592.2467,1594.0217,1591.1399,1590.8894,1588.2999,1589.7617,1595.5253,1598.6576
1453.935302734375,1456.3615,1453.0531,1456.2145,1457.3173,1450.5533,1456.5085,1455.2587,1451.7297,1452.4648,1453.2001,1455.4792,1455.4058,1457.979
6472.1708984375,6489.8184,6520.582,6496.9727,6495.065,6522.013,6516.528,6527.26,6568.993,6584.9717,6558.5005,6557.5464,6561.839,6579.4863
1104.2230224609375,1103.5597,1101.9525,1100.0336,1100.4792,1099.4072,1097.6943,1096.2103,1093.9602,1092.1052,1090.3129,1089.648,1088.5975,1087.7014
6510.7646484375,6527.958,6523.9297,6523.635,6514.203,6508.8,6521.572,6514.891,6503.003,6515.3823,6514.4,6513.614,6519.9014,6512.926
5017.8330078125,5021.9253,5044.969,5039.631,5056.6245,5072.1055,5083.049,5091.679,5101.5547,5112.8545,5120.1055,5113.2993,5130.738,5134.5635
1614.0947265625,1611.6385,1603.2002,1606.8448,1602.4078,1594.643,1596.4653,1597.8519,1590.602,1593.4148,1594.0883,1598.3273,1596.0295,1600.8628
1627.9664306640625,1625.1046,1618.1049,1622.2428,1621.0826,1613.3093,1617.2927,1618.8396,1611.8784,1615.2817,1616.5192,1621.1599,1620.2318,1626.9609
5513.93701171875,5511.1196,5487.118,5494.1045,5475.9624,5455.2285,5455.0034,5455.454,5436.298,5444.974,5442.383,5452.8623,5442.0444,5451.2847
4927.65478515625,4931.3486,4936.3164,4944.214,4968.67,4981.2803,5001.9795,5030.703,5045.415,5063.5024,5086.6055,5092.656,5123.334,5142.779
5040.125,5042.5493,5039.317,5048.09,5066.5596,5075.968,5092.9365,5123.5845,5137.9272,5154.521,5174.405,5184.693,5212.6426,5230.131
4911.12451171875,4915.156,4913.4185,4925.6514,4951.09,4962.558,4985.5986,5023.826,5042.966,5063.93,5089.2993,5101.3584,5134.0254,5153.834
1475.49755859375,1477.4285,1479.297,1478.2693,1480.3246,1482.7538,1481.9441,1482.598,1484.4977,1483.0963,1481.3834,1480.6361,1478.9232,1477.2104
1459.7802734375,1461.2924,1462.8649,1461.8367,1463.8174,1465.7225,1464.7852,1465.1178,1467.0078,1465.2236,1463.4395,1462.6833,1460.6573,1458.5707
7568.1748046875,7577.3374,7610.1196,7593.0156,7593.423,7617.4497,7634.553,7651.8604,7684.846,7713.9634,7707.855,7704.801,7750.0034,7773.419
7641.07763671875,7647.4297,7666.883,7653.7817,7639.8867,7658.943,7664.104,7678.9917,7718.096,7745.4893,7725.441,7728.8154,7761.965,7788.167
1608.8494873046875,1612.7014,1619.3619,1615.3896,1611.4575,1616.1921,1616.9144,1615.4298,1626.143,1629.6337,1624.6985,1622.933,1625.1398,1625.862
6663.7265625,6684.1406,6690.4663,6694.204,6699.3794,6687.0156,6701.1045,6684.716,6692.1914,6695.0664,6696.7915,6683.2783,6695.354,6698.804
6669.5888671875,6684.6084,6692.801,6697.9585,6701.2964,6691.587,6705.2407,6687.6426,6693.407,6702.51,6708.5786,6696.138,6712.2197,6717.074
5606.04736328125,5607.523,5596.946,5598.422,5589.1978,5582.433,5590.9194,5587.7217,5575.177,5578.497,5580.5884,5582.802,5584.77,5589.3203
6665.32080078125,6670.167,6664.056,6672.485,6671.431,6659.9473,6676.1724,6672.169,6660.7905,6667.533,6674.276,6678.2793,6684.8115,6691.7646
6694.095703125,6698.942,6693.3887,6700.961,6701.062,6689.5522,6705.1006,6700.8604,6690.259,6696.6196,6702.6777,6706.615,6712.572,6719.2354
5319.0947265625,5306.953,5284.9067,5270.103,5244.6484,5215.5195,5203.964,5194.4316,5167.7656,5178.776,5157.7144,5167.7925,5164.158,5169.257
6768.99072265625,6761.8687,6752.3164,6747.75,6753.364,6759.229,6753.113,6765.597,6763.754,6762.455,6757.3857,6762.371,6771.588,6781.6846
1188.28564453125,1191.0001,1190.2544,1190.4631,1188.9121,1187.5399,1190.5228,1189.7473,1187.0328,1188.2856,1189.1805,1188.9419,1190.2842,1188.9718
1181.5731201171875,1184.2784,1183.2719,1183.5549,1181.8248,1180.4092,1183.5864,1182.737,1179.843,1180.8182,1181.982,1181.699,1183.1775,1181.8248
6556.19091796875,6582.6367,6585.8564,6595.745,6590.6855,6575.048,6618.741,6601.954,6578.9575,6593.4453,6607.243,6610.463,6612.532,6598.2744
6702.69970703125,6711.616,6721.706,6730.3877,6728.98,6718.1865,6750.802,6721.706,6712.7896,6752.21,6770.9814,6763.942,6802.893,6809.463
1114.7325439453125,1113.7603,1112.1571,1108.5723,1107.0322,1103.9512,1102.0465,1098.6268,1095.7249,1094.2405,1091.1826,1089.8987,1088.392,1087.1155
9721.8134765625,9748.613,9801.412,9769.013,9726.613,9768.213,9770.213,9768.612,9868.61,9905.811,9853.411,9842.611,9868.61,9888.211
1073.591064453125,1074.9498,1078.9762,1075.3525,1071.8799,1077.6173,1076.0571,1079.3788,1088.6897,1092.3636,1085.1666,1086.5255,1087.4818,1094.1755
1416.927734375,1420.4021,1423.4707,1425.5122,1430.2926,1435.7577,1438.0719,1441.8568,1444.1139,1446.6182,1448.8729,1448.338,1450.1555,1448.1113
1375.51123046875,1381.638,1388.211,1392.1364,1400.3873,1408.2997,1413.8413,1419.7621,1425.2173,1428.2267,1433.5144,1432.483,1434.792,1431.9904
10353.2080078125,10389.625,10378.754,10375.493,10360.817,10326.031,10366.797,10349.403,10348.316,10357.557,10343.968,10318.966,10335.815,10339.076
5928.75830078125,5942.291,5971.325,5951.641,5932.203,5958.777,5961.4834,5967.635,6023.9805,6050.5547,6022.9966,6021.0283,6046.6177,6069.5005
8055.5576171875,8064.4097,8056.56,8048.794,8047.3325,8029.7544,8038.7314,8043.7837,8031.383,8041.529,8041.07,8042.823,8063.908,8060.7354
8121.2431640625,8133.241,8126.7554,8124.486,8119.3784,8106.732,8118.406,8122.459,8111.677,8125.2153,8126.6743,8128.377,8147.4277,8144.5903
8109.1142578125,8120.616,8111.8647,8108.4478,8102.8633,8088.7783,8099.6963,8102.3633,8091.612,8102.6133,8104.9473,8106.4473,8126.2837,8123.6997
4067.787353515625,4075.0032,4075.788,4072.598,4068.3308,4076.6636,4076.3618,4076.8447,4071.1587,4068.2905,4062.0837,4057.837,4054.3271,4050.538
4062.96435546875,4067.8237,4067.8806,4065.1663,4063.6096,4074.031,4072.778,4073.5754,4071.013,4067.2354,4062.9072,4059.8323,4056.9658,4055.941
8496.015625,8496.253,8492.905,8486.448,8486.151,8492.091,8490.047,8482.286,8468.734,8461.773,8451.05,8447.732,8435.47,8424.51
8593.7021484375,8594.607,8589.419,8577.957,8574.096,8570.913,8566.63,8554.214,8538.457,8533.691,8517.81,8514.401,8503.301,8495.428
5031.01806640625,5037.4614,5060.2773,5049.0806,5053.7285,5068.622,5076.7554,5082.459,5099.9937,5113.9365,5112.1406,5107.81,5127.8794,5136.858
930.803955078125,933.701,934.59515,935.0959,935.3105,934.2017,935.0601,933.84406,934.27325,934.3448,934.4163,932.09155,934.0229,934.6309
4457.228515625,4469.0117,4472.212,4473.7554,4469.5767,4469.0493,4481.6987,4481.435,4474.1694,4484.2964,4481.5483,4483.167,4484.447,4471.2705
8529.0361328125,8530.165,8527.302,8521.495,8522.302,8537.343,8535.589,8539.581,8524.641,8525.245,8513.43,8512.301,8507.945,8506.776
5161.21337890625,5145.4443,5120.8794,5077.9707,5058.8765,5025.676,4994.5938,4960.595,4917.4385,4901.24,4857.688,4848.6235,4834.3564,4823.6294
5291.7958984375,5295.954,5300.325,5297.447,5298.0864,5300.9116,5299.206,5299.7925,5308.0015,5306.509,5301.445,5299.7925,5296.434,5294.195
5252.53466796875,5255.8057,5257.857,5256.2495,5254.7524,5256.8594,5254.531,5254.531,5262.625,5258.5776,5252.5347,5250.206,5245.882,5242.167
1201.348876953125,1203.8579,1204.0747,1204.5084,1204.8181,1203.3933,1204.6323,1203.6101,1204.0128,1203.6411,1202.8357,1201.5658,1202.7118,1203.0526
1189.571533203125,1192.0701,1192.3169,1192.7795,1193.0573,1191.7,1192.8413,1191.8541,1192.3169,1191.885,1191.083,1189.88,1191.0212,1191.3606
4930.712890625,4929.715,4930.713,4932.299,4937.4087,4945.5137,4946.189,4953.354,4954.676,4962.957,4961.2534,4964.484,4968.2134,4972.677
1074.1177978515625,1075.1083,1076.6146,1075.8717,1076.594,1079.1113,1078.4304,1080.0812,1081.67,1083.4343,1081.8145,1082.2272,1082.8668,1084.6517
1090.492431640625,1092.4303,1093.7417,1094.0842,1094.9259,1099.017,1099.5944,1100.9058,1102.0411,1102.55,1102.6381,1102.1586,1102.6478,1102.3347
5644.943359375,5656.155,5654.9375,5654.553,5648.595,5643.2773,5652.9517,5646.032,5639.6895,5647.1855,5643.2134,5642.7007,5640.779,5633.539
4925.08642578125,4929.0273,4931.0576,4935.7153,4937.0293,4926.997,4946.225,4932.4907,4925.564,4947.8975,4957.213,4954.824,4974.6494,4980.621
1087.1409912109375,1087.7489,1087.0541,1084.883,1084.4054,1082.2994,1081.5071,1079.9547,1078.4025,1077.2408,1074.6682,1073.2244,1072.2148,1070.63
6023.173828125,6023.1406,6017.789,6003.901,6004.011,6000.5596,5991.039,5975.7344,5958.6797,5939.797,5925.6113,5917.478,5899.068,5880.91
1175.58154296875,1175.7258,1177.2406,1175.8882,1175.2029,1177.5833,1177.3127,1179.8375,1182.0736,1185.1573,1183.0835,1184.0574,1186.3656,1190.2699
1154.74267578125,1154.8741,1156.3007,1155.043,1153.8417,1156.0192,1155.7001,1157.7085,1160.7682,1163.5839,1161.2188,1162.0634,1164.2408,1167.7604
1287.7747802734375,1290.4071,1290.121,1290.5502,1288.6904,1287.9464,1290.8077,1289.1482,1286.7448,1286.7162,1287.4886,1287.0309,1286.5159,1285.028
1712.6763916015625,1712.7112,1709.5115,1700.6426,1700.0339,1695.1823,1688.4349,1685.6699,1680.3486,1676.2794,1667.5486,1663.2697,1662.4762,1661.7806
9000.2197265625,9022.617,9050.658,9056.479,9091.926,9133.899,9151.183,9180.811,9198.622,9222.254,9236.318,9229.794,9248.752,9254.483
4648.45849609375,4654.279,4650.5913,4639.837,4636.3486,4643.096,4636.9365,4634.4946,4614.969,4609.488,4593.3213,4588.338,4579.806,4574.0654
8433.41015625,8453.821,8452.221,8451.22,8442.516,8436.212,8450.82,8441.715,8430.208,8436.8125,8437.612,8434.011,8436.912,8421.903
5968.4130859375,5987.1255,5980.813,5985.322,5971.795,5961.198,5986.675,5974.951,5954.8857,5952.18,5961.6494,5958.493,5959.8457,5944.064
2576.985595703125,2580.8105,2579.0942,2581.497,2579.1433,2575.0242,2582.1345,2579.879,2573.7002,2573.1118,2575.3674,2576.25,2574.975,2572.5234
8086.18603515625,8085.103,8075.47,8069.885,8071.68,8059.8247,8063.6147,8072.991,8069.115,8076.8384,8080.5146,8087.041,8106.762,8113.8296
7457.59912109375,7475.5894,7476.3936,7471.5693,7470.765,7462.524,7472.574,7467.348,7459.006,7450.463,7442.9253,7425.638,7421.417,7410.864
7533.7392578125,7559.295,7588.9863,7610.036,7638.5547,7678.0923,7702.043,7729.6665,7754.667,7769.297,7788.9883,7792.939,7795.0376,7785.7163
2124.387451171875,2124.2485,2122.3796,2118.0781,2117.3984,2115.1936,2112.4636,2109.0637,2103.8567,2100.4163,2096.2925,2094.4312,2091.9136,2089.3652
1927.4410400390625,1930.1534,1927.3535,1930.416,1928.4473,1923.6786,1930.1973,1928.6223,1923.3724,1921.6224,1923.8536,1925.3411,1924.0286,1922.4536
4607.28173828125,4608.3735,4598.595,4591.547,4583.0093,4565.1406,4563.701,4556.0073,4539.404,4545.832,4531.4375,4536.3267,4532.703,4532.331
4561.015625,4554.3135,4544.189,4530.9272,4523.213,4508.789,4501.438,4491.029,4480.8755,4479.307,4468.8975,4466.3022,4467.8135,4472.2344
4483.51904296875,4478.107,4470.724,4462.4014,4455.8457,4444.5728,4436.4844,4429.1284,4420.876,4417.527,4408.5264,4403.6226,4402.9053,4402.965
1766.1463623046875,1769.1555,1769.1069,1769.5438,1770.9028,1767.8936,1770.6602,1768.4275,1768.9614,1769.2526,1768.0392,1766.9229,1768.7188,1770.0776
1771.223876953125,1772.4918,1771.3214,1773.0282,1774.1985,1770.395,1774.4423,1772.9307,1771.1265,1772.0529,1772.6381,1773.4182,1774.6373,1776.344
4311.0732421875,4303.032,4289.009,4268.6816,4259.639,4236.7163,4223.578,4203.326,4182.6655,4175.742,4156.8804,4148.0493,4141.3984,4139.109
1618.03662109375,1619.6998,1622.4272,1623.658,1629.7782,1633.7697,1637.6113,1643.5819,1647.2241,1650.2676,1655.1487,1655.8722,1662.0464,1662.2585
1145.118896484375,1147.7316,1147.1353,1146.9364,1145.4454,1143.4149,1145.9851,1145.2041,1142.5487,1144.0681,1143.9971,1143.9119,1144.7496,1143.4291
1430.544677734375,1435.5726,1435.6648,1436.1261,1433.7274,1432.4359,1437.3254,1435.2958,1431.2366,1433.0355,1434.281,1433.4968,1434.1426,1431.2827
4275.27294921875,4292.78,4290.279,4291.113,4283.239,4278.1445,4293.706,4293.1504,4279.163,4293.706,4297.504,4296.6704,4309.268,4302.4136
4244.77197265625,4263.354,4261.1133,4262.4204,4253.0825,4248.4136,4265.2217,4262.4204,4246.826,4259.8057,4264.848,4262.9805,4273.626,4266.3423
1859.2735595703125,1858.2257,1852.7449,1851.1328,1845.0071,1835.5767,1836.2417,1834.1057,1826.2672,1829.9749,1825.5015,1828.7256,1827.3956,1829.1084
1853.355712890625,1853.2344,1848.5007,1847.8939,1842.3511,1833.8953,1835.5541,1833.8547,1826.6128,1829.6674,1826.4509,1829.02,1827.5028,1828.575
1865.275390625,1865.6017,1861.6451,1862.7057,1858.7898,1851.8557,1855.5675,1854.5477,1847.6543,1850.7952,1849.8977,1852.3043,1850.7544,1852.5083
1797.5030517578125,1799.1096,1796.8895,1796.6267,1793.618,1789.5577,1791.8945,1790.7262,1786.958,1786.9872,1786.4614,1786.8995,1786.6951,1785.8187
1788.3157958984375,1789.5544,1787.25,1786.7316,1784.0814,1779.991,1782.2091,1781.4889,1777.5857,1778.1187,1777.6577,1778.3203,1778.8964,1778.6084
4069.59375,4078.1145,4081.2883,4077.0566,4072.902,4079.9226,4079.9226,4077.6528,4069.0647,4062.525,4055.791,4050.0273,4041.9631,4031.1052
4657.296875,4662.283,4657.435,4658.5435,4653.4185,4646.9077,4658.128,4653.834,4651.3403,4650.648,4654.3877,4648.7085,4653.834,4657.435
1359.1810302734375,1358.8291,1357.2667,1352.5936,1349.9897,1347.625,1344.3737,1340.3832,1335.3759,1332.6426,1327.1101,1325.706,1322.9015,1319.7345
1364.25830078125,1364.1655,1362.8536,1358.5732,1356.3602,1354.2731,1351.4572,1347.75,1342.9098,1340.1036,1335.1774,1333.6666,1330.9368,1328.0546
3974.14990234375,3981.083,3982.17,3982.0493,3978.764,3977.4834,3981.8076,3977.8943,3970.4055,3972.773,3966.7336,3967.3616,3961.8418,3950.8684
4967.67919921875,4998.5273,5002.608,4976.1665,4958.3755,4966.373,4956.58,4942.951,4906.553,4881.4585,4843.224,4817.915,4791.5146,4756.147
4898.2060546875,4922.4624,4921.7935,4890.1763,4874.117,4875.037,4858.392,4841.1616,4800.595,4774.791,4732.541,4708.0757,4682.24,4649.4106
3941.38818359375,3943.9915,3946.009,3949.5886,3958.8628,3967.4863,3972.3674,3982.8457,3988.6707,3993.5518,4002.4192,4004.4287,4013.6094,4011.3354
3934.976318359375,3936.405,3935.7065,3939.0403,3947.105,3953.0105,3958.0588,3968.9333,3974.204,3978.681,3987.6167,3990.827,4001.4856,4001.1443
5588.87890625,5597.4585,5600.664,5614.2407,5635.8315,5657.8936,5677.8813,5704.469,5719.295,5729.289,5754.6274,5761.8813,5784.4917,5773.767
2139.14794921875,2137.1658,2133.5413,2128.7698,2125.06,2120.5151,2117.393,2113.5066,2108.2288,2107.3936,2101.6777,2101.2415,2099.6946,2098.6611
1664.648193359375,1666.5598,1670.5682,1668.0707,1665.4498,1669.0265,1669.3965,1669.9208,1677.2283,1680.7742,1677.2283,1676.7966,1680.1884,1682.9943
5930.32421875,5933.9834,5924.2256,5936.829,5942.318,5914.4683,5949.8394,5936.829,5912.4355,5943.5376,5954.9214,5963.8657,5986.6333,6004.9287
1938.7755126953125,1940.1039,1942.7074,1940.6884,1938.0582,1940.7415,1940.5555,1941.2197,1947.4894,1949.2959,1945.6829,1945.8954,1947.0908,1949.3225
1198.1776123046875,1200.1687,1198.038,1200.6927,1199.4352,1196.2914,1201.4612,1200.1338,1196.3961,1195.3483,1197.3743,1198.6667,1198.3872,1198.1427
2952.143798828125,2986.7346,3048.1885,3005.134,2987.4707,3030.893,3031.6292,3032.365,3114.4263,3148.2812,3105.2266,3092.3472,3108.9065,3126.938
3136.236572265625,3147.918,3172.7598,3155.9028,3149.5444,3166.2537,3166.4014,3166.993,3198.1929,3215.1978,3197.7493,3191.8347,3199.8196,3207.065
3164.331298828125,3176.2432,3201.2017,3184.752,3178.087,3194.6785,3195.2456,3195.3875,3225.5928,3242.0427,3225.8765,3219.495,3227.8618,3234.385
3085.702392578125,3098.0146,3123.6414,3107.1772,3097.2988,3114.4788,3116.3398,3113.906,3147.407,3164.0142,3146.9773,3139.5327,3148.6953,3153.9924
6088.00244140625,6078.2017,6066.289,6062.5527,6064.7188,6059.7915,6056.9214,6068.3467,6061.795,6066.1265,6063.6357,6069.971,6085.1323,6093.0923
1104.1563720703125,1104.6842,1105.5568,1105.0828,1104.3287,1105.1798,1104.8889,1105.1475,1107.3342,1107.8944,1106.5262,1106.3324,1106.4832,1106.7848
1593.1806640625,1593.7341,1592.3506,1588.461,1586.4625,1583.8029,1581.7736,1579.3138,1575.5474,1573.0415,1568.3602,1566.0427,1564.3247,1561.836
1598.3114013671875,1598.4653,1596.988,1592.7256,1590.9713,1588.1708,1585.7395,1583.1543,1579.392,1576.8529,1572.0634,1569.8322,1568.1433,1565.838
2326.749267578125,2332.8206,2332.2253,2332.404,2329.3682,2327.3445,2332.8206,2330.4397,2325.8564,2327.8801,2329.0112,2328.1184,2329.3088,2325.4993
2386.1953125,2387.4634,2386.1448,2384.2368,2384.8455,2381.8928,2383.1716,2383.714,2381.5144,2382.0383,2381.7222,2381.5642,2384.709,2383.6145
1780.8878173828125,1787.215,1786.1146,1787.49,1788.3153,1782.355,1787.6735,1785.0142,1784.8308,1784.6475,1780.9795,1779.2372,1781.9882,1784.0055
1743.1328125,1744.2117,1742.8959,1744.8696,1745.5012,1742.0275,1746.3959,1744.9222,1742.4222,1744.0801,1745.4486,1746.2906,1748.3959,1750.0802
4950.18701171875,4963.236,4956.865,4952.139,4951.831,4936.2134,4949.776,4954.5024,4947.927,4957.2764,4959.6396,4963.133,4983.271,4973.099
5000.89111328125,5015.5923,5011.2324,5009.9146,5007.7856,4995.8726,5011.334,5016.4033,5009.4077,5022.182,5024.4126,5027.7583,5046.008,5035.2607
3799.47802734375,3805.7705,3814.05,3818.0244,3837.5645,3850.2598,3865.8257,3887.0217,3900.7107,3910.9775,3929.027,3931.4558,3955.6877,3961.7664
3716.01123046875,3721.5117,3734.2053,3733.5708,3749.9666,3762.9773,3776.9402,3793.6533,3805.2363,3816.819,3828.984,3829.5127,3852.361,3860.6118
5018.66650390625,5038.326,5042.4893,5048.04,5047.346,5039.4824,5045.9585,5038.557,5042.4893,5041.7954,5039.251,5027.918,5038.326,5039.945
4600.79833984375,4602.4146,4602.7993,4602.338,4596.4883,4599.413,4595.3335,4598.72,4609.8804,4607.0327,4598.951,4598.1045,4597.797,4596.1035
4609.9951171875,4618.665,4636.902,4623.897,4610.892,4625.9897,4625.093,4626.7373,4661.8657,4675.4688,4654.6904,4652.299,4658.7266,4668.742
4654.25537109375,4663.621,4681.182,4669.7676,4653.9624,4668.5967,4668.743,4668.45,4705.0356,4717.7676,4697.28,4694.353,4701.8164,4709.5723
1124.0167236328125,1125.4839,1128.235,1128.221,1131.0425,1133.5961,1135.0916,1136.714,1138.5057,1139.7966,1141.4966,1140.6431,1143.0062,1142.6112
4676.10888671875,4686.3345,4690.2505,4688.6733,4688.8364,4706.6226,4706.7856,4708.3086,4713.0405,4707.003,4702.7607,4697.811,4693.8945,4691.7734
1897.702392578125,1897.3949,1893.8074,1895.1399,1902.4175,1905.4583,1909.08,1921.192,1925.2236,1929.6312,1938.3265,1943.5626,1957.951,1960.74
1877.3726806640625,1876.5715,1872.6327,1873.0667,1879.0751,1881.7788,1884.2823,1895.6316,1898.6024,1902.5079,1910.0852,1914.8752,1928.7936,1931.6155
5047.603515625,5058.0063,5055.695,5057.7173,5067.253,5047.315,5067.831,5052.805,5055.9834,5057.7173,5049.3374,5049.6265,5059.162,5070.7207
1793.8953857421875,1798.2682,1808.6115,1800.9591,1795.9136,1806.9297,1805.0796,1810.1251,1826.439,1836.6981,1825.5139,1825.9344,1831.4845,1843.005
1786.7177734375,1791.1389,1801.5966,1793.7745,1788.5032,1799.4711,1797.8556,1802.6168,1819.5363,1829.7389,1818.431,1818.7711,1824.2975,1835.6904
1686.144287109375,1686.6023,1683.5677,1686.2588,1686.8885,1681.9932,1686.6595,1686.087,1683.2814,1683.5105,1684.4265,1686.3733,1687.232,1690.4957
4875.05615234375,4875.3394,4866.722,4862.527,4861.8467,4851.8403,4856.404,4862.697,4858.2183,4865.815,4868.8765,4873.3555,4889.3994,4894.388
4888.45458984375,4890.1494,4882.0996,4880.511,4873.6265,4866.107,4872.832,4872.6206,4865.3125,4868.543,4871.985,4872.4614,4881.2524,4884.1123
4121.7900390625,4125.576,4128.3257,4133.171,4140.2925,4148.293,4155.009,4162.6035,4167.877,4172.9253,4179.5513,4180.537,4185.743,4186.0923
1521.1661376953125,1516.8701,1512.9468,1508.1536,1505.3131,1506.4492,1502.9697,1505.2776,1504.9225,1501.5496,1495.0521,1496.4012,1497.3599,1502.1531
4724.3134765625,4731.6724,4729.8135,4731.285,4725.5527,4717.187,4726.4824,4721.8345,4712.074,4711.687,4711.997,4711.842,4707.039,4700.8423
4767.45458984375,4771.7344,4774.6094,4778.9863,4781.2114,4789.3843,4792.729,4799.3066,4803.519,4809.9004,4810.5723,4812.6157,4813.679,4813.1753
4146.669921875,4146.383,4143.8975,4143.1216,4141.541,4139.4004,4140.8804,4142.1875,4139.6733,4142.1733,4142.906,4143.495,4146.9146,4149.127
1875.0189208984375,1882.1272,1883.083,1884.3972,1884.0387,1878.6627,1887.802,1882.9038,1876.9304,1878.6627,1879.8574,1879.6782,1874.4813,1869.822
1862.9610595703125,1870.4425,1872.5632,1872.74,1871.5618,1866.8491,1874.3894,1869.5588,1865.023,1865.8477,1865.1996,1864.1393,1858.7786,1852.7993
4132.693359375,4135.8936,4133.852,4132.3623,4129.769,4125.658,4128.886,4124.334,4122.5684,4120.5547,4119.2305,4117.8784,4115.975,4111.9194
4072.08544921875,4075.415,4073.327,4071.7468,4069.659,4065.3984,4068.869,4064.7212,4062.746,4061.7302,4060.912,4060.1785,4059.2756,4055.7205
4170.935546875,4170.7466,4168.7554,4165.4136,4165.4,4162.598,4160.576,4158.715,4155.781,4154.564,4151.1587,4150.359,4150.602,4150.673
2140.25390625,2138.9307,2136.039,2134.5933,2131.7751,2132.2896,2131.285,2134.9854,2136.137,2133.8826,2132.5103,2133.907,2138.5876,2139.2249
4097.6669921875,4086.191,4072.527,4057.147,4046.6467,4027.9243,4020.9517,4007.6748,3990.6455,3994.8525,3979.91,3980.852,3980.0781,3988.0542
4089.975830078125,4082.5073,4070.9045,4061.5024,4050.7332,4036.163,4032.4622,4023.56,4008.8315,4016.125,4002.2632,4008.5063,4003.7385,4008.148
3737.986083984375,3736.4724,3739.788,3737.0488,3735.6794,3742.9595,3746.059,3759.1055,3766.818,3778.6394,3775.9004,3780.838,3795.506,3808.6968
2351.854736328125,2354.5012,2373.1533,2366.0327,2373.4055,2384.811,2391.6167,2395.6494,2403.6523,2412.3484,2414.1128,2408.6934,2423.0608,2428.6375
5389.54052734375,5394.266,5384.66,5379.1597,5373.737,5363.976,5369.864,5367.617,5358.708,5364.2085,5364.131,5365.99,5373.892,5375.4414
3894.02197265625,3895.5537,3882.534,3884.5613,3880.0562,3873.1184,3873.2534,3874.0193,3869.8748,3868.6133,3868.7485,3868.6584,3864.2883,3866.586
4411.94189453125,4410.471,4405.32,4402.827,4404.281,4398.433,4399.334,4404.64,4402.4736,4407.133,4408.2827,4411.9194,4421.747,4427.186
4405.49365234375,4404.2793,4398.116,4395.848,4394.6797,4388.8374,4389.33,4391.14,4387.188,4391.598,4391.06,4394.084,4400.98,4406.1353
1552.17529296875,1554.7362,1553.6046,1555.3615,1553.9917,1551.5203,1556.1357,1554.6766,1551.3713,1550.3589,1552.0265,1552.5327,1551.9967,1550.1803
5280.30322265625,5293.552,5287.886,5287.3633,5281.436,5274.1147,5287.0146,5292.506,5283.179,5297.3867,5303.401,5304.7085,5326.3247,5321.792
5346.7802734375,5360.1475,5353.8867,5353.8022,5346.8647,5340.0967,5353.21,5355.748,5345.765,5357.694,5363.8696,5364.1235,5382.6514,5378.083
5344.37548828125,5360.3335,5356.0117,5356.843,5348.3647,5342.713,5358.0063,5354.5156,5342.8794,5350.526,5356.677,5354.6816,5365.8193,5358.0063
3252.921630859375,3254.568,3257.4495,3255.7114,3254.2021,3256.9463,3255.1626,3257.4038,3264.3096,3266.688,3261.474,3260.9253,3261.5198,3262.4802
4921.23828125,4918.181,4911.7812,4913.534,4922.5425,4926.537,4931.5513,4948.8955,4953.909,4963.0195,4972.4253,4981.5103,4998.8696,5008.1025
5009.5927734375,5017.095,5003.315,5001.0186,4997.956,4987.315,4989.382,4989.8413,4984.865,4987.0854,4987.3916,4981.267,4978.2812,4980.348
5022.0830078125,5040.376,5037.6147,5037.2695,5029.849,5019.322,5028.4683,5027.9507,5023.9814,5025.1895,5017.9414,5009.399,5013.1094,5005.8613
2471.061767578125,2471.2395,2468.931,2467.2935,2466.1885,2463.5051,2465.0046,2465.419,2462.9922,2464.689,2464.7087,2465.419,2467.0566,2468.26
2519.280517578125,2520.685,2518.2827,2520.5374,2518.024,2515.7324,2520.0938,2518.6523,2515.6584,2513.6626,2515.4368,2515.9912,2515.3997,2515.141
5142.66455078125,5156.274,5202.907,5178.0894,5176.8887,5206.51,5220.7197,5226.7236,5265.5513,5293.971,5283.364,5272.7563,5313.5854,5332.198
4437.2861328125,4450.8833,4482.933,4457.358,4436.315,4478.401,4467.7173,4492.3213,4550.594,4584.2627,4539.263,4547.033,4562.5723,4611.7803
4468.95166015625,4484.016,4519.273,4491.3877,4472.798,4513.183,4504.2085,4523.7603,4585.3,4614.7876,4571.838,4576.9663,4589.146,4629.5312
2265.423583984375,2272.8906,2273.1672,2275.7944,2272.545,2269.3645,2279.8044,2276.071,2268.1892,2269.503,2273.1672,2273.0288,2273.1672,2268.3274
2248.53564453125,2256.0342,2256.6477,2258.9656,2255.7615,2252.8303,2263.0557,2259.3064,2251.6714,2253.2393,2256.7842,2256.6477,2256.8523,2251.944
5849.87548828125,5902.17,5907.901,5917.2134,5926.5264,5892.8574,5920.079,5897.8716,5901.4536,5898.588,5881.3955,5857.7554,5884.2607,5898.588
2529.983642578125,2536.0037,2539.7458,2543.2542,2545.5015,2555.3909,2559.4204,2564.4082,2569.5715,2571.5037,2573.69,2573.8833,2574.463,2572.3376
2427.6123046875,2418.043,2408.108,2397.4202,2389.2163,2376.742,2369.2388,2360.3252,2349.53,2352.132,2340.7778,2340.3909,2338.1758,2342.5627
4662.1083984375,4674.3296,4677.922,4667.8486,4662.1455,4671.978,4668.978,4662.9976,4643.573,4630.8247,4616.3535,4606.688,4591.486,4571.3394
4641.33203125,4653.293,4656.3677,4644.632,4638.3325,4645.869,4641.8755,4634.208,4613.2197,4599.032,4583.082,4572.9023,4556.779,4535.819
4537.8427734375,4548.3965,4547.9326,4543.9893,4535.7554,4521.7803,4527.4053,4517.0835,4503.863,4505.1963,4494.1206,4492.729,4482.8135,4469.824
3194.55029296875,3202.7244,3206.034,3206.1843,3206.2346,3204.1284,3214.1077,3210.3967,3207.2876,3215.562,3219.7742,3221.1785,3224.3376,3223.7358
3195.595458984375,3202.5,3206.029,3205.671,3205.6199,3203.8809,3212.6265,3206.8472,3205.1594,3216.2578,3222.4463,3220.7073,3229.2485,3229.862
3219.81494140625,3224.8733,3228.667,3228.5615,3228.0874,3227.455,3233.725,3227.824,3226.8755,3239.6265,3246.5815,3243.315,3254.0637,3256.2766
4429.11962890625,4417.574,4402.8057,4382.8384,4369.5044,4346.7114,4332.4946,4314.3706,4296.71,4295.1646,4277.0625,4267.349,4264.259,4268.497
3359.365234375,3370.3296,3369.6255,3369.726,3364.596,3358.8623,3369.525,3364.9983,3356.4482,3357.7559,3359.667,3357.7559,3358.3594,3350.1108
4112.2890625,4122.7197,4121.333,4116.751,4113.0728,4102.823,4111.385,4109.636,4098.904,4103.848,4100.411,4100.2305,4104.873,4095.8591
4767.61083984375,4785.63,4789.0537,4793.5586,4788.6934,4777.3413,4807.6133,4797.5225,4776.801,4788.6934,4795.901,4797.5225,4796.261,4786.171
4707.861328125,4729.379,4737.348,4737.5254,4730.087,4721.5864,4745.3174,4736.994,4722.649,4733.806,4734.16,4732.2124,4728.6704,4714.9453
2831.189697265625,2836.735,2838.8455,2839.3115,2837.8638,2835.631,2841.1519,2838.6,2836.5144,2838.6,2837.6184,2837.324,2835.042,2829.8892
2687.611083984375,2688.061,2690.2463,2686.9683,2684.7827,2692.239,2689.1536,2694.2314,2700.627,2703.1338,2695.003,2697.574,2697.4453,2705.8335
6684.05029296875,6699.6196,6703.936,6706.711,6704.8613,6697.4614,6720.893,6710.1025,6697.9243,6706.711,6711.0273,6711.798,6706.865,6697.1533
6524.64990234375,6542.6523,6551.729,6552.629,6548.7285,6543.5527,6563.2803,6554.129,6546.853,6554.8794,6553.679,6552.329,6544.528,6531.176
4262.25537109375,4273.1924,4300.0796,4282.7627,4275.623,4296.2817,4297.649,4302.358,4334.4097,4355.98,4339.726,4335.473,4354.7646,4370.5625
4887.734375,4895.6133,4912.1045,4897.8125,4883.8867,4901.8433,4897.446,4904.0425,4942.1553,4953.6987,4927.6797,4929.8784,4932.2603,4948.0186
4870.77001953125,4873.3823,4881.406,4871.143,4856.215,4871.889,4864.9854,4875.6216,4907.903,4914.434,4888.31,4894.0947,4894.2812,4911.448
4991.97021484375,4985.684,4984.277,4975.739,4961.8525,4975.551,4968.4204,4981.5557,4999.101,4998.4443,4976.302,4983.9014,4984.089,5003.2295
3975.5244140625,3994.1592,4009.9058,4014.7507,4027.9817,4054.6294,4067.371,4081.1143,4094.1472,4103.4297,4112.3394,4107.841,4115.9487,4117.968
4302.13916015625,4322.424,4325.085,4317.2236,4306.579,4340.061,4339.6904,4345.718,4335.4785,4327.906,4313.0874,4303.629,4296.4824,4292.559
4432.60498046875,4442.408,4461.6143,4447.0093,4454.0117,4474.618,4467.816,4482.0205,4504.2275,4517.832,4499.226,4501.8267,4506.428,4519.032
5006.67578125,5007.9277,5006.483,5004.461,5005.472,5015.006,5011.539,5014.091,5012.6465,5010.72,5003.3535,5002.053,4998.0566,5000.512
5029.86181640625,5034.563,5033.0415,5030.4526,5031.3154,5040.763,5038.265,5037.22,5035.29,5028.6357,5024.366,5020.551,5015.554,5012.4204
4899.6787109375,4911.3706,4909.7905,4912.4766,4913.5825,4903.9443,4911.6865,4908.3687,4907.7363,4907.2627,4901.5747,4896.8345,4901.4165,4904.1025
4835.3564453125,4844.993,4841.1045,4843.8096,4845.162,4831.1294,4840.7666,4838.5684,4835.6943,4839.583,4833.6655,4828.9316,4833.6655,4839.752
2010.925048828125,2015.1555,2013.7283,2013.8303,2011.2817,2009.294,2013.7793,2013.0657,2008.453,2011.2308,2012.556,2012.3522,2015.1555,2013.5754
4176.3759765625,4208.999,4216.0425,4218.6377,4225.681,4210.1113,4221.2324,4206.7744,4211.965,4215.672,4217.896,4194.541,4213.0767,4217.5254
1904.485595703125,1906.4893,1904.2748,1905.013,1902.0602,1898.3341,1902.1656,1900.9705,1896.1195,1897.2092,1897.7014,1898.4747,1898.4747,1898.3341
1911.5238037109375,1913.8772,1912.0507,1912.683,1909.908,1906.0793,1910.189,1908.9244,1904.1825,1905.0958,1905.5173,1906.0793,1905.9388,1905.2363
4953.5439453125,4957.75,4968.013,4964.0312,4971.5464,4980.968,4982.8745,4989.941,4996.2783,5002.475,5003.3726,5002.7837,5010.803,5013.8877
4524.29296875,4520.762,4523.5083,4520.3047,4520.8276,4528.02,4527.2354,4538.417,4544.04,4556.594,4549.794,4554.5674,4562.9043,4577.0933
1644.9788818359375,1646.152,1649.2465,1647.1431,1646.6172,1649.206,1648.9026,1649.7926,1653.4534,1656.3456,1653.878,1653.5343,1655.0309,1657.3164
5494.42431640625,5498.886,5504.4067,5501.155,5496.3906,5502.3647,5501.76,5504.4067,5520.213,5523.0107,5515.6753,5515.9775,5520.8936,5523.0864
5176.30908203125,5185.589,5205.676,5192.637,5183.4746,5198.628,5201.3296,5199.685,5228.8174,5243.266,5229.7573,5225.176,5237.275,5245.2627
1680.83154296875,1680.9945,1680.1975,1677.7517,1676.8097,1675.759,1674.398,1672.4143,1669.2542,1667.6451,1664.8258,1663.9471,1662.3258,1660.7678
1548.007080078125,1550.1082,1552.2617,1550.3708,1549.7405,1556.4114,1554.4154,1557.8821,1561.9266,1564.0802,1558.67,1559.7731,1559.6942,1565.5247
5147.73779296875,5151.028,5145.052,5144.0312,5150.732,5145.1157,5151.9263,5163.189,5167.189,5172.357,5179.695,5186.2036,5205.7607,5207.3276
4085.8505859375,4090.9258,4103.14,4094.0222,4089.8074,4099.3555,4099.699,4102.194,4120.6016,4130.407,4120.1714,4118.795,4125.3325,4133.0737
4168.6953125,4172.428,4175.3613,4177.567,4181.13,4192.1587,4195.831,4203.042,4207.86,4213.283,4214.307,4215.98,4218.821,4222.2817
1618.3907470703125,1621.3273,1622.9291,1622.9447,1624.1068,1628.865,1629.0063,1629.603,1630.3568,1628.7236,1628.0798,1626.6036,1625.4102,1623.0232
4848.91015625,4859.7637,4879.757,4865.1904,4862.049,4878.9,4876.758,4882.47,4909.7466,4921.742,4906.319,4904.748,4910.746,4922.3135
5784.2646484375,5783.5547,5780.447,5782.88,5788.278,5790.764,5796.8457,5804.8057,5805.247,5811.318,5816.414,5820.3384,5827.557,5828.267
6081.6591796875,6118.783,6151.336,6185.002,6216.3228,6265.6094,6306.9463,6343.2754,6366.329,6395.2646,6421.657,6440.418,6444.5513,6450.752
6128.6357421875,6133.1606,6126.6113,6130.541,6125.3013,6110.7734,6123.8726,6119.109,6103.152,6111.0117,6110.535,6115.4175,6110.1777,6112.083
5111.791015625,5130.75,5130.396,5131.2817,5121.3594,5111.437,5130.9272,5125.2573,5107.3613,5117.461,5119.942,5118.347,5121.8906,5113.563
5020.1748046875,5045.8687,5042.1216,5058.448,5050.6865,5029.542,5078.7896,5063.2656,5033.0215,5050.419,5069.6895,5075.31,5089.2275,5082.5366
5106.57861328125,5121.925,5124.4185,5131.324,5130.9404,5116.7456,5153.1924,5135.5444,5119.8145,5153.768,5171.416,5172.3755,5199.9985,5201.9165
4612.06005859375,4630.409,4669.0386,4638.779,4620.7515,4656.8057,4650.6895,4664.8535,4729.236,4756.5986,4715.716,4716.3594,4728.5923,4759.174
4288.33837890625,4289.4565,4265.5547,4264.1567,4248.362,4225.8574,4226.9756,4218.17,4196.924,4211.321,4202.095,4207.4067,4185.462,4189.6553
4326.130859375,4333.925,4321.974,4323.0137,4325.871,4305.607,4317.8174,4311.4526,4296.904,4310.4136,4313.531,4312.7515,4304.0483,4313.401
4240.0712890625,4245.728,4232.394,4235.6265,4239.263,4217.309,4229.2964,4224.0435,4204.783,4221.215,4224.178,4229.027,4217.1743,4229.835
4676.6689453125,4689.834,4686.5425,4690.263,4681.6772,4675.667,4692.5527,4683.8237,4671.231,4669.5137,4675.381,4673.8066,4672.662,4662.502
4205.05615234375,4226.7837,4235.4746,4238.3716,4239.0957,4233.302,4238.13,4230.163,4234.509,4232.5776,4234.2676,4217.127,4229.922,4230.646
3898.46728515625,3904.7168,3906.3372,3907.4944,3908.9412,3905.3535,3911.8345,3908.5361,3905.4114,3909.462,3909.2883,3910.214,3906.1057,3904.7747
3909.424072265625,3916.005,3919.6672,3920.211,3918.6946,3917.464,3921.4126,3918.4084,3917.0635,3918.5227,3914.4885,3914.145,3908.9375,3902.2566
6415.33935546875,6450.7734,6446.685,6462.698,6446.0034,6427.2646,6478.371,6459.2915,6422.154,6418.406,6438.167,6437.8267,6436.804,6413.295
6369.3525390625,6404.2,6403.5366,6411.17,6393.58,6379.9727,6421.79,6403.2046,6370.348,6370.68,6384.619,6379.641,6377.9814,6353.4224
4734.94580078125,4735.073,4730.9604,4729.7734,4728.756,4721.845,4724.686,4723.117,4717.521,4723.499,4717.818,4717.097,4718.496,4720.9126
3830.6650390625,3824.439,3810.7815,3774.7305,3741.6917,3723.415,3695.498,3661.656,3622.9185,3607.6545,3558.5486,3555.8872,3526.4387,3496.6638
6381.59033203125,6394.8193,6389.0273,6393.2397,6393.7666,6385.8022,6405.416,6425.0957,6418.5796,6446.881,6454.121,6463.862,6496.5073,6491.7686
3471.442138671875,3477.3318,3467.761,3468.252,3458.5586,3447.5154,3457.577,3454.1414,3439.1719,3443.5889,3444.9387,3447.0247,3451.0737,3452.178
4928.4697265625,4936.4644,4928.8096,4935.954,4931.616,4921.8354,4931.4463,4927.0234,4919.709,4914.2656,4916.222,4919.2837,4910.6934,4904.91
5118.892578125,5113.619,5104.7974,5093.12,5092.792,5082.184,5077.3174,5074.5317,5064.99,5063.046,5051.94,5048.635,5052.11,5059.085
4505.86181640625,4492.553,4474.932,4450.958,4432.1543,4403.091,4388.4956,4366.6543,4344.535,4347.178,4325.708,4317.176,4314.301,4316.8047
4636.83203125,4620.9253,4597.3984,4583.3965,4557.441,4527.6274,4516.769,4511.173,4483.4077,4500.8384,4480.3477,4492.742,4489.2896,4496.838
4546.8740234375,4543.784,4528.062,4524.245,4504.4336,4484.8037,4481.714,4475.989,4458.3125,4466.6733,4453.4053,4460.3574,4451.7695,4452.042
4619.9677734375,4608.214,4583.0415,4576.2827,4553.9507,4526.0845,4519.522,4517.808,4494.3003,4509.678,4495.5737,4508.8945,4504.095,4514.086
4546.5361328125,4552.3086,4582.5137,4568.184,4575.6064,4592.4097,4602.1,4604.0586,4622.305,4636.0156,4633.954,4624.8823,4645.706,4650.7573
2476.197509765625,2473.6597,2467.5813,2462.6882,2462.944,2454.8604,2454.6775,2455.4556,2449.7688,2452.6252,2449.8577,2452.009,2458.8933,2463.957
2460.932861328125,2459.3599,2454.2725,2450.8247,2451.1567,2444.5193,2445.4246,2446.6748,2442.0088,2445.389,2443.5552,2445.7527,2452.0354,2455.8662
2473.59326171875,2472.3552,2467.7576,2465.3557,2465.4854,2460.4995,2461.842,2462.5198,2458.085,2461.6296,2459.6616,2461.9272,2466.5408,2469.4612
2811.703125,2830.6304,2833.006,2833.3228,2824.6116,2818.4346,2835.2234,2829.3633,2815.6628,2824.295,2825.7202,2823.186,2824.6116,2814.3958
2011.05517578125,2020.957,2021.3429,2022.6288,2024.3005,2017.485,2022.6288,2019.2853,2018.8995,2019.1567,2016.0704,2011.441,2015.8132,2018.1279
4073.0146484375,4110.2646,4116.9272,4121.7725,4107.842,4095.728,4135.0977,4112.3843,4089.6711,4091.1853,4099.059,4091.791,4081.4944,4048.787
2655.10986328125,2666.6875,2692.8633,2674.49,2652.593,2676.7551,2674.2383,2680.7822,2735.9023,2759.5613,2724.8281,2722.8145,2734.8958,2754.0242
3241.3369140625,3243.3835,3258.9895,3241.8486,3228.801,3258.2222,3246.7095,3269.223,3305.5515,3324.2275,3287.643,3297.6206,3301.4583,3339.066
4321.4853515625,4324.494,4332.4126,4338.9053,4368.678,4384.99,4405.1816,4436.6177,4451.187,4473.2,4496.757,4505.269,4537.299,4553.536
4439.11376953125,4443.945,4444.257,4455.166,4482.2046,4497.166,4518.2046,4553.192,4571.192,4588.822,4614.726,4627.9434,4659.0684,4672.6465
5670.69091796875,5683.012,5677.732,5704.134,5721.7354,5670.691,5732.2964,5690.933,5675.9717,5702.374,5713.815,5716.455,5758.6987,5793.022
4238.650390625,4245.8027,4245.0337,4248.341,4244.4185,4241.265,4251.494,4246.8027,4239.4194,4238.573,4241.9575,4241.6494,4240.1885,4234.8047
3369.14697265625,3377.8386,3377.5552,3378.6887,3375.5713,3373.54,3381.3813,3382.7512,3378.311,3387.2861,3388.3252,3388.9395,3396.2139,3392.2932
2187.328857421875,2188.7725,2191.2036,2189.1523,2190.5198,2194.4324,2192.951,2195.4958,2198.7627,2200.51,2197.0535,2197.813,2198.0789,2200.1301
2175.07958984375,2176.7878,2177.4106,2176.607,2177.5312,2181.9321,2180.5254,2182.1533,2183.58,2182.8967,2180.204,2180.003,2178.918,2179.8423
2989.417236328125,2991.5413,2987.2507,2991.2014,2990.4368,2984.532,2990.6917,2990.012,2985.764,2983.5547,2985.3816,2987.718,2986.4011,2987.5056
3006.011962890625,3007.1672,3003.1235,3007.0022,3008.24,3001.143,3007.8274,3006.5896,3003.371,3003.206,3004.1963,3006.342,3007.4973,3011.6235
2979.620361328125,2981.2178,2976.93,2981.0496,2981.8904,2974.87,2981.7222,2980.7134,2977.1821,2976.3416,2977.6025,2979.8726,2980.4612,2983.8242
1989.8858642578125,1992.1235,1991.7108,1991.9716,1990.6897,1989.5818,1991.9932,1990.516,1988.9083,1988.1914,1988.8214,1988.3,1987.822,1985.7365
2596.99169921875,2604.123,2615.3298,2607.6252,2606.4155,2613.738,2613.738,2613.5469,2627.3005,2631.5667,2625.0083,2622.5886,2623.9258,2625.263
6454.244140625,6452.529,6446.454,6438.974,6437.652,6432.806,6428.7666,6424.128,6411.3765,6411.7817,6400.3555,6400.9443,6397.6177,6397.4834
4365.35009765625,4420.748,4467.383,4486.0054,4524.8154,4612.4507,4650.087,4695.7827,4739.3657,4768.796,4789.463,4781.073,4799.273,4797.933
1199.6478271484375,1200.3441,1199.569,1200.6594,1200.3966,1199.1223,1201.1191,1200.5938,1199.28,1199.6478,1200.5149,1200.9878,1201.6052,1202.2227
1197.024169921875,1197.9592,1197.2388,1198.2197,1197.53,1196.5183,1198.603,1198.0511,1196.3037,1196.2577,1197.1467,1197.53,1197.622,1197.668
1966.977294921875,1968.5302,1965.4904,1959.3085,1958.0367,1960.1355,1955.331,1953.5594,1945.9718,1942.6403,1934.5468,1932.0245,1929.0883,1928.6178
4137.935546875,4148.5137,4149.1357,4134.9136,4126.9136,4129.4023,4124.9136,4118.4688,4094.6465,4087.7354,4065.0242,4056.5352,4043.3684,4028.5574
4173.3876953125,4185.1313,4188.057,4175.819,4168.32,4174.583,4171.616,4166.177,4143.8643,4135.417,4115.561,4106.589,4092.2852,4074.8037
6118.4287109375,6121.853,6118.227,6118.592,6125.658,6120.657,6130.1055,6142.5547,6144.504,6150.98,6158.698,6163.6836,6182.226,6180.456
1769.1357421875,1769.0405,1769.0087,1766.3088,1767.484,1772.7568,1770.2158,1773.2651,1774.9486,1773.9639,1768.8499,1769.3899,1768.4052,1771.2639
2102.302001953125,2103.5144,2102.111,2101.3618,2099.7134,2098.3918,2099.2502,2098.0376,2096.253,2097.6152,2096.28,2096.6753,2096.8796,2097.1792
2072.96826171875,2073.3813,2072.0232,2071.9392,2071.5122,2071.1133,2072.1982,2072.8145,2071.4563,2074.2356,2073.5984,2074.5156,2076.2307,2076.9587
2088.322021484375,2088.8008,2087.7563,2087.377,2086.662,2086.3015,2086.9294,2086.7368,2085.1824,2086.9355,2085.7358,2086.2954,2086.7988,2087.3086
2023.4580078125,2025.032,2023.9696,2023.6155,2022.1201,2019.5428,2021.4513,2020.5463,2018.8148,2018.441,2018.441,2018.3821,2018.7559,2017.5065
2198.88916015625,2212.671,2216.181,2215.7678,2214.8389,2211.1223,2214.8389,2211.3289,2213.3936,2212.4644,2211.5354,2199.7666,2205.8574,2200.7473
2163.942138671875,2176.7756,2179.2776,2178.8142,2177.4243,2174.0884,2177.7024,2174.4592,2176.2197,2175.2932,2173.903,2163.247,2168.714,2163.5251
2185.67333984375,2198.7808,2202.2354,2202.0322,2201.016,2197.4597,2201.2192,2197.155,2199.6953,2199.0854,2198.984,2186.9944,2193.497,2189.4329
2077.32763671875,2077.3755,2077.2798,2077.3755,2078.4282,2082.4,2084.7925,2094.8413,2098.5498,2104.938,2106.9717,2111.398,2123.1218,2129.6895
1687.6583251953125,1690.0273,1692.5444,1690.669,1690.3235,1696.5421,1694.7654,1698.0227,1702.2426,1704.4882,1699.4047,1700.4164,1700.3177,1705.4752
1680.780029296875,1683.3086,1685.7854,1683.9277,1683.8246,1690.2748,1688.4171,1691.6163,1695.7445,1697.6022,1692.5452,1693.3708,1693.0354,1697.8344
1760.46142578125,1763.1976,1769.5457,1764.4016,1763.143,1769.2173,1767.7944,1770.9138,1780.2716,1785.5798,1778.7941,1778.8488,1780.8735,1786.2366
1702.398681640625,1704.2769,1703.1337,1698.724,1695.7229,1692.6606,1691.2112,1688.0469,1683.2085,1680.0033,1674.0726,1671.1431,1668.4484,1664.7328
1403.8470458984375,1407.3464,1414.5511,1410.0225,1406.3584,1411.7104,1412.8632,1411.834,1422.497,1427.355,1422.7439,1421.056,1425.7494,1427.9725
1280.6201171875,1282.5356,1286.4213,1283.3018,1284.3964,1290.4163,1288.2272,1292.3865,1297.695,1301.2522,1295.7795,1296.9835,1297.8591,1302.6752
1574.6705322265625,1577.3561,1577.0364,1578.1554,1576.301,1575.214,1579.2424,1577.6758,1574.2549,1575.246,1576.365,1576.5249,1576.5249,1575.4698
1573.9881591796875,1577.2559,1577.656,1577.9895,1576.1222,1575.2886,1578.6897,1577.2559,1574.4216,1576.3223,1576.4557,1576.3556,1576.2222,1575.0885
1493.7066650390625,1497.3995,1494.3828,1498.5957,1497.5555,1491.7822,1500.2601,1498.2837,1492.6145,1492.0424,1495.3191,1497.4515,1498.0757,1498.1277
1521.37109375,1525.0054,1521.2539,1526.1191,1526.4708,1518.8506,1528.581,1526.1191,1520.7263,1520.7263,1524.1261,1526.588,1528.4639,1530.4568
2060.017822265625,2062.0044,2061.6223,2057.8596,2055.9497,2055.4626,2053.5334,2051.8145,2047.0109,2045.0006,2039.8817,2037.3271,2034.8955,2032.1392
2046.650146484375,2048.941,2048.6726,2045.2087,2043.3427,2044.4377,2042.7952,2041.7894,2036.7612,2035.2303,2030.0177,2027.7549,2025.2799,2022.9836
1959.553955078125,1956.1604,1952.2856,1947.4358,1944.3145,1938.974,1936.8245,1932.3024,1926.8654,1928.6255,1923.3262,1923.8896,1923.0222,1925.3649
1994.21826171875,1996.823,1998.2603,1999.7871,2000.7753,1997.811,2002.1226,1997.0027,1997.0027,2001.9429,2004.5477,2002.7513,2007.7814,2010.8353
4471.8017578125,4485.5464,4510.845,4492.718,4490.5264,4515.626,4510.0483,4521.0044,4553.8726,4571.203,4548.8926,4549.49,4555.8647,4575.187
9485.091796875,9443.948,9392.686,9331.137,9295.103,9220.888,9191.562,9139.3,9079.249,9087.1045,9030.116,9023.592,9022.926,9053.684
2269.5390625,2278.8655,2277.5728,2283.0208,2281.2664,2272.771,2290.2231,2284.5906,2274.2485,2279.6042,2286.0679,2288.2842,2291.7007,2289.023
2285.91162109375,2295.777,2293.4558,2299.4526,2296.3574,2288.0393,2304.4822,2299.356,2288.233,2288.3296,2294.5198,2296.551,2296.6477,2291.5215
2426.690185546875,2432.6047,2427.407,2433.3218,2430.6333,2420.0586,2433.501,2431.2605,2418.0872,2418.8936,2422.8367,2427.1382,2424.0913,2423.4639
2143.802490234375,2148.4194,2157.8093,2152.2065,2153.5034,2159.1582,2159.5732,2160.7664,2169.845,2175.1365,2170.8306,2168.9111,2172.2314,2172.802
2447.7041015625,2444.7314,2440.0679,2433.7063,2430.042,2423.9238,2418.3848,2409.4246,2402.8196,2396.1357,2389.7412,2384.1626,2377.3733,2371.321
2416.478271484375,2415.046,2412.7258,2409.873,2409.1035,2406.9375,2403.3389,2399.1484,2396.3076,2389.087,2385.086,2380.8718,2374.9534,2367.851
2663.33642578125,2668.3284,2666.8762,2670.688,2674.5,2663.4272,2675.4077,2667.2393,2661.975,2673.2295,2677.223,2677.4045,2685.0283,2692.6523
2402.7041015625,2406.8962,2414.4133,2409.4502,2406.0771,2411.5222,2411.6667,2411.3777,2422.7498,2427.0864,2421.1594,2419.7139,2421.834,2423.8098
2403.625244140625,2402.6436,2402.7417,2399.8955,2399.8955,2405.4246,2402.5127,2405.8499,2410.2012,2410.5938,2403.9197,2406.177,2405.5881,2409.6777
2351.644775390625,2349.771,2345.8179,2345.0496,2347.3167,2346.9607,2347.5227,2353.6682,2354.2114,2356.3381,2358.9893,2362.8206,2370.93,2374.7063
2350.02099609375,2347.6348,2343.3108,2341.8982,2342.3115,2340.916,2340.537,2345.0679,2344.5684,2345.9724,2346.4978,2349.728,2356.408,2360.8247
5051.8203125,5066.9546,5059.941,5070.6455,5061.971,5049.2363,5075.998,5065.847,5048.498,5040.008,5050.159,5052.5586,5048.498,5037.055
4689.2744140625,4690.3486,4688.2227,4691.6416,4699.5093,4702.402,4710.226,4722.512,4726.121,4733.807,4742.617,4747.055,4760.347,4760.15
5178.63037109375,5179.7397,5179.894,5179.5547,5178.0137,5178.7227,5176.5034,5174.654,5177.613,5171.941,5166.084,5161.5835,5154.4937,5147.404
6076.89990234375,6077.3003,6062.806,6061.5137,6082.1313,6072.3457,6087.9785,6121.3438,6132.139,6145.5776,6166.634,6184.1436,6233.349,6244.058
6085.3603515625,6089.989,6089.1104,6091.397,6089.2935,6087.885,6094.141,6097.6533,6094.4883,6104.2383,6104.0557,6107.4214,6113.604,6113.6406
688.180908203125,689.8805,693.7946,691.21954,688.85046,692.1208,692.40405,692.4298,698.8161,701.7002,698.40405,697.786,699.6916,701.77747
6662.3359375,6672.5273,6683.104,6676.3735,6686.1807,6706.179,6699.4487,6710.4097,6721.9478,6724.063,6711.756,6712.1406,6710.4097,6712.8135
7471.29931640625,7477.2593,7464.677,7461.697,7452.839,7435.455,7446.3823,7445.3887,7426.1836,7438.518,7436.4487,7441.25,7452.094,7455.654
7533.08642578125,7531.0215,7514.1577,7500.6494,7489.206,7458.576,7463.7383,7458.576,7431.947,7449.4556,7434.0547,7445.67,7452.209,7462.964
6614.158203125,6617.6987,6618.1074,6620.082,6623.7593,6628.923,6636.6406,6641.157,6639.12,6641.915,6646.3228,6646.87,6649.998,6641.7334
7444.6328125,7449.1304,7449.757,7447.878,7450.839,7461.998,7459.1514,7460.6885,7461.5996,7457.386,7449.586,7446.91,7440.3057,7437.8574
3531.310791015625,3611.1091,3617.3926,3615.5076,3602.3125,3575.9224,3602.941,3585.9758,3592.2593,3588.4893,3572.1523,3512.4607,3544.5059,3514.0315
950.0752563476562,952.2792,952.41693,952.91284,952.9955,951.7007,952.94037,952.08636,952.3894,952.08636,951.12213,950.3232,951.2048,951.37006
8262.2255859375,8260.251,8254.414,8243.578,8240.701,8233.31,8227.514,8219.324,8205.145,8203.485,8189.464,8188.8965,8183.248,8180.14
8216.6689453125,8200.58,8184.341,8160.407,8143.244,8122.858,8107.706,8086.989,8062.5244,8063.7983,8037.4414,8036.0425,8025.6494,8023.9507
8287.3154296875,8284.974,8277.855,8262.587,8246.617,8236.595,8228.586,8213.693,8197.067,8196.224,8173.3574,8173.1934,8158.2095,8145.913
6560.642578125,6563.23,6566.9937,6572.6387,6594.866,6606.627,6619.9165,6644.3203,6655.728,6670.7817,6689.011,6695.097,6718.979,6727.05
6468.40478515625,6468.881,6466.977,6471.7363,6490.0005,6500.174,6509.693,6535.7505,6546.043,6558.2983,6575.6553,6585.6797,6610.001,6616.824
7149.6240234375,7139.901,7114.3613,7123.1772,7103.99,7083.636,7086.359,7087.9146,7069.635,7072.6167,7072.3574,7080.0063,7073.524,7087.1367
7345.74462890625,7379.4155,7377.358,7375.6743,7353.788,7329.283,7366.6953,7361.832,7323.8584,7360.3354,7353.975,7358.091,7371.559,7365.199
7381.50439453125,7414.871,7412.6953,7410.1562,7388.5767,7363.37,7400.9077,7392.5664,7354.4844,7384.406,7380.235,7381.5044,7390.39,7380.9604
7371.5380859375,7371.096,7370.6543,7375.692,7384.309,7393.898,7400.3057,7412.502,7413.3857,7422.8423,7429.6475,7434.155,7443.1035,7442.927
7428.326171875,7426.04,7425.375,7429.3237,7436.8057,7444.3706,7450.4395,7459.875,7459.376,7467.2114,7471.9707,7476.5635,7482.1333,7481.614
7354.2685546875,7353.308,7352.8853,7358.342,7366.334,7374.48,7381.5117,7391.4253,7392.2515,7400.6855,7407.054,7411.656,7417.4385,7416.795
3152.07177734375,3154.62,3163.4648,3152.5215,3148.324,3163.6147,3157.6184,3168.4119,3188.9495,3192.2476,3173.6587,3178.156,3176.9568,3191.498
4616.265625,4614.285,4614.6978,4612.552,4605.95,4611.809,4607.848,4614.0376,4625.8384,4629.387,4618.8237,4621.2993,4622.29,4629.8
4694.60791015625,4689.88,4686.9434,4685.188,4679.9233,4683.648,4679.4937,4685.2954,4690.202,4691.062,4683.2183,4685.6895,4686.2627,4692.2437
5717.2001953125,5723.547,5722.575,5729.116,5735.9917,5740.234,5758.3403,5773.4355,5772.9175,5787.0137,5796.9873,5803.7227,5819.05,5810.285
5397.32421875,5403.385,5412.6997,5406.511,5407.277,5412.9546,5411.7427,5413.0825,5423.8643,5426.9907,5420.9297,5419.0796,5418.697,5418.697
5153.6923828125,5166.7026,5191.6875,5174.686,5168.6245,5185.774,5185.626,5186.661,5218.1514,5233.083,5216.377,5210.7593,5218.0034,5225.543
5197.64453125,5208.8926,5230.677,5215.442,5208.038,5224.1274,5223.7,5225.4087,5256.021,5270.1167,5253.1733,5248.902,5255.5938,5264.8486
5122.52392578125,5133.85,5154.2964,5139.2925,5133.997,5149.7363,5147.6772,5151.3545,5180.921,5193.865,5176.508,5173.8604,5179.156,5188.717
5149.814453125,5161.006,5181.0923,5167.0317,5156.271,5171.7666,5171.623,5171.7666,5205.1963,5218.396,5199.744,5196.014,5201.8965,5210.3613
4746.87109375,4762.6826,4802.5713,4770.5884,4757.6514,4799.337,4789.9937,4811.555,4875.1616,4911.097,4865.459,4867.256,4882.3486,4922.956
4293.19287109375,4291.3315,4288.764,4285.452,4286.6846,4287.378,4284.862,4284.1943,4283.501,4279.0083,4275.26,4275.029,4273.591,4272.795
4296.787109375,4295.159,4294.856,4291.738,4290.248,4292.6484,4289.9995,4293.173,4296.3735,4294.6353,4289.641,4291.0205,4290.7725,4292.29
4721.1083984375,4717.2695,4704.1475,4686.0396,4674.207,4652.518,4642.777,4626.69,4601.591,4602.379,4582.5234,4582.0366,4578.14,4578.14
3582.760498046875,3585.5732,3596.623,3605.463,3632.8865,3643.2332,3667.6934,3691.9526,3701.8223,3720.1296,3743.2056,3743.6294,3767.7444,3792.4558
3463.03369140625,3464.4607,3481.383,3487.9072,3516.8586,3529.7034,3553.2517,3574.6084,3582.2031,3599.839,3623.311,3620.189,3645.356,3669.8474
3515.798828125,3523.3362,3543.4714,3553.3774,3587.1335,3602.1543,3631.2803,3656.1265,3667.513,3685.182,3710.5159,3706.478,3729.211,3750.9612
8262.1298828125,8267.038,8260.494,8268.578,8267.038,8255.489,8272.235,8266.558,8255.585,8262.13,8267.327,8271.081,8270.792,8270.984
6831.4365234375,6829.4077,6825.7617,6829.8735,6841.1406,6842.9775,6852.9424,6875.751,6884.88,6899.3403,6910.9365,6920.751,6940.5435,6948.7676
9780.3798828125,9788.639,9791.05,9779.234,9772.242,9772.242,9768.414,9760.155,9742.795,9734.265,9716.58,9708.539,9695.783,9680.072
5175.65478515625,5177.695,5182.146,5185.1133,5201.526,5210.9844,5221.416,5240.518,5250.44,5260.9644,5274.5024,5279.0,5298.409,5303.4976
2276.288818359375,2275.643,2274.0942,2273.0046,2271.09,2270.0317,2267.6345,2266.2803,2265.5488,2261.5486,2258.9646,2256.6765,2254.653,2250.9485
2364.708251953125,2364.4475,2360.2737,2362.1865,2364.5344,2356.8823,2361.6648,2359.8389,2356.5344,2361.8389,2362.0127,2363.7517,2365.491,2373.23
2238.3916015625,2241.0222,2246.224,2243.0024,2241.702,2244.835,2244.983,2244.983,2251.2192,2254.4707,2251.3376,2249.8892,2251.84,2252.4607
5724.37255859375,5751.877,5778.6377,5763.0273,5770.8325,5819.1514,5808.744,5829.1865,5862.8237,5873.231,5842.567,5843.682,5840.337,5862.0806
5605.82666015625,5612.335,5616.841,5627.8545,5635.364,5613.837,5644.375,5617.3413,5609.8315,5635.364,5646.8784,5643.374,5672.911,5690.433
5622.62109375,5636.9595,5632.6064,5647.201,5651.81,5622.621,5667.4287,5647.201,5623.645,5650.7856,5667.4287,5671.5254,5699.69,5710.444
2029.7706298828125,2033.7401,2032.8632,2034.5709,2032.4016,2028.2014,2035.171,2033.2786,2026.6782,2027.8322,2029.6322,2030.4169,2029.3091,2027.3243
2023.7027587890625,2025.0707,2025.7285,2024.1365,2023.4358,2023.3739,2022.8829,2020.6783,2018.326,2016.5973,2014.1721,2013.2021,2010.1753,2006.0142
6918.56640625,6930.4146,6923.7915,6910.2505,6905.6875,6936.449,6923.718,6926.2935,6915.328,6901.125,6879.195,6871.3203,6861.9004,6866.758
4026.8876953125,4020.852,4012.012,3993.144,3987.0369,3974.2522,3959.8992,3944.5017,3926.4878,3918.551,3899.0889,3895.049,3886.4944,3880.601
2821.60498046875,2827.977,2839.6228,2843.2852,2857.0916,2865.185,2875.8877,2884.0247,2890.271,2893.741,2902.3562,2899.3257,2904.7366,2907.2817
3527.378173828125,3519.792,3498.2405,3456.2725,3442.35,3407.8389,3384.276,3339.4487,3298.6445,3274.2769,3233.7024,3214.852,3186.1167,3167.9558
5767.35400390625,5784.7627,5779.682,5779.818,5779.411,5765.5933,5786.388,5802.306,5791.401,5815.3115,5821.0015,5827.9106,5857.9854,5847.9604
4508.14599609375,4492.4497,4469.389,4452.2407,4430.4556,4402.8877,4387.848,4372.4805,4356.162,4362.869,4344.753,4337.8384,4339.7744,4344.0615
5268.5302734375,5264.0835,5247.5786,5230.4707,5221.803,5193.541,5193.466,5186.8525,5159.542,5175.1143,5156.334,5166.7583,5172.797,5186.1367
6334.052734375,6334.763,6328.012,6328.4565,6320.1953,6310.0684,6315.2207,6310.7793,6300.2085,6299.409,6296.122,6295.9443,6291.148,6289.9043
5720.6552734375,5701.7593,5676.5254,5645.2065,5623.5415,5584.2583,5564.974,5538.0356,5511.5454,5515.073,5488.344,5477.461,5477.342,5485.235
4202.38720703125,4226.8193,4225.9146,4228.8555,4215.0557,4206.459,4231.7964,4222.9736,4199.6724,4209.6265,4216.413,4213.472,4217.9966,4206.233
5619.0693359375,5631.155,5631.155,5633.868,5641.0205,5625.9756,5641.267,5627.702,5632.635,5633.128,5627.9487,5625.729,5633.6216,5640.281
5107.689453125,5131.4043,5149.19,5147.1455,5144.6924,5143.466,5163.296,5134.4707,5146.328,5177.4023,5201.5254,5176.789,5209.703,5218.698
3943.35693359375,3951.5579,3966.0852,3956.3223,3953.7449,3963.5078,3964.2888,3964.2107,3981.628,3988.9697,3981.0813,3977.6445,3982.487,3985.6113
3950.55712890625,3957.5688,3968.6099,3960.2283,3958.697,3968.0457,3966.7563,3969.0935,3985.212,3989.725,3980.8599,3980.3765,3981.9077,3986.8237
5283.7900390625,5280.292,5275.8447,5271.931,5265.5864,5261.673,5256.494,5247.4814,5241.552,5233.5664,5225.463,5216.1333,5206.172,5195.9727
5145.49462890625,5149.48,5154.2954,5151.7217,5149.812,5153.797,5150.559,5153.548,5165.7524,5167.4126,5158.7783,5157.118,5156.6196,5155.2085
7426.32763671875,7458.148,7446.444,7449.004,7427.425,7412.4287,7448.638,7438.763,7404.0166,7416.0864,7429.985,7425.5957,7443.884,7429.2534
4405.8359375,4402.682,4393.8354,4383.852,4381.323,4368.58,4363.5986,4356.5747,4342.209,4340.6113,4329.983,4330.3926,4329.2456,4330.3926
4394.69873046875,4390.5815,4382.5864,4372.829,4372.772,4360.109,4359.132,4356.3037,4342.6533,4343.9214,4335.708,4337.808,4340.407,4343.589
6878.83154296875,6862.3335,6840.04,6812.213,6788.275,6760.1763,6741.704,6715.417,6693.1235,6690.9307,6664.1997,6655.0107,6649.4243,6644.517
1911.151123046875,1913.6847,1913.6847,1914.3362,1913.3469,1911.7302,1915.036,1913.2263,1910.8857,1910.3308,1911.0063,1910.6686,1909.2208,1906.5907
1109.0198974609375,1108.2264,1106.547,1102.5593,1100.6942,1098.2471,1095.6376,1091.9705,1087.9689,1085.6401,1081.5597,1080.4469,1078.1697,1076.1708
4358.65869140625,4372.0957,4400.0317,4383.4116,4362.725,4383.765,4387.832,4382.174,4429.7354,4448.477,4425.4917,4417.889,4431.3267,4438.222
869.9520874023438,868.23535,865.82166,862.69946,860.75336,857.1046,855.20844,854.3834,852.2823,850.86786,848.2748,847.7623,849.51495,851.31885
2918.374267578125,2922.1284,2919.9685,2922.4885,2918.9915,2916.78,2922.6428,2918.9915,2915.5457,2912.0486,2914.2085,2914.3115,2912.1,2908.963
5391.13818359375,5406.164,5437.562,5416.2563,5398.9873,5425.4517,5427.9185,5431.058,5483.9863,5508.2075,5482.6406,5479.0522,5500.5825,5520.5425
5272.212890625,5288.5117,5323.027,5299.5376,5281.8003,5310.323,5313.4395,5317.514,5373.122,5401.885,5374.8,5371.2046,5397.5703,5420.5806
5296.23291015625,5313.17,5349.463,5325.0254,5307.6045,5336.639,5340.2686,5342.93,5399.7896,5428.3403,5401.4834,5396.644,5422.7754,5444.309
5952.24169921875,5969.8525,5972.2505,5965.581,5959.286,5958.312,5960.3354,5955.989,5948.9443,5940.7764,5929.086,5916.571,5910.276,5899.4473
9397.4453125,9416.77,9416.77,9426.267,9422.01,9406.288,9426.267,9413.821,9419.39,9414.804,9401.048,9396.79,9409.563,9412.184
1270.49072265625,1269.8043,1267.9634,1266.4921,1267.0306,1264.47,1264.7374,1265.8427,1264.7295,1265.4467,1265.4855,1266.478,1269.294,1270.9271
1297.4635009765625,1297.1796,1295.3339,1295.1761,1293.788,1292.1158,1293.0308,1293.4094,1291.6348,1292.5654,1292.9677,1293.4725,1295.2866,1296.3593
4436.462890625,4445.8193,4437.519,4445.6685,4435.708,4426.955,4446.574,4440.3867,4424.6914,4420.9185,4429.3696,4431.3315,4431.03,4428.011
3990.342041015625,4000.8,3997.229,4002.203,3995.4434,3988.0464,4004.881,3997.739,3985.4958,3980.7769,3986.8987,3986.516,3984.0928,3974.7827
4031.474365234375,4042.421,4039.2754,4045.315,4039.2754,4031.6,4049.593,4042.6726,4030.0903,4025.8123,4032.6067,4033.11,4031.097,4022.289
4026.476806640625,4036.3762,4031.2996,4038.9146,4032.8228,4023.8115,4042.4683,4036.2493,4023.8115,4017.9736,4025.3347,4026.8577,4025.4614,4018.2273
2374.337890625,2376.5776,2378.624,2382.3503,2391.135,2396.2708,2403.0186,2412.8264,2418.6934,2423.8267,2431.0427,2432.7705,2439.4219,2442.6074
2387.434814453125,2393.0728,2400.8848,2405.841,2417.2734,2424.7998,2434.14,2443.556,2450.2073,2455.0713,2462.6252,2462.57,2467.0105,2468.558
5680.86962890625,5682.943,5673.1416,5682.943,5683.8853,5668.147,5684.639,5681.435,5673.707,5672.953,5675.7803,5681.2466,5683.8853,5693.309
5382.24658203125,5391.4355,5388.883,5390.6895,5391.0034,5384.6416,5398.072,5406.7505,5402.077,5414.801,5417.942,5422.144,5437.6943,5430.7046
4806.11083984375,4814.444,4802.4443,4804.444,4792.278,4779.2783,4794.1113,4788.778,4770.612,4774.2783,4778.112,4779.612,4785.7783,4784.2783
2037.5927734375,2035.2837,2031.853,2029.9492,2029.2708,2027.4045,2025.9908,2028.1398,2026.8391,2025.5951,2024.2567,2025.1804,2029.2141,2030.0059
2029.982177734375,2027.317,2023.3865,2021.1432,2020.3763,2017.6729,2016.0431,2018.1139,2016.4266,2015.3912,2013.7806,2014.8735,2019.4368,2020.9324
2034.93994140625,2032.5723,2029.3297,2027.0857,2026.2489,2024.0238,2022.5024,2024.0619,2022.6165,2020.9049,2019.3074,2019.8779,2023.4343,2023.7576
5104.97314453125,5108.5127,5114.6855,5114.0273,5121.9287,5135.921,5134.4395,5147.156,5152.9995,5161.1484,5158.9673,5162.5063,5169.7495,5175.4287
5269.43310546875,5258.923,5243.4443,5220.567,5207.2656,5181.1006,5168.7075,5146.732,5123.2793,5122.129,5100.6895,5094.258,5089.9175,5092.532
7028.57080078125,7035.0605,7048.434,7059.4473,7098.781,7121.0044,7159.2563,7205.3745,7228.5815,7257.344,7293.58,7299.824,7346.041,7384.342
7023.5693359375,7028.6016,7043.891,7050.0845,7088.9863,7115.1143,7146.274,7191.853,7212.9004,7242.27,7271.4224,7276.5024,7315.2983,7350.774
1660.648193359375,1661.5673,1671.1877,1667.5417,1672.1987,1677.8055,1681.237,1683.6575,1686.5068,1691.2251,1692.3894,1689.8464,1696.4949,1699.6354
1667.95751953125,1668.7926,1678.5457,1675.0858,1680.3054,1686.0021,1689.432,1691.9374,1694.4427,1699.0061,1700.4677,1697.7236,1704.0616,1706.895
1649.916259765625,1651.5098,1661.3699,1656.5228,1658.4484,1663.9594,1667.0137,1667.578,1673.0891,1677.903,1677.0066,1674.0851,1681.0568,1683.3807
2649.762939453125,2656.0627,2653.2908,2654.9707,2649.595,2646.2349,2654.6348,2651.6108,2642.4548,2645.815,2648.251,2648.419,2650.2668,2648.8389
2360.520751953125,2363.0508,2368.577,2364.7817,2363.5168,2367.445,2367.3784,2368.011,2374.8352,2378.6633,2374.9019,2373.77,2375.9004,2378.164
1187.623291015625,1196.2452,1200.5394,1200.0698,1198.56,1213.1034,1214.613,1216.4247,1220.2493,1215.8208,1214.6635,1210.973,1209.1279,1207.115
1177.8050537109375,1191.638,1199.1022,1199.8635,1196.0942,1214.221,1218.6633,1219.3434,1222.1888,1214.1328,1214.2349,1206.9192,1202.203,1192.362
4343.28564453125,4374.477,4367.654,4396.408,4403.7188,4348.6465,4439.2964,4397.8706,4354.9824,4404.206,4438.322,4443.1953,4492.9062,4504.603
4501.76611328125,4537.343,4520.0625,4554.623,4571.903,4499.2246,4590.199,4552.59,4510.4062,4537.343,4559.705,4572.9194,4600.3643,4620.694
8610.0869140625,8610.815,8606.649,8596.962,8588.524,8577.119,8579.723,8566.233,8552.224,8554.411,8539.464,8537.823,8527.12,8519.386
2041.30419921875,2044.2444,2045.1019,2043.5094,2042.1617,2041.0592,2042.223,2038.5477,2037.2308,2035.0563,2031.9935,2030.5847,2025.8988,2021.8407
11501.298828125,11494.072,11482.478,11467.867,11459.207,11440.162,11428.078,11413.422,11398.725,11396.274,11383.415,11375.494,11371.004,11370.596
5100.1064453125,5108.5903,5102.1543,5111.9546,5113.271,5094.109,5120.8774,5112.832,5094.9863,5112.247,5121.0234,5127.167,5136.09,5143.404
6264.88232421875,6285.0396,6325.782,6300.264,6282.4663,6311.415,6318.0625,6310.343,6365.453,6390.1133,6366.311,6354.3022,6373.816,6381.965
6188.33935546875,6208.069,6248.7866,6223.1807,6210.1675,6238.502,6243.1196,6239.342,6290.1343,6314.271,6292.443,6281.739,6301.6777,6311.5425
2030.44482421875,2031.535,2030.6768,2029.865,2029.1227,2027.151,2027.4758,2025.5273,2024.1124,2021.932,2020.1924,2018.5222,2016.3186,2013.9294
7900.5263671875,7904.6963,7902.8613,7912.6187,7932.717,7950.8135,7963.2393,7990.593,8003.394,8015.695,8038.7954,8046.8013,8074.2383,8072.633
6640.81982421875,6650.3975,6649.41,6653.162,6652.9644,6644.967,6659.481,6650.101,6643.288,6644.177,6646.744,6646.0527,6638.6475,6631.3413
1807.1759033203125,1811.9774,1812.2479,1813.33,1814.0739,1810.7601,1813.33,1811.3688,1811.8422,1811.5717,1809.7457,1807.6493,1810.0839,1811.504
8117.19384765625,8145.0825,8131.872,8145.0825,8123.7993,8102.149,8149.486,8131.872,8091.14,8087.1035,8103.9834,8104.3506,8103.2495,8084.902
2770.1923828125,2771.9895,2785.3972,2786.0884,2813.0422,2833.914,2850.9158,2880.2883,2892.5903,2915.6738,2931.086,2933.263,2958.1436,2981.5898
4057.90576171875,4071.156,4085.3337,4103.818,4137.54,4151.751,4190.5576,4228.4453,4248.064,4271.202,4302.5063,4310.5225,4340.932,4365.71
3025.055419921875,3045.8352,3077.5903,3094.2727,3139.2712,3165.9412,3206.1106,3245.5483,3265.5964,3290.181,3319.631,3320.3628,3342.606,3365.215
3138.17041015625,3158.6882,3191.2126,3205.0432,3252.994,3279.059,3319.3918,3357.359,3378.4375,3400.798,3431.5366,3428.117,3453.2324,3475.346
3081.5361328125,3087.942,3081.5361,3084.1565,3086.0493,3073.3103,3082.264,3079.4978,3070.326,3075.4214,3076.95,3077.8965,3071.709,3074.3296
2478.46826171875,2479.0532,2484.6353,2482.344,2484.3672,2488.0967,2490.6074,2492.5088,2495.702,2499.5044,2499.7727,2498.4077,2503.7703,2506.5002
2062.607666015625,2063.945,2067.3887,2065.5664,2064.6638,2066.9707,2067.6226,2067.3218,2071.3337,2073.5403,2071.9524,2070.9827,2073.5068,2074.2927
2116.385986328125,2117.7554,2120.008,2118.5063,2118.2854,2121.002,2120.229,2121.5762,2124.845,2126.7886,2124.381,2124.7346,2125.4412,2127.7603
2246.64892578125,2246.7222,2247.4912,2246.063,2247.8574,2250.7136,2248.9924,2251.5925,2252.7825,2253.6064,2250.9333,2252.0684,2252.2148,2253.2585
7463.89990234375,7467.6743,7471.7324,7469.2163,7467.5522,7470.596,7469.5005,7469.4194,7477.78,7478.1045,7473.072,7471.9355,7470.5557,7469.5815
3531.31591796875,3532.5488,3534.9614,3533.1921,3531.0479,3533.514,3533.085,3533.916,3539.438,3541.4482,3537.8027,3537.776,3538.58,3540.5369
3248.2421875,3249.805,3252.109,3250.8267,3248.8833,3250.7666,3250.6665,3250.506,3255.4148,3256.737,3254.1326,3253.5115,3254.2727,3254.5933
4765.79931640625,4767.76,4771.5376,4768.9004,4769.043,4771.4663,4770.2188,4771.68,4776.9194,4779.2007,4775.244,4774.745,4774.496,4774.852
4291.4560546875,4291.922,4292.776,4292.2715,4290.2725,4291.67,4291.223,4292.1353,4296.1533,4296.8516,4294.6006,4294.756,4295.6875,4296.5996
1968.0284423828125,1972.4718,1971.1149,1971.0084,1969.3588,1966.3522,1970.9286,1971.9929,1968.4541,1972.871,1973.8022,1974.1747,1979.3364,1977.4474
2223.6162109375,2225.228,2225.3296,2221.9827,2220.0876,2219.797,2218.4033,2215.7495,2210.8923,2207.8784,2203.563,2201.5408,2198.103,2194.1897
2985.822509765625,2989.191,2991.383,2992.987,2996.409,3015.8176,3020.6565,3037.445,3046.0132,3055.0493,3054.087,3059.674,3067.534,3079.8247
3584.354248046875,3588.913,3592.5286,3587.341,3587.8125,3604.9473,3598.5022,3608.2483,3616.187,3619.4094,3604.6328,3607.2266,3605.4973,3619.1736
4015.955810546875,4013.634,4010.8398,4008.2163,4004.799,4001.4822,3998.6274,3995.029,3991.6519,3988.1943,3984.013,3980.073,3977.4998,3973.5195
1506.0997314453125,1508.1105,1506.9149,1506.8063,1504.9314,1502.9342,1504.714,1504.4694,1503.7086,1504.3335,1503.763,1502.5402,1503.0972,1502.8391
15383.6220703125,15368.192,15327.046,15335.618,15357.905,15288.471,15329.617,15307.33,15258.896,15337.332,15351.048,15356.191,15368.192,15442.77
