V1,V2,V3,V4,V5,V6,V7,V8,V9,V10,V11,V12,V13,V14,V15,V16,V17,V18,V19,V20,V21,V22,V23,V24,V25,V26,V27,V28,V29,V30,V31,V32,V33,V34,V35,V36,V37,V38,V39,V40,V41,V42,V43,V44,V45,V46,V47,V48
624.0501098632812,563.55347,550.80884,514.43024,531.44995,490.8769,495.23264,489.42496,477.97095,536.8543,554.116,619.533,718.74744,768.99994,808.2018,825.46344,836.43353,849.01685,850.9527,853.0499,805.2979,752.78687,722.4579,676.7981,632.2978,577.3467,543.9526,524.9163,535.2411,502.81488,496.8459,486.52112,497.6525,524.513,570.89374,622.2755,711.6895,738.429,802.79736,829.0126,848.53284,839.8213,858.05096,833.20703,802.0714,763.6763,737.46106,716.16626
2839.46630859375,2570.1758,2517.9253,2307.9187,2381.2703,2213.466,2228.873,2173.9434,2104.276,2338.7332,2375.5764,2642.8574,3027.4507,3278.4036,3459.438,3536.139,3623.5579,3693.225,3703.2734,3732.0781,3538.8184,3340.5347,3233.3542,3085.8975,2873.4626,2635.6562,2480.0771,2383.2798,2414.4292,2244.9502,2234.2322,2141.1191,2205.4275,2267.726,2446.5833,2681.7102,3019.8728,3127.8486,3417.5706,3556.5703,3656.3818,3640.9746,3735.4275,3645.6638,3543.1726,3411.5417,3296.9927,3231.5122
1127.941162109375,1042.5934,1031.0387,952.7078,966.4771,925.4581,922.1843,897.1493,860.17444,936.33875,925.84326,1004.126,1097.839,1184.0896,1237.7224,1273.8306,1313.6941,1342.3882,1334.4924,1358.9498,1312.0573,1251.7805,1227.612,1214.6613,1133.7004,1070.5171,1023.7689,972.3507,980.82416,918.33276,919.1031,885.2095,899.4602,898.30475,950.9746,1026.4169,1105.4337,1147.1267,1242.633,1283.5558,1313.1165,1317.1605,1349.706,1328.7152,1321.0121,1285.7704,1253.2249,1230.9822
5413.4755859375,5234.5967,4957.873,4739.0938,4480.527,4131.736,3906.6804,3780.7031,3623.792,3587.9268,3657.8643,3761.874,3935.821,4159.083,4375.6206,4702.276,4815.8335,5014.1367,5296.0166,5465.4805,5481.1714,5491.931,5552.454,5572.18,5504.9326,5279.4287,4972.8916,4720.377,4459.68,4188.6724,3962.272,3691.9365,3708.0757,3706.2827,3713.4556,3788.773,3940.7527,4168.9463,4536.5664,4701.4355,4718.3594,5020.189,5297.3613,5403.613,5547.074,5508.519,5495.966,5601.769
3071.82421875,2914.2004,2667.4504,2464.3623,2228.8281,1908.5736,1699.0764,1584.5139,1442.7126,1401.8547,1461.1388,1557.2751,1709.0906,1904.5679,2105.2527,2406.9807,2505.9023,2697.493,2950.0513,3105.4717,3121.895,3137.1167,3196.0002,3214.827,3159.5486,2945.2444,2679.167,2443.6328,2202.1902,1956.2412,1753.1531,1505.2013,1519.6218,1509.207,1515.6161,1582.1104,1712.2952,1915.3833,2247.4543,2407.882,2427.2095,2695.8906,2949.6506,3050.594,3180.3782,3149.5344,3143.526,3240.4634
5330.4580078125,5417.7227,5441.851,5699.221,5764.3677,6016.611,6337.519,6635.405,6830.041,6868.2446,7000.549,7099.8774,7019.0474,7085.4004,6893.1772,6726.2886,6371.6006,6081.858,5789.7026,5760.3467,5630.455,5410.082,5470.805,5460.7515,5407.669,5568.123,5473.62,5498.1504,5887.2217,6245.743,6461.8813,6534.2666,6779.7734,7002.157,6976.4204,7144.9175,7089.422,7021.8623,6858.593,6552.564,6317.563,6051.195,5789.301,5663.8325,5591.045,5525.094,5502.9766,5429.385
43305.5859375,42015.777,39809.62,37975.277,35818.137,32939.75,31037.828,29839.11,28505.578,28082.928,28374.41,29022.957,30167.025,31620.793,33333.25,36031.285,37058.305,38708.367,41130.402,42558.664,42992.242,43342.023,43986.926,44449.656,43914.055,42205.242,39966.293,37841.773,35656.0,33355.113,31405.824,29095.828,29110.402,28884.504,28891.791,29154.125,30167.025,31821.188,34772.445,36153.344,36270.844,38697.434,41134.043,42059.5,43451.33,43444.04,43535.13,44533.457
28109.517578125,25754.543,25267.305,24305.57,24897.898,23321.545,23487.14,23563.57,23226.008,25649.451,26544.31,29213.76,33217.535,34840.066,36266.742,36945.055,37085.17,37384.523,37569.227,37403.63,35384.625,33228.684,31983.523,29867.787,28337.213,26225.855,25082.602,24375.63,24913.82,23891.58,23506.25,23614.523,23910.688,25378.766,27178.035,29099.912,32723.932,33891.07,36097.96,37129.758,37709.344,37155.234,37747.56,36661.63,35158.52,33477.08,32534.451,31364.129
35257.609375,32871.06,32413.242,30516.998,31157.941,29681.115,29811.074,29314.861,28676.873,30738.521,31042.748,33396.81,36765.445,39008.746,40615.53,41303.73,42098.266,42730.344,42830.77,43084.785,41374.62,39640.83,38716.332,37445.523,35563.312,33448.496,32070.62,31190.43,31462.166,29952.852,29852.426,29001.775,29586.598,30100.533,31665.969,33754.2,36713.39,37678.125,40234.51,41483.906,42375.906,42257.76,43096.598,42316.836,41448.46,40287.676,39283.434,38713.38
420.5765380859375,406.98013,405.07675,393.363,394.80746,388.69858,388.36755,384.305,379.0688,390.82016,389.39072,401.60852,416.72653,430.27216,438.51767,444.71683,449.96808,454.48203,454.1209,457.6719,450.13358,439.75146,435.88452,433.18365,422.06802,411.32858,404.01596,396.44754,396.73343,387.13376,387.07355,383.07117,384.18463,385.1476,393.4232,404.4824,418.02805,424.02408,439.4656,445.33374,450.22388,451.0815,455.9566,453.18805,451.1417,445.69485,440.38342,437.08826
27440.2421875,25551.473,25090.658,25574.229,25810.324,25102.037,25301.154,26254.072,27164.322,28376.092,30266.639,32429.55,35791.785,36958.043,37583.84,37538.33,36670.746,36727.637,36630.92,35928.324,33002.723,31168.533,30198.016,28195.465,27684.871,25662.41,25429.158,25150.395,26157.357,25403.557,25073.592,26894.092,27613.758,29071.58,30192.326,32329.992,34713.707,36224.156,37231.117,37811.402,37657.797,36730.48,36227.0,35612.582,33156.33,31329.428,29805.469,28417.338
7749.1728515625,7017.8306,6865.365,6547.647,6732.5728,6242.716,6299.7676,6311.5713,6199.4355,6946.0244,7215.544,8038.365,9266.941,9775.979,10227.473,10438.957,10492.074,10592.406,10651.426,10606.178,9993.365,9324.977,8948.239,8301.798,7821.4707,7164.394,6806.346,6581.091,6745.3604,6420.7563,6305.6694,6317.4736,6411.9033,6854.545,7409.3223,8006.3965,9122.837,9479.9,10172.389,10496.009,10678.968,10517.649,10710.444,10376.987,9919.592,9408.095,9115.951,8768.478
513.7863159179688,463.75287,451.49042,462.3758,463.9496,443.35916,442.04767,466.96603,485.32693,515.6552,552.63934,602.0662,686.57556,713.1333,736.2156,731.2319,719.5596,725.72363,721.52686,708.2152,639.55853,598.9268,570.7707,529.1308,514.7044,471.753,459.42496,454.179,471.753,450.96582,441.9165,476.80225,492.99918,532.90137,557.47546,605.65643,666.1163,695.55927,722.3137,741.7238,747.2321,721.52686,712.3464,693.3953,646.24713,603.8203,572.99207,539.06537
164.55435180664062,152.89339,151.10138,140.11646,141.0351,135.69144,134.5787,131.42168,126.19446,136.06665,134.86336,145.1496,157.61276,168.84999,176.21532,181.89539,187.71779,191.58646,189.87854,194.43295,188.86932,181.11908,177.91028,176.25414,165.74632,157.90388,150.44798,143.49344,143.0794,134.4752,133.673,130.41246,131.03351,131.08527,138.1239,148.64304,158.69637,165.28215,178.76424,182.20592,187.0191,189.23161,192.77681,190.03381,190.55136,185.19475,180.65327,177.28923
13183.7841796875,12112.74,11893.449,11511.504,11774.363,11056.945,11120.846,11193.458,11045.327,12169.379,12596.344,13816.608,15655.536,16366.419,16993.797,17301.676,17330.72,17441.094,17545.656,17435.285,16492.766,15514.666,14939.57,13940.595,13280.36,12313.153,11815.027,11504.242,11765.65,11322.71,11129.559,11237.026,11370.635,12066.269,12886.797,13749.078,15398.485,15942.357,16922.635,17391.717,17635.695,17353.957,17603.746,17104.168,16392.559,15613.42,15183.551,14617.895
1245.09423828125,1147.0525,1130.4691,1041.5328,1063.3984,1015.6136,1015.3679,984.41223,949.7713,1043.8668,1035.8822,1134.3999,1264.7198,1373.324,1433.2699,1470.122,1514.7129,1546.5284,1539.895,1560.7778,1490.1448,1417.1779,1384.4409,1354.0995,1254.5453,1172.0504,1113.64,1069.0491,1083.0527,1009.96295,1015.12225,966.2319,991.29126,997.1876,1067.4521,1157.9238,1268.8278,1313.9308,1429.7075,1482.4059,1519.1351,1513.116,1557.3384,1520.732,1499.7263,1454.644,1412.5099,1386.1606
51698.0625,47590.85,46815.0,43350.836,44354.008,41902.902,42070.92,41072.688,39787.836,43286.59,43523.797,47501.902,52908.484,56839.336,59624.008,60918.746,62411.156,63607.06,63933.21,64338.438,61585.883,58749.32,57318.684,55487.766,52185.754,48581.67,46217.047,44507.203,44897.6,42229.06,42130.223,40469.797,41468.027,42021.504,44541.797,48146.8,52852.734,54603.195,58877.805,61289.38,62836.145,62747.195,64279.133,63043.7,61842.85,59930.4,58279.85,57447.168
27866.859375,25599.656,25081.084,24704.504,25170.6,23685.883,23729.096,24139.63,23827.871,26318.863,27383.785,29890.982,33869.008,35245.69,36381.61,37063.773,36934.133,36946.48,37390.97,36890.918,34724.03,32689.877,31465.988,29154.025,28038.172,25855.854,25013.176,24454.479,25099.605,24281.621,23741.443,24340.27,24682.896,26294.17,27984.154,29765.97,33092.695,34362.887,36285.918,37279.848,37674.95,36934.133,37329.234,36227.27,34523.395,32821.062,31858.773,30518.748
2106.00439453125,1937.6519,1901.1606,1898.0264,1923.9956,1827.0586,1824.3721,1868.2512,1861.7589,2032.1263,2125.1455,2300.5293,2591.1375,2685.164,2757.475,2798.6677,2781.2058,2773.594,2807.6228,2762.6243,2586.8838,2441.8142,2352.7407,2183.5764,2115.855,1955.114,1903.6232,1872.281,1925.115,1866.4602,1822.1334,1892.2057,1923.324,2047.1259,2162.6443,2294.5195,2523.6396,2623.599,2749.6396,2819.2642,2841.2036,2777.6238,2795.5337,2714.7153,2574.347,2450.769,2370.9023,2266.4656
6132.40673828125,5591.949,5469.992,5435.1475,5531.697,5199.2188,5196.3154,5318.998,5273.264,5848.2036,6123.6953,6702.7183,7644.889,7960.6704,8197.325,8345.415,8300.407,8280.081,8393.327,8255.399,7710.949,7243.085,6950.08,6399.732,6165.0737,5646.394,5469.992,5358.9243,5517.904,5333.5166,5193.4116,5386.51,5480.8813,5871.4336,6259.4453,6680.305,7437.998,7753.0537,8184.258,8410.749,8486.246,8293.148,8359.934,8100.7754,7671.023,7269.945,7022.764,6692.6914
14515.552734375,13311.574,13031.31,12777.578,13034.627,12220.365,12260.167,12455.8545,12260.167,13605.106,14160.661,15507.467,17639.926,18386.193,19031.3,19401.117,19348.049,19377.898,19606.754,19354.682,18220.355,17121.684,16474.92,15241.505,14625.005,13447.561,12978.242,12659.834,12999.801,12550.382,12270.117,12540.432,12719.535,13566.964,14479.897,15440.303,17242.746,17910.24,18963.307,19500.62,19736.107,19358.0,19593.488,19003.107,18112.562,17198.799,16699.629,16006.844
617.5267333984375,597.193,592.5393,572.31555,573.4732,563.05457,559.9058,554.3955,544.3473,560.8319,559.44275,577.77954,599.27673,618.6091,631.7366,643.8338,654.34503,661.2677,659.41547,668.1671,658.8135,646.75104,641.2175,638.856,621.02277,606.19934,591.65955,579.1919,576.76086,560.8782,558.2851,553.6546,553.23785,552.5896,564.8373,583.6835,600.2549,614.158,638.04565,643.718,651.9372,658.9061,664.04596,660.24896,663.7681,652.97906,644.922,639.2959
248.70980834960938,225.00912,220.02797,211.70462,217.13568,201.29239,202.8992,204.57031,201.4852,226.29459,235.87128,262.7133,303.35794,319.20123,333.27704,339.54364,340.89337,343.40002,345.39252,342.8216,322.12567,300.17642,287.4825,265.14362,250.87901,229.57251,218.48541,211.47966,217.07141,207.23764,202.83493,205.66295,208.74805,224.17358,242.25037,261.65277,297.73404,310.1066,331.15604,342.0503,347.38495,341.21475,346.48514,335.3659,319.32977,302.37778,292.7529,280.19955
432.46527099609375,453.2836,454.8974,501.45627,516.30347,564.83923,628.25244,689.74927,726.262,738.6078,765.3973,794.12335,776.6941,786.5384,750.95355,719.2419,654.93097,595.0379,534.33795,525.1795,495.96924,453.52567,464.09622,461.67548,445.6986,477.49097,459.17407,461.02997,538.04974,611.0803,653.6601,669.294,719.96814,768.3829,762.5731,801.7084,787.99084,772.90155,744.1755,684.50433,635.10114,588.9659,529.6982,508.6378,491.20847,475.79645,465.95212,453.52567
2230.93310546875,2105.72,2078.047,1945.5914,1952.3656,1881.3094,1863.7256,1830.5757,1763.1227,1864.8787,1857.0956,1968.364,2102.261,2220.898,2306.061,2378.7026,2452.9297,2492.7095,2481.7556,2538.2546,2483.485,2413.438,2380.4321,2367.3162,2254.8586,2165.7322,2071.7053,1988.254,1973.4086,1872.95,1853.3481,1819.91,1820.1982,1810.1091,1885.6333,2006.7026,2106.4407,2197.738,2346.994,2377.5496,2434.337,2480.3142,2514.0408,2486.3677,2516.0586,2446.588,2402.0518,2366.1633
16126.7900390625,14766.859,14534.546,14212.88,14472.0,13617.799,13667.836,13875.131,13746.465,15140.35,15739.004,17243.014,19511.426,20254.83,21023.254,21355.64,21359.215,21423.549,21630.844,21359.215,20106.508,18890.434,18216.723,16887.172,16232.225,14984.877,14472.0,14105.658,14482.722,13955.548,13671.41,14016.307,14162.844,15118.904,16100.878,17126.633,19082.54,19795.564,20907.098,21509.326,21802.398,21369.938,21602.252,20969.643,19940.312,19009.27,18433.4,17694.797
1792.766357421875,1652.1864,1619.1088,1561.6075,1597.7622,1501.2216,1512.3757,1516.2219,1491.2214,1641.9939,1694.6873,1854.7388,2095.1768,2195.275,2280.0845,2322.393,2331.2395,2348.1628,2363.5479,2350.4707,2232.776,2101.0422,2026.6176,1897.36,1806.805,1676.9946,1609.1085,1565.8384,1597.5698,1536.9916,1513.5295,1517.7604,1537.3762,1623.9165,1732.669,1850.0272,2064.8877,2136.6199,2270.469,2333.932,2367.0095,2335.0857,2372.0095,2306.816,2217.3909,2115.1772,2059.3105,1989.7417
3926.827392578125,3576.6252,3482.6355,3134.163,3112.636,2894.288,2819.7114,2747.4414,2553.6963,2775.1194,2803.5662,3075.732,3432.085,3736.9502,3995.2534,4212.4478,4390.8164,4507.6787,4537.279,4701.8086,4561.1123,4386.9727,4310.0894,4268.5728,4018.5105,3766.2139,3472.833,3228.7292,3149.9243,2881.218,2798.1843,2716.6882,2695.1611,2682.8599,2847.3894,3182.984,3434.776,3713.3208,4105.5806,4182.4634,4361.601,4506.91,4599.554,4558.806,4669.5176,4471.159,4361.601,4278.5674
4824.955078125,4467.044,4396.3276,4278.4673,4362.6533,4126.451,4142.807,4173.595,4128.3755,4502.1616,4645.9995,5052.1377,5663.2085,5891.473,6100.736,6202.721,6204.6455,6237.358,6277.767,6233.5093,5914.083,5595.138,5403.314,5064.585,4856.7056,4533.4307,4370.8315,4270.289,4358.8047,4214.005,4148.58,4197.6484,4236.6147,4473.298,4742.453,5023.394,5572.047,5752.927,6076.2017,6230.623,6313.366,6214.2666,6289.3125,6126.2324,5884.7383,5625.9263,5477.999,5290.685
105216.203125,97833.05,96293.85,93354.49,95171.734,90226.46,90722.97,91060.6,89888.83,97594.72,100424.84,108783.65,121213.87,126094.59,130652.586,132827.31,133125.22,134018.95,134833.23,134078.53,127782.74,121054.984,117311.27,110484.21,105960.97,99203.42,95727.83,93443.87,95241.25,92053.625,90822.27,91239.34,92162.86,96760.58,102371.18,108269.76,119545.58,123204.88,130106.42,133363.55,135151.0,133403.28,135190.72,131864.08,127047.9,121824.58,118880.25,115270.6
98512.203125,91847.38,90518.8,86629.164,88394.8,84033.164,84627.53,84085.61,82949.31,89251.38,91287.98,98433.53,109110.34,114346.05,118698.94,120508.27,121670.79,122999.38,123191.68,123383.98,118148.27,112388.125,109189.016,104111.734,99307.61,93438.2,89802.055,87695.53,88884.27,85431.68,84697.46,83770.94,84924.72,88071.38,93036.125,98573.38,108323.68,111295.53,118043.38,120954.05,122981.9,122055.38,123995.83,121198.79,117685.016,113471.98,110683.68,108297.46
90838.234375,84783.164,83575.33,80023.34,81628.49,77663.3,78203.64,77710.98,76677.96,82391.336,84250.766,90746.85,100445.28,105205.11,109162.35,110815.18,111879.984,113087.81,113278.53,113437.45,108677.63,103448.98,100548.586,95934.28,91565.31,86221.445,82915.79,81000.734,82081.43,78934.7,78267.22,77424.91,78473.82,81318.586,85832.08,90866.05,99730.12,102427.88,108566.38,111220.44,113071.92,112229.62,113993.695,111458.83,108264.42,104442.266,101903.43,99742.04
5828.51416015625,5606.035,5296.8037,5020.7964,4737.283,4330.225,4077.7207,3930.0576,3754.8306,3708.563,3807.005,3942.8552,4155.9824,4430.1436,4696.922,5081.4614,5213.1895,5460.341,5776.34,5960.919,5964.3643,5965.3486,6031.305,6041.6416,5955.012,5673.96,5314.0312,5004.923,4708.981,4387.3213,4148.107,3825.709,3860.1638,3846.3818,3872.9614,3979.2788,4161.3965,4435.558,4864.0273,5077.77,5123.607,5456.1567,5755.175,5872.813,6042.134,5984.0527,5966.825,6075.112
41699.22265625,39049.1,38515.81,35824.094,35898.367,34469.324,34106.863,33459.188,32074.707,34160.34,34035.56,36284.598,39104.066,41549.188,43376.344,44835.1,46323.566,47167.33,46959.36,48153.695,47006.895,45447.125,44766.77,44445.902,42182.008,40382.15,38401.426,36635.17,36335.1,34279.18,33869.184,33197.742,33203.684,33072.957,34594.105,37131.33,39235.53,41071.973,44190.4,44748.94,46035.38,46899.938,47612.977,47066.312,47618.918,46195.812,45259.953,44517.207
1227.2962646484375,1175.6472,1166.153,1123.2386,1136.2775,1105.3893,1107.0349,1094.3759,1079.0583,1124.5045,1127.2262,1178.9386,1249.4734,1298.6302,1333.7593,1350.2161,1367.4324,1382.7499,1386.6742,1391.2314,1356.0392,1318.4418,1299.1366,1275.7806,1233.9542,1187.7683,1158.4941,1137.6699,1142.2905,1109.187,1108.9338,1089.3123,1100.5789,1108.6807,1141.5942,1187.0088,1248.1205,1269.1029,1324.708,1354.4568,1373.6354,1372.496,1390.9783,1375.6608,1358.571,1334.3289,1312.4287,1301.9532
21779.041015625,20122.314,19782.758,19374.402,19727.273,18648.682,18701.945,18941.633,18706.383,20484.064,21207.564,23070.967,25888.123,26842.434,27774.55,28253.926,28213.977,28293.873,28582.387,28258.363,26742.564,25253.396,24411.162,22767.195,21909.98,20362.002,19698.422,19230.145,19709.52,19072.572,18719.7,19057.037,19267.873,20413.047,21643.662,22914.781,25375.459,26247.654,27681.34,28400.4,28742.178,28245.049,28560.191,27787.867,26580.553,25384.336,24708.55,23790.723
1799.043212890625,1640.6512,1615.8346,1491.936,1524.1608,1435.0798,1444.7102,1409.5223,1365.8152,1497.6772,1512.1228,1665.005,1871.3867,2001.4199,2113.2803,2158.6543,2211.251,2252.921,2268.848,2275.8855,2177.1743,2064.3877,2011.6985,1935.7667,1817.7599,1681.673,1597.8702,1531.0132,1547.8663,1454.7109,1446.9326,1393.9656,1428.4126,1456.9333,1550.8296,1684.8214,1863.8167,1929.2847,2081.241,2175.878,2231.0674,2225.5112,2280.3303,2228.845,2176.4333,2103.8352,2043.0898,2015.958
2524.634765625,2288.0574,2230.289,2001.9364,1991.3153,1855.0549,1807.9078,1758.6882,1629.1632,1795.9915,1800.6544,1995.201,2235.211,2441.5122,2617.051,2760.1763,2867.6821,2956.018,2965.344,3071.0364,2970.0068,2835.0417,2782.4546,2754.477,2580.6545,2407.2668,2224.0718,2061.2588,2018.7747,1839.512,1794.4373,1743.6633,1730.1927,1726.048,1841.5844,2063.0723,2240.7808,2414.5486,2679.6116,2741.2656,2858.3562,2940.216,3007.8281,2979.3325,3033.215,2903.1719,2825.7158,2772.6106
105139.875,97770.38,96222.05,93284.17,95100.49,90157.72,90673.836,90991.44,89820.266,97522.25,100350.945,108700.555,121129.44,126007.69,130563.375,132737.0,133034.77,133947.88,134741.9,133987.58,127694.984,120970.63,117231.3,110406.45,105884.266,99130.14,95656.305,93373.5,95169.97,91983.97,90753.234,91170.09,92093.14,96688.53,102296.29,108191.88,119461.99,123119.445,130017.484,133272.97,135059.52,133312.67,135099.22,131774.25,126960.516,121739.836,118797.0,115191.66
1899.933349609375,1785.1873,1765.3536,1662.9294,1689.8677,1634.0673,1633.1792,1597.3604,1563.0216,1674.1785,1668.2579,1783.4111,1948.0001,2078.4727,2147.52,2187.631,2239.4353,2276.7344,2265.7815,2291.2395,2201.9883,2112.4412,2071.96,2029.0366,1914.0499,1814.1975,1745.52,1696.5282,1711.1814,1627.5547,1632.5872,1577.2307,1607.1292,1620.7461,1707.629,1813.9015,1951.9132,2004.0226,2143.8198,2200.0642,2245.6519,2237.8071,2287.687,2241.2114,2212.349,2157.5847,2105.0405,2073.07
3151.7138671875,2927.9783,2897.736,2693.9236,2735.7976,2624.9092,2618.1885,2553.5684,2453.2776,2657.2192,2630.5957,2844.6182,3098.576,3326.8147,3470.6597,3559.8354,3662.9695,3739.997,3732.2427,3779.2861,3645.6514,3485.6514,3423.3574,3385.2314,3167.4773,2989.1091,2867.623,2738.8994,2775.0867,2610.9512,2618.1885,2512.7283,2562.8735,2554.602,2697.0254,2896.3145,3110.4336,3215.6033,3458.7695,3593.955,3667.3638,3664.0034,3758.0908,3701.7417,3670.9824,3574.8274,3496.5078,3440.6758
3406.230224609375,3127.1296,3069.4873,2922.2202,2996.2256,2809.167,2834.455,2819.5796,2774.2095,3047.174,3137.9143,3443.0469,3904.1858,4118.578,4296.34,4374.436,4413.484,4463.317,4475.217,4475.217,4252.0854,4002.1777,3860.675,3636.4612,3437.8406,3189.9785,3043.0833,2956.8057,3008.8699,2871.6438,2838.9177,2813.6296,2854.537,3002.5479,3212.6636,3446.301,3865.1377,3993.0667,4271.7954,4394.5176,4475.217,4426.128,4507.199,4385.9644,4227.541,4044.201,3927.2427,3814.4683
3227.465576171875,2978.1492,2926.601,2821.484,2884.4868,2717.0405,2735.234,2740.6245,2704.9116,2960.2925,3052.944,3335.0256,3758.2742,3932.964,4085.2495,4156.3384,4173.858,4208.223,4225.069,4210.2446,3998.3257,3770.403,3637.9956,3417.022,3252.5657,3030.034,2906.3862,2831.9282,2886.8452,2777.0112,2737.9292,2746.0151,2776.3374,2929.6333,3119.99,3324.6655,3708.7478,3831.216,4066.3823,4176.553,4239.219,4181.944,4245.9575,4131.7437,3974.7417,3797.693,3697.1243,3575.6665
1006.8781127929688,944.6696,931.7107,877.5187,891.803,854.8405,856.1659,841.8816,817.58356,869.493,872.80634,932.0052,1009.1491,1067.7428,1110.4852,1132.648,1155.3998,1175.4272,1184.8519,1187.6499,1147.1532,1107.8346,1088.6171,1064.2085,1014.691,957.739,923.3168,893.791,901.0068,859.25836,857.04944,828.7754,846.15216,849.98096,886.79614,940.8776,1007.6006,1035.3639,1097.0845,1139.422,1162.0265,1162.9838,1186.7664,1168.3588,1154.8844,1124.2542,1103.3431,1092.2249
33335.328125,31028.34,30543.312,29424.02,30033.412,28466.402,28646.732,28615.64,28223.889,30561.969,31361.02,33929.953,37807.836,39528.75,40980.723,41642.97,41873.047,42258.582,42395.383,42320.766,40427.293,38334.836,37148.695,35173.902,33610.49,31516.477,30338.11,29619.896,30095.596,29004.285,28690.262,28590.768,28914.12,30201.307,31976.629,33890.31,37412.977,38510.504,40794.17,41798.43,42426.477,41978.758,42606.805,41593.223,40228.31,38639.535,37695.906,36687.766
147.09237670898438,129.33865,126.227425,120.5729,124.7212,112.523224,114.2023,116.227066,114.054146,132.9931,141.48723,161.48796,192.62488,205.36609,214.82321,218.79866,219.88513,220.72466,222.30496,220.13205,203.56355,186.8469,176.91444,158.8891,148.52452,132.52396,124.91873,120.5729,124.4249,117.165375,113.75784,117.53575,120.12844,132.17825,145.99358,161.1793,187.93335,197.81026,212.77376,221.11974,225.02112,219.6382,223.04573,213.66267,201.02025,187.58766,180.04417,169.89258
32709.158203125,30464.078,29988.398,28906.762,29500.602,27973.582,28149.312,28119.014,27743.318,30024.758,30806.445,33311.332,37091.76,38759.668,40174.582,40822.96,41038.074,41407.71,41547.082,41468.305,39620.13,37582.59,36426.723,34495.508,32977.297,30936.727,29788.434,29091.578,29558.168,28497.738,28185.668,28106.895,28415.934,29676.33,31406.346,33268.156,36700.918,37773.47,39992.797,40971.42,41583.438,41141.09,41753.11,40762.363,39426.223,37877.996,36956.938,35970.74
5099.75732421875,4878.7793,4596.7476,4357.5034,4106.5854,3750.205,3522.7476,3416.392,3251.0498,3231.3872,3345.7866,3480.7417,3704.6243,3980.344,4227.6875,4568.706,4673.1064,4895.09,5167.6816,5333.471,5304.871,5274.037,5318.2773,5299.509,5223.5405,4952.2896,4614.9014,4338.4,4081.784,3797.5737,3592.4595,3321.6553,3356.5112,3368.1301,3395.836,3525.4287,3712.668,3979.0034,4364.3184,4553.443,4597.8647,4897.101,5156.51,5250.353,5386.2017,5299.509,5265.0996,5350.452
16351.7216796875,15083.313,14698.139,13543.299,13420.152,12649.803,12362.462,12124.379,11500.437,12222.8955,12373.408,13340.791,14618.094,15736.16,16651.377,17433.357,17984.78,18433.58,18590.934,19171.09,18623.773,17972.465,17686.492,17482.615,16678.059,15752.066,14704.98,13863.4795,13515.934,12614.228,12294.047,12028.598,11949.236,11995.759,12556.76,13712.967,14651.616,15636.273,16987.979,17317.053,17945.1,18430.844,18760.602,18662.086,19009.63,18281.7,17882.158,17623.55
35166.90625,32785.03,32331.338,30437.031,31079.27,29603.3,29732.926,29237.99,28601.645,30657.984,30958.48,33307.953,36665.707,38903.965,40506.617,41193.043,41985.53,42618.93,42719.094,42972.457,41266.695,39537.367,38615.254,37349.926,35473.664,33360.98,31986.65,31108.729,31379.766,29874.336,29774.17,28925.709,29509.027,30015.746,31580.098,33664.42,36613.047,37573.83,40126.574,41375.7,42265.406,42147.562,42984.242,42206.484,41340.348,40182.55,39183.84,38613.78
366.564453125,331.73502,324.35052,313.4384,321.57544,298.2931,299.61008,302.90253,297.44647,335.2156,348.9028,388.51807,448.40546,470.62952,490.85458,501.2964,501.01416,504.11847,508.91605,503.64813,472.98126,441.6089,423.26523,389.24713,369.88043,337.56735,322.1869,311.9803,320.86993,306.80643,300.36264,304.97208,309.0171,331.8291,358.54498,385.82532,438.99844,456.98935,488.78503,504.0244,511.64407,502.143,509.3864,493.6767,469.971,444.8543,430.344,411.96506
2389.623046875,2221.9062,2183.4502,2189.4521,2214.3484,2118.7642,2113.874,2161.666,2151.8853,2325.0483,2418.854,2591.0635,2879.8809,2970.1301,3037.7058,3082.6082,3059.0457,3046.1528,3088.3877,3036.372,2861.2085,2718.0547,2634.4185,2462.4226,2401.7378,2232.7983,2189.2297,2156.998,2215.0154,2159.443,2113.874,2185.2285,2217.905,2337.4963,2454.309,2583.2297,2805.414,2907.2224,3036.15,3098.613,3119.0635,3056.3782,3071.0493,2993.4705,2850.9834,2726.6128,2645.7554,2544.197
1952.921875,1824.7452,1795.9309,1646.0105,1683.8562,1604.2083,1597.1553,1550.3643,1486.0266,1621.7549,1591.3064,1748.3658,1906.1134,2054.3997,2134.2195,2198.3853,2281.6455,2320.6956,2303.149,2352.0042,2271.84,2188.9238,2145.9172,2128.8008,1960.9413,1859.2365,1773.9977,1701.7468,1716.369,1599.9076,1600.5957,1529.033,1566.5347,1548.2999,1644.2903,1777.2661,1909.382,1991.6532,2150.7341,2232.9624,2269.2598,2284.398,2336.522,2295.0637,2295.0637,2223.845,2172.7534,2135.7678
454.5193176269531,435.33875,405.05365,380.81943,352.04242,313.13962,287.28647,274.1383,256.9029,251.87999,259.36508,271.18365,289.89642,313.82904,338.13098,374.7193,386.43246,409.65796,440.18927,459.14825,460.82254,462.39835,469.63724,471.45926,465.10678,438.85968,406.4325,378.00018,348.69382,319.0489,294.18063,264.2895,266.16077,265.37286,265.66833,274.23682,290.24112,315.06012,355.21866,374.8855,376.6275,409.73184,440.63248,452.845,468.1599,464.0234,463.2355,474.9556
483.72760009765625,454.8337,450.84714,423.02786,428.3664,414.0841,412.80148,403.92706,390.75406,418.556,414.01477,443.30734,477.5701,507.45633,526.6438,537.8409,552.7818,562.4882,560.20026,567.6188,550.3899,529.72906,521.13196,516.1054,485.47986,463.53482,446.49658,430.23834,434.67557,412.10815,413.0788,398.65784,406.007,404.2737,423.47852,450.34448,479.06073,493.20438,526.1932,542.8327,553.3711,552.8858,565.2615,556.7337,552.6431,540.2328,530.1104,522.06793
21541.234375,19883.016,19551.91,18504.84,18943.45,17864.129,18023.23,17825.428,17520.121,19040.2,19493.86,21228.941,23829.416,25200.066,26294.438,26745.945,27100.703,27461.91,27500.61,27590.912,26320.238,24927.012,24161.598,22980.688,21746.564,20289.373,19367.006,18835.945,19096.102,18190.934,18044.73,17709.324,18027.531,18724.145,19921.717,21327.844,23684.287,24394.877,26107.383,26851.297,27393.107,27199.605,27715.613,27053.402,26223.486,25247.367,24534.629,23999.27
539030.5,501640.03,494353.56,467810.0,477651.44,454136.0,457258.78,451202.5,443159.0,476137.38,484417.47,522316.6,577958.75,610322.06,635540.8,645571.5,655980.75,664875.94,665633.0,668850.4,641218.56,611836.1,596103.94,572292.8,543620.06,511008.38,489622.1,476941.75,482241.0,460097.7,457731.94,447133.44,455650.1,467810.0,493833.1,525675.94,575758.6,591372.5,630525.44,648126.5,661280.0,658346.5,670459.1,656548.56,640130.3,620116.2,604029.2,594022.1
3176.7880859375,3030.2197,3007.9238,2872.8953,2899.3994,2830.9897,2829.0198,2780.309,2723.719,2865.0156,2846.3909,2995.9253,3178.0417,3335.3774,3427.1577,3482.4944,3554.6648,3603.0173,3588.3325,3625.2236,3529.414,3422.5015,3376.8352,3344.4211,3186.0444,3073.916,2983.2104,2910.3237,2933.0671,2822.2146,2828.6616,2755.9539,2792.1287,2794.2778,2894.7434,3030.2197,3187.1301,3254.1184,3425.546,3505.2378,3558.963,3553.5903,3615.1948,3566.4844,3541.95,3478.0173,3417.8452,3376.0293
1134.8336181640625,1085.101,1074.6028,1017.7053,1030.9253,999.4308,997.09784,980.2489,953.6795,1005.3279,993.9873,1052.2456,1111.4922,1167.0774,1199.7384,1223.4564,1254.3029,1270.439,1265.5139,1283.3997,1253.0717,1221.4475,1206.3483,1200.9696,1137.9523,1099.3901,1066.5996,1036.8872,1042.6547,998.91235,998.65314,971.6949,985.174,977.52716,1012.6507,1063.7806,1112.9664,1144.4448,1204.0802,1236.5468,1250.8683,1256.9598,1277.049,1261.6257,1261.6906,1235.8339,1218.0778,1203.3026
894.3270874023438,810.3402,795.3121,732.8548,755.3437,702.7986,708.1277,691.0745,674.2345,748.9487,763.2308,848.7631,975.54285,1052.8151,1108.5576,1128.8083,1156.4131,1177.5164,1176.0243,1185.6167,1125.1844,1058.5706,1021.1068,971.4128,906.4242,832.1896,783.9078,755.13055,764.4032,714.3095,709.833,684.67957,704.2908,727.5257,787.6382,861.0201,972.21216,1006.61163,1098.6455,1136.5887,1167.2845,1161.7422,1188.3878,1157.479,1123.9055,1079.887,1042.6897,1019.8811
2912.4033203125,2550.585,2468.065,2278.6108,2381.6387,2134.567,2162.8877,2148.239,2079.8794,2445.604,2565.7217,2964.6497,3571.0984,3851.8618,4077.4487,4190.7305,4229.305,4290.829,4319.1494,4313.29,4015.4368,3692.6812,3508.5981,3211.2886,2955.1282,2624.316,2433.8853,2323.0447,2395.7988,2217.087,2170.7002,2135.5437,2195.1143,2384.08,2664.3552,2966.3586,3512.5044,3682.9155,4051.5698,4209.774,4309.384,4245.9067,4352.3525,4196.102,3994.9287,3744.4392,3596.4893,3447.9287
507.2978515625,478.51483,425.71512,386.84995,335.54837,269.6297,222.52179,197.1631,161.99414,155.33055,156.07095,167.36203,193.09091,221.04099,258.61624,319.79175,341.3096,378.49515,435.66425,470.37045,484.06784,494.34088,513.4987,525.4376,516.4603,478.51483,431.49948,383.85364,332.8644,279.53253,230.20343,177.72763,176.06172,171.61934,167.17694,170.50873,192.35051,226.96417,292.67462,324.41925,320.16193,380.25287,440.66193,462.04095,497.02484,497.48758,502.30017,528.2141
7282.33544921875,7128.036,7102.521,6935.265,6971.474,6877.4805,6863.034,6819.1333,6735.4585,6883.672,6847.275,7011.8105,7177.7534,7345.244,7440.6914,7517.2373,7610.4805,7661.5107,7645.376,7701.284,7618.7354,7522.3027,7482.3413,7474.4614,7292.1733,7180.427,7087.1367,6985.3574,6999.991,6871.2896,6868.2876,6794.7437,6825.887,6801.1226,6905.81,7054.0234,7189.057,7284.1294,7460.3906,7554.0093,7594.158,7618.7354,7674.6436,7640.123,7649.1284,7572.7705,7514.986,7472.2104
1987.35400390625,1895.2504,1750.0873,1629.8491,1491.267,1303.5265,1180.8003,1108.7192,1023.44696,998.00665,1028.6293,1080.9233,1166.1957,1275.9661,1391.8611,1567.7058,1632.1901,1741.7249,1894.5437,1984.5272,2000.7808,2014.6787,2052.8394,2068.1506,2034.4657,1913.624,1758.9796,1619.2638,1478.7823,1329.6736,1209.0674,1060.1941,1066.7898,1056.8964,1060.6653,1093.6436,1167.138,1283.9751,1478.429,1571.7692,1583.1349,1741.7249,1892.1881,1951.0779,2034.4657,2021.2744,2021.2744,2081.1064
9211.2353515625,9388.683,9406.84,9992.83,10134.787,10686.319,11397.553,11959.607,12342.564,12426.748,12639.686,12824.561,12620.703,12742.027,12335.961,11971.162,11196.687,10590.374,10028.319,9985.401,9738.626,9297.07,9410.142,9419.221,9345.766,9625.555,9500.104,9596.668,10459.558,11139.017,11610.902,11740.894,12232.794,12702.411,12633.083,12888.9375,12811.355,12619.052,12272.41,11661.248,11105.2295,10537.14,10042.35,9779.067,9607.397,9512.483,9520.736,9365.573
33721.234375,32508.023,30478.23,28789.707,26806.941,24155.545,22412.39,21329.168,20109.293,19716.0,20015.969,20642.572,21722.46,23102.32,24692.156,27183.568,28111.807,29648.316,31856.424,33161.29,33534.586,33827.887,34404.496,34787.79,34304.508,32698.004,30621.55,28659.928,26645.291,24535.506,22769.02,20649.238,20675.902,20475.922,20489.254,20775.89,21735.793,23275.635,25995.357,27285.225,27406.045,29630.818,31851.424,32698.004,33957.875,33921.21,33984.54,34881.113
28121.904296875,25753.559,25260.354,24257.93,24863.227,23271.518,23450.865,23502.107,23156.223,25590.225,26474.15,29155.555,33174.06,34829.82,36274.207,36953.164,37113.297,37427.152,37606.5,37459.18,35444.723,33273.34,32024.312,29913.377,28357.299,26233.953,25071.398,24357.21,24885.645,23847.992,23470.082,23540.54,23844.79,25298.785,27113.076,29053.871,32695.264,33865.83,36101.266,37138.918,37728.203,37190.16,37798.66,36706.562,35214.133,33531.152,32581.57,31421.418
35743.66796875,33384.92,32935.36,31049.53,31685.924,30229.223,30345.992,29855.559,29213.326,31256.795,31542.88,33870.977,37193.074,39420.453,41007.062,41698.92,42481.28,43108.918,43219.848,43465.062,41774.824,40064.15,39151.883,37910.477,36048.367,33948.336,32587.969,31712.197,31980.768,30491.953,30392.7,29546.12,30124.129,30614.562,32164.68,34227.125,37144.906,38099.496,40630.48,41874.08,42758.61,42636.0,43476.742,42706.062,41862.4,40715.137,39719.676,39162.1
798.8953857421875,712.2288,694.0544,622.9794,644.9402,592.0396,595.28503,577.1106,548.9835,626.8739,634.5548,722.72235,842.68164,925.5619,984.4124,1012.1068,1040.8829,1066.9546,1074.5272,1079.2872,1017.94855,956.7181,923.88513,880.96423,811.0793,730.0787,680.85626,646.6711,657.05646,600.6941,598.7468,563.2634,586.8469,599.6123,658.46277,734.0273,839.1928,875.447,968.7262,1020.22034,1052.242,1048.9966,1081.2345,1052.242,1023.4658,979.1116,944.8181,927.401
19934.98828125,18244.578,17837.318,18297.578,18587.682,17993.527,18358.947,19340.836,20411.986,21485.928,23423.379,25603.164,28702.25,29960.295,30412.188,30244.82,29215.51,29327.088,29003.512,28395.41,25340.955,23612.277,22605.195,20769.037,20183.25,18367.314,18135.79,17887.527,18933.574,18280.842,18063.264,19993.568,20805.299,22248.844,23246.074,25453.928,27723.15,29165.3,30088.61,30540.502,30194.61,29282.457,28629.725,28082.99,25603.164,23702.764,22141.45,20785.773
8694.68359375,8208.694,8119.245,8099.0874,8179.718,7898.7705,7883.6523,8007.118,7974.9917,8466.335,8713.582,9225.614,10043.673,10289.975,10506.04,10627.616,10578.481,10558.324,10661.632,10534.387,10048.713,9639.575,9392.485,8913.898,8719.881,8266.648,8114.2056,8017.197,8178.458,8009.6377,7884.912,8070.7407,8145.702,8497.201,8826.023,9184.177,9851.545,10117.375,10495.331,10678.01,10757.381,10575.962,10627.616,10405.252,10015.326,9670.126,9452.014,9161.854
184.19400024414062,125.59076,111.04747,103.854004,113.0804,76.956726,75.08017,88.37244,85.401215,144.19992,171.91821,234.80234,337.7196,373.21777,403.32086,416.76947,416.92584,420.99173,426.30865,414.73657,356.64154,304.52808,271.2583,214.41435,188.7681,135.12991,112.29851,99.319,113.23677,88.606995,76.956726,95.4877,104.01039,147.64029,188.61172,234.68504,318.8368,351.0119,396.8311,426.77777,436.6297,415.8312,423.18103,397.69116,351.95016,309.76678,284.3551,248.84595
484.3204345703125,473.0495,442.50366,423.0654,389.56912,357.2911,329.90332,306.27246,287.54205,281.8249,273.222,268.86606,275.61774,281.49823,297.01617,330.39334,346.3741,365.32233,402.32037,425.16168,442.17697,455.3536,469.29254,488.78525,482.63254,469.7826,451.4605,422.86124,392.996,361.64703,329.14102,296.8528,292.0613,284.9285,279.53806,268.43048,274.63763,286.88867,323.53278,334.53146,333.93253,366.35687,405.59412,417.23938,445.52557,457.36823,464.88217,484.59268
424.2380676269531,385.77148,377.69507,352.4821,363.04358,337.62354,339.79794,334.41367,324.26636,363.97546,372.46606,415.3074,477.38202,510.3349,535.44434,548.49084,554.65173,564.2813,567.8018,567.38763,537.9294,505.26123,486.20914,458.96414,430.08832,392.60538,372.259,359.8337,366.0981,344.30212,341.45465,332.23926,340.00504,353.6211,384.16656,416.29108,472.54135,488.6942,533.0628,550.2511,564.6955,558.48285,570.80457,556.2049,536.7386,512.7682,495.6834,485.97617
12823.361328125,11446.842,11164.525,10500.253,10854.531,9935.621,10057.404,10031.572,9824.909,11201.43,11681.182,13214.083,15507.207,16519.3,17381.01,17762.967,17914.273,18128.316,18205.814,18168.91,17037.803,15787.678,15080.966,13912.607,12970.978,11747.609,11042.742,10618.346,10898.816,10262.222,10064.785,10024.191,10219.782,10996.612,12048.377,13188.25,15275.635,15938.0625,17264.762,17869.988,18235.338,17965.938,18342.36,17722.371,16903.102,15963.895,15402.953,14787.579
587.4003295898438,495.12735,478.5837,401.81693,422.12793,367.31012,371.45966,350.93027,318.17062,396.68457,404.00092,492.77957,610.34576,692.7772,757.14996,786.74286,819.5025,847.785,857.6129,861.54407,802.2491,741.64374,711.94165,670.33685,599.8013,515.8205,466.02585,424.42108,435.66858,376.91962,373.42523,335.20563,359.6662,369.71246,424.3119,505.00983,607.8461,645.08466,738.36774,797.44434,830.3132,829.87634,863.0728,835.9915,809.4562,765.33984,731.8158,714.9446
563.865478515625,500.1839,485.05856,412.6231,432.73193,393.476,392.07712,367.77167,341.89252,408.86362,396.53604,474.08615,557.95306,634.82556,675.1744,704.6382,743.0198,762.25433,753.8611,776.41797,732.52826,688.55115,666.08167,650.6941,570.6263,517.5824,473.38672,441.56232,448.38184,391.3777,394.7,360.42758,376.86438,373.19232,422.15292,488.6432,559.88745,599.8756,680.50757,718.62695,737.86145,744.85583,769.9481,746.8667,742.9324,707.26105,678.4093,661.1419
51512.66796875,47494.555,46733.805,43352.67,44333.2,41937.43,42101.656,41125.957,39870.11,43289.883,43526.56,47414.86,52700.59,56539.08,59263.3,60523.98,61977.867,63151.6,63470.395,63866.47,61171.227,58403.53,57005.19,55213.19,51987.836,48463.008,46149.35,44482.938,44869.35,42265.883,42159.617,40536.676,41512.375,42063.016,44516.746,48042.78,52644.44,54352.21,58529.113,60886.242,62398.094,62320.81,63808.508,62600.96,61422.395,59553.113,57949.492,57125.945
26267.767578125,24220.43,23749.14,23499.635,23890.527,22576.46,22598.639,23014.482,22753.887,24993.898,25989.152,28220.846,31799.875,33011.367,33998.3,34602.66,34452.957,34425.234,34857.71,34358.7,32370.967,30552.344,29465.605,27360.05,26420.242,24428.352,23713.102,23230.723,23837.854,23111.514,22604.184,23222.404,23543.99,25010.533,26514.5,28109.955,31055.514,32224.035,33923.45,34802.266,35140.484,34441.867,34769.0,33782.062,32199.084,30675.71,29777.488,28560.28
2034.9803466796875,1870.0889,1836.3042,1830.4191,1857.011,1761.7598,1759.5801,1800.3397,1792.929,1959.6731,2048.2764,2220.6262,2504.1526,2594.1726,2666.5374,2708.169,2690.2957,2683.3208,2716.8877,2674.1663,2504.3706,2362.9104,2276.2961,2112.1404,2044.3529,1887.9622,1836.3042,1805.5709,1857.4469,1800.7756,1757.4004,1823.2262,1852.2157,1972.5331,2085.8755,2213.1677,2438.6538,2534.232,2659.5625,2726.478,2749.5825,2687.6802,2705.9893,2627.3035,2492.1646,2371.738,2295.45,2194.3137
4489.1337890625,4090.7307,3998.2158,4005.1677,4063.4575,3832.4373,3830.298,3942.5996,3932.439,4335.12,4567.4775,4977.7207,5668.3003,5898.251,6058.6816,6151.197,6106.2764,6082.7466,6169.379,6049.591,5626.0537,5282.7314,5074.1045,4661.8643,4515.0703,4122.817,4015.863,3943.1343,4067.7358,3930.3,3822.8115,4003.5635,4085.918,4375.228,4649.5645,4968.9473,5500.65,5747.981,6041.034,6203.6045,6248.525,6097.7197,6128.7363,5939.963,5597.176,5303.0527,5099.7065,4854.515
13549.2392578125,12547.934,12314.182,12182.952,12371.594,11718.183,11731.852,11940.998,11802.935,12908.813,13402.29,14492.791,16259.26,16853.89,17356.938,17650.836,17582.486,17568.816,17787.533,17536.01,16559.992,15661.21,15132.191,14091.927,13638.093,12644.988,12293.677,12051.723,12349.723,11988.843,11740.054,12038.054,12195.255,12917.016,13655.18,14443.409,15893.595,16467.04,17302.258,17741.055,17918.762,17579.754,17743.79,17255.781,16475.24,15725.457,15285.976,14697.415
1082.5616455078125,913.4174,832.86816,670.66205,624.44226,484.42358,416.45334,383.05084,297.2141,348.87152,413.34613,521.12756,692.41254,845.5883,992.7924,1122.9554,1181.9924,1272.1016,1332.6921,1415.81,1348.2283,1290.1622,1264.3335,1236.1744,1154.4159,1010.7074,843.8405,695.90814,621.14087,484.81198,423.05618,357.02795,367.9032,365.1844,416.06494,564.82263,686.7807,846.9477,1029.1565,1104.1179,1189.3721,1272.2958,1341.237,1340.8486,1409.2073,1312.1069,1279.287,1256.3713
536.462646484375,542.18225,542.37134,547.2874,537.45526,540.1024,524.1252,513.74945,494.2743,499.78125,469.46948,436.2506,415.07373,389.4062,375.79248,375.41434,374.46893,378.06146,394.70044,410.01587,429.16013,453.05502,474.79913,511.88232,519.49274,523.06165,557.9231,552.72345,549.27277,535.8954,514.55304,504.1537,497.69547,483.14227,463.3953,431.47635,414.41193,394.88953,389.50073,385.24646,372.7672,386.57,397.82025,406.09247,432.65808,455.4658,479.4493,500.86844
919.0948486328125,890.382,845.0552,821.05676,779.8943,730.9028,693.5724,685.21155,661.44916,659.1023,674.94385,693.2057,724.6688,763.02594,792.5456,840.21014,849.5771,878.51917,918.4348,943.664,939.7769,935.30316,942.41724,936.99,931.85614,895.0758,847.43646,814.34607,776.814,740.8771,705.82025,671.2768,675.2372,682.8646,680.8111,699.733,725.4022,762.29254,815.3179,837.689,833.1763,882.8646,923.862,939.1169,952.6849,938.2368,934.27637,947.69775
214.24049377441406,191.7818,187.1362,181.19348,186.29155,171.29898,172.02296,174.91891,171.35931,195.73355,205.20573,230.38315,268.73563,282.4914,294.73886,301.79773,300.89276,301.97873,306.26233,301.9184,281.61658,261.903,250.16837,228.01134,216.2918,195.03973,185.83907,179.62483,185.74857,176.90988,172.38496,176.54788,179.26285,194.31575,211.05797,228.30545,261.94824,273.6829,293.8037,303.30603,307.95163,301.3754,305.659,295.55334,280.04794,263.59232,254.34639,242.57405
669.1770629882812,610.4579,601.33405,545.7032,561.2863,531.8964,530.9275,511.71103,500.56873,560.55963,559.5907,625.63727,715.7851,783.2446,819.01306,834.9999,865.3587,883.60626,869.39575,887.3204,842.2666,792.9336,769.19556,740.4516,677.4329,627.4136,590.1918,569.3605,573.236,529.7971,532.38086,508.48138,522.3689,535.5298,585.0243,639.92847,716.5017,748.445,823.29236,844.68884,868.4269,866.9735,885.0596,858.0919,843.96216,810.8582,778.64233,764.8356
787.133544921875,803.0321,830.0131,856.6834,869.2935,932.6031,983.66504,980.92035,1035.2966,1014.6854,1040.061,1022.0392,997.90643,977.76135,945.9641,923.2297,855.02625,827.42377,791.6908,792.67474,805.98395,761.0329,777.3976,770.97595,779.88336,834.15607,822.0379,866.36755,933.4576,953.1107,967.0932,1004.43164,984.75256,1039.4396,995.57605,995.11,1002.15295,978.5899,945.7052,893.5242,846.86975,823.3844,815.7717,786.8746,754.8185,785.9942,791.2765,787.91034
1623.82958984375,1567.5057,1502.4631,1440.3789,1392.6744,1305.3441,1251.5236,1222.3945,1170.5083,1177.7905,1193.2654,1230.3595,1277.239,1330.3768,1384.7664,1462.8658,1492.5709,1543.9521,1611.4269,1645.9039,1646.928,1648.1797,1667.7507,1672.4159,1644.0834,1578.7136,1512.7039,1445.6699,1392.8451,1314.9021,1261.6505,1196.9065,1203.5061,1197.3617,1210.5608,1235.1384,1272.1188,1330.3768,1423.0552,1471.542,1468.7115,1543.6677,1603.3481,1629.1775,1666.6129,1652.1621,1652.7311,1677.7638
14373.85546875,13203.558,12996.535,12712.264,12940.916,12200.887,12237.965,12410.999,12290.493,13506.367,14013.11,15318.978,17280.676,17934.19,18592.336,18896.691,18887.422,18946.13,19125.344,18902.871,17824.498,16780.885,16186.853,15042.818,14459.601,13393.586,12936.281,12619.567,12940.916,12491.336,12244.145,12531.505,12653.557,13481.648,14328.28,15212.763,16919.93,17532.502,18504.275,19020.287,19264.389,18899.781,19103.715,18559.893,17694.723,16878.99,16387.31,15742.68
1625.40673828125,1463.28,1426.1467,1370.2256,1410.2324,1300.6006,1309.884,1320.9355,1292.6436,1468.8058,1532.0209,1717.1902,1996.1875,2104.493,2197.9895,2249.2688,2251.9211,2266.9514,2288.1704,2268.2776,2127.7014,1978.726,1892.7446,1738.8789,1640.2158,1489.5828,1416.2002,1367.3523,1407.58,1341.0494,1311.2102,1325.3562,1347.2383,1451.7864,1576.4482,1707.078,1955.2966,2039.0676,2189.8113,2261.6465,2297.0117,2256.3418,2294.8013,2218.9875,2112.229,1992.4299,1928.9939,1843.5651
3249.38232421875,3107.5283,2908.4238,2732.299,2550.29,2286.6199,2124.728,2031.8552,1919.8987,1892.5457,1959.3379,2052.847,2191.5205,2369.315,2544.247,2790.3247,2867.3943,3031.9895,3228.0723,3350.525,3346.3901,3346.3901,3384.5571,3388.0557,3333.6677,3146.9675,2917.727,2719.8948,2529.7754,2326.3772,2171.4827,1970.1519,1991.7798,1985.4187,2001.9578,2075.747,2191.8384,2371.2234,2649.2063,2784.5798,2814.466,3025.6282,3216.9404,3295.5007,3396.3252,3358.7944,3342.5732,3412.5461
5006.31689453125,4614.0654,4533.5493,4398.4727,4491.1724,4230.0244,4251.213,4279.8174,4227.906,4639.4917,4794.6973,5240.7144,5912.389,6168.7695,6398.6646,6512.0225,6520.498,6558.637,6599.955,6556.5186,6210.6167,5854.6504,5645.8115,5277.927,5042.0728,4687.166,4506.534,4392.646,4488.524,4328.0215,4256.5103,4299.9463,4346.561,4603.471,4901.434,5213.567,5816.246,6016.742,6371.649,6544.8647,6633.8564,6530.0327,6619.0244,6436.8037,6174.596,5891.4653,5731.4927,5525.501
96556.2421875,89585.56,88209.53,83818.91,85692.84,81148.32,81782.016,81021.58,79736.08,86163.59,88128.055,95460.85,106396.67,112081.85,116689.74,118563.68,120039.29,121523.95,121686.91,122030.914,116671.64,110796.35,107596.17,102565.06,97414.0,91269.39,87394.77,85158.73,86317.49,82524.35,81872.55,80532.73,81872.55,84814.72,89929.57,95768.65,105722.234,108750.41,115947.41,119016.32,121270.48,120455.72,122574.086,119740.55,116273.31,112081.85,109126.1,106881.0
88022.828125,81847.72,80643.41,76671.555,78322.5,74318.75,74877.05,74159.24,72978.85,78633.555,80316.41,86760.69,96355.33,101435.79,105535.25,107178.22,108565.98,109905.875,110033.484,110384.41,105670.83,100534.55,97739.1,93370.46,88790.48,83355.11,79909.65,77915.75,78920.67,75515.09,74956.8,73680.7,74908.945,77405.31,81903.55,87079.71,95809.0,98464.875,104857.32,107592.95,109618.75,108932.85,110831.05,108358.61,105351.805,101706.96,99082.984,97160.87
4380.43310546875,4002.744,3917.209,3524.869,3538.658,3332.6846,3271.496,3171.526,2975.0325,3270.6343,3253.398,3582.6104,3983.1377,4335.188,4586.191,4809.8315,5031.3174,5148.524,5119.222,5295.8936,5133.011,4925.3145,4824.0513,4784.4077,4455.842,4189.2456,3900.6191,3656.726,3599.4158,3299.074,3238.747,3150.8423,3137.0532,3113.7842,3338.7173,3700.2478,3995.4185,4273.703,4724.081,4802.075,4974.007,5126.1167,5211.436,5139.044,5232.9814,5025.7153,4883.9473,4774.497
46873.171875,44266.477,43707.004,40978.844,41014.176,39544.83,39150.254,38520.11,37124.375,39109.027,39038.36,41229.133,44019.13,46397.254,48221.06,49691.88,51246.625,52041.66,51870.875,53107.6,52018.105,50598.812,49915.668,49612.375,47403.934,45631.11,43580.387,41826.883,41447.03,39397.598,38908.797,38266.875,38225.652,38060.754,39550.72,42086.008,44101.58,46027.523,49129.465,49585.875,50899.16,51870.875,52530.465,52006.33,52695.36,51255.457,50339.688,49600.598
2496.481689453125,2430.3376,2413.915,2407.2007,2419.268,2384.2454,2370.817,2400.1235,2382.975,2457.7388,2483.7336,2558.4067,2677.8562,2715.692,2737.9214,2758.7898,2749.7166,2748.4463,2763.3264,2746.9038,2680.7598,2629.1782,2589.0518,2525.312,2496.9353,2430.7913,2405.6582,2401.7568,2421.0828,2396.4036,2381.7048,2403.9343,2415.9111,2459.7349,2508.05,2554.1536,2642.3345,2686.748,2750.1702,2768.226,2772.0369,2749.626,2753.5273,2733.4753,2685.9316,2640.8374,2600.2798,2573.939
18521.85546875,16828.89,16471.877,16023.906,16390.016,15280.32,15339.443,15566.84,15312.156,17149.52,17865.816,19776.23,22659.332,23653.055,24614.941,25117.488,25085.652,25181.158,25485.87,25149.324,23623.494,22086.295,21229.578,19540.023,18663.979,17076.752,16387.74,15898.839,16376.371,15714.648,15371.279,15687.36,15896.564,17054.012,18324.021,19627.57,22140.87,23036.81,24517.16,25272.117,25613.21,25117.488,25458.582,24669.516,23446.125,22234.102,21525.762,20610.492
856.8114013671875,748.9793,735.448,756.37274,768.2301,726.1016,727.6361,766.1376,795.99023,871.8075,953.3093,1060.7578,1230.6666,1282.9785,1323.1539,1327.3389,1296.7888,1288.419,1305.2981,1266.7966,1131.9717,1043.2856,993.8684,893.1507,860.43835,761.67365,743.3994,729.31006,779.2504,742.84143,718.28973,792.0843,820.1234,898.45166,959.0636,1053.9922,1179.6102,1248.8014,1310.878,1341.8467,1343.2417,1295.2543,1283.6759,1242.803,1132.1809,1048.8656,982.4993,917.28394
2320.517333984375,2218.508,2199.9163,2104.613,2101.1238,2049.6558,2037.661,2014.7621,1978.56,2040.7142,2042.0227,2121.6238,2229.576,2319.5903,2385.8337,2432.3948,2492.2593,2521.1555,2509.161,2558.0117,2516.5757,2461.8364,2436.9746,2418.3284,2335.7559,2277.6636,2195.9363,2139.5068,2119.552,2047.693,2027.6292,2008.4376,2007.7834,2004.9482,2062.4136,2155.863,2234.1829,2306.1782,2416.6929,2431.3044,2483.754,2516.1394,2532.7139,2515.049,2536.2034,2484.081,2445.48,2421.9268
1674.2633056640625,1489.5267,1465.9276,1302.3225,1339.0826,1250.813,1246.7285,1189.0923,1132.8176,1308.4492,1300.2803,1478.8618,1729.0631,1918.2811,2039.5669,2090.8494,2182.0688,2244.6973,2220.1904,2260.5813,2134.8708,1992.3687,1933.7113,1867.9062,1696.4016,1543.3054,1440.2864,1350.8821,1374.2543,1243.5518,1250.3591,1163.2241,1213.1453,1228.1216,1357.2357,1524.4716,1731.7648,1816.5101,2030.9441,2121.483,2195.6838,2186.6072,2255.589,2188.4226,2140.7705,2062.0312,1987.8303,1939.4977
107079.8828125,100878.1,99456.68,97747.59,99245.16,94997.83,95251.65,95962.36,94930.14,101741.1,104304.734,111284.914,122212.07,126150.586,129577.22,131565.52,131379.38,131700.89,132766.95,131717.81,126099.82,120486.06,117192.69,111086.086,107629.836,101758.02,99092.87,97383.78,99042.1,96689.99,95353.18,96275.41,97129.95,101250.375,106034.97,110910.52,120376.07,123671.56,129298.01,131988.55,133257.67,131514.75,132817.72,129949.49,125685.234,121040.24,118485.08,115124.016
2012.1768798828125,1855.5221,1818.0815,1673.1694,1666.0217,1582.9717,1554.7212,1521.0247,1447.5049,1552.679,1558.4652,1685.0824,1848.0339,1987.564,2096.333,2185.935,2257.923,2312.0417,2312.7227,2385.2212,2315.4456,2222.8652,2183.2122,2158.7056,2046.2137,1937.9286,1814.5077,1716.2261,1684.4016,1572.08,1542.1274,1512.5154,1504.0061,1509.452,1589.0984,1732.9042,1855.7773,1966.5035,2141.1768,2174.0222,2252.137,2305.2344,2341.3135,2322.9336,2354.2476,2268.4746,2211.633,2174.873
2215.3671875,2027.6847,1985.2125,1801.7668,1808.1217,1714.7042,1683.3533,1631.6664,1541.4263,1689.2844,1678.6929,1845.404,2042.0892,2218.015,2337.276,2448.911,2546.1414,2609.479,2593.38,2677.6885,2591.685,2482.3804,2430.9053,2409.7222,2248.9424,2115.1975,1978.6458,1865.7397,1838.4136,1691.8264,1666.8303,1630.3954,1619.8038,1617.262,1728.4733,1899.8446,2050.8271,2180.415,2400.4016,2445.7334,2523.8992,2591.685,2633.6277,2603.124,2639.1353,2538.7273,2463.5273,2411.6287
2829.850341796875,2569.8064,2512.9434,2362.4646,2435.2769,2258.794,2280.9841,2262.9546,2209.5588,2463.3618,2544.1487,2823.089,3248.8677,3458.1165,3627.3184,3706.3716,3744.1646,3797.5603,3812.1228,3814.2031,3607.9016,3381.49,3255.1086,3052.5562,2863.0493,2625.2825,2485.899,2403.725,2451.9197,2314.2698,2287.9187,2247.6987,2292.0793,2416.207,2611.0667,2832.104,3215.9287,3331.0415,3602.0073,3719.2004,3798.9473,3760.114,3841.2478,3732.7227,3590.912,3424.8308,3314.7456,3222.17
3534.748291015625,3283.7258,3232.234,3123.83,3187.1785,3018.8137,3037.7844,3041.172,3006.6184,3261.7063,3353.5107,3637.478,4062.8784,4240.3896,4394.5264,4464.6504,4484.976,4520.207,4535.113,4522.9175,4310.175,4081.0022,3947.3606,3727.2075,3559.986,3337.25,3211.5693,3136.3643,3190.2275,3078.436,3040.4946,3046.5923,3077.0808,3229.8625,3421.9407,3628.3315,4014.9436,4137.7446,4375.217,4485.6533,4550.018,4493.1064,4557.471,4442.631,4286.4614,4109.458,4007.152,3886.2988
427.57635498046875,362.88766,351.51947,292.08307,306.11972,268.17694,267.44586,249.169,222.41167,276.365,272.27097,332.14597,403.80957,467.68723,510.38196,537.1393,562.28827,584.1474,594.67487,599.7924,564.92017,522.59094,503.87543,487.35312,434.45074,379.11752,344.9398,306.55835,313.35736,270.6626,267.44586,239.08017,252.23952,251.94708,288.3546,344.2087,406.28607,436.20532,499.56207,545.4736,567.8444,569.01416,594.09,581.22314,574.2048,542.47614,522.3716,510.30887
35064.84765625,32469.477,31917.195,30648.35,31333.457,29582.238,29791.965,29743.027,29309.594,31931.178,32836.5,35724.613,40075.57,42008.55,43644.42,44388.953,44661.598,45095.03,45241.84,45171.93,43043.203,40682.03,39350.266,37138.41,35363.707,33021.758,31686.496,30875.553,31413.852,30183.455,29826.918,29715.064,30085.582,31536.191,33528.598,35684.414,39635.145,40872.53,43431.2,44570.715,45269.805,44773.45,45486.523,44343.51,42805.516,41019.34,39963.715,38826.82
34038.09375,31583.148,31051.992,29893.402,30544.07,28877.562,29070.107,29056.828,28638.543,31138.305,32014.715,34759.31,38904.83,40712.426,42246.145,42966.527,43185.63,43584.0,43743.344,43643.754,41612.074,39372.91,38108.094,35981.8,34320.273,32087.75,30839.527,30079.309,30603.826,29455.197,29109.945,29030.271,29375.523,30779.773,32668.703,34706.19,38459.984,39640.152,42053.598,43132.516,43783.184,43291.86,43969.086,42873.574,41396.293,39676.668,38690.707,37588.555
1154.153076171875,1063.0206,1045.9911,1027.1106,1044.6337,985.52405,988.48566,1000.3323,991.2005,1089.9222,1127.0664,1232.1896,1391.2705,1445.6909,1492.9539,1516.4004,1516.6472,1517.8811,1531.949,1514.9196,1429.5251,1349.1287,1297.0221,1208.6969,1158.9042,1078.5693,1039.9443,1018.8426,1040.8082,1009.5874,986.2644,1010.08105,1022.42126,1086.2202,1154.4617,1227.8088,1362.8263,1413.2361,1489.4987,1530.4683,1547.0042,1517.6344,1531.949,1486.2902,1422.2444,1356.2242,1316.3345,1262.2689
5874.83154296875,5614.035,5236.017,4912.748,4565.095,4076.2158,3770.2876,3595.8179,3383.7883,3329.2666,3449.2146,3607.9336,3864.1865,4194.3467,4511.179,4970.223,5125.8755,5416.545,5795.4717,6026.8867,6028.704,6032.339,6108.67,6127.449,6022.6465,5692.4863,5253.585,4889.803,4533.8965,4149.5176,3850.859,3469.8118,3509.7944,3500.1016,3525.5452,3650.3396,3870.85,4201.616,4718.665,4961.8174,5010.13,5413.516,5782.75,5926.324,6121.997,6057.177,6030.5215,6168.038
21134.029296875,19819.766,19177.967,18015.463,17672.504,16631.744,16079.443,15856.742,15147.066,15604.347,16040.842,16900.47,18172.84,19376.543,20434.746,21448.04,21886.02,22561.547,23087.123,23663.18,23125.727,22628.36,22453.166,22242.342,21629.17,20503.041,19297.111,18186.201,17624.994,16610.959,16150.708,15637.01,15672.642,15729.06,16135.861,17230.068,18150.57,19318.64,20679.719,21315.902,21917.197,22566.002,23078.215,23113.848,23597.854,22828.79,22588.271,22447.229
34567.45703125,32274.242,31841.879,29988.092,30601.31,29188.363,29290.094,28804.04,28159.734,30143.516,30386.543,32641.61,35839.816,38019.29,39562.23,40243.273,41014.742,41639.266,41757.953,41995.33,40364.785,38720.113,37845.5,36677.695,34862.06,32816.812,31497.121,30632.395,30883.9,29425.738,29340.96,28498.844,29058.371,29504.863,30994.11,33003.324,35800.254,36728.562,39183.562,40418.477,41277.55,41175.82,41995.33,41266.246,40472.17,39364.418,38406.438,37873.758
356.9309997558594,329.80322,324.83246,323.21075,327.44122,311.01297,310.02588,316.16003,314.18582,342.38882,354.53372,383.67316,430.2059,444.80096,457.2808,463.4502,461.82852,461.47598,466.1295,459.255,433.27298,410.5167,396.6267,369.84268,358.67606,333.64587,324.47992,318.94507,327.0182,317.5702,310.80145,320.42572,323.88058,342.74136,362.28955,381.9259,419.87656,434.5421,456.5757,466.69354,471.9111,462.11057,464.3668,452.59204,432.10962,413.03732,400.07275,384.82553
2619.810302734375,2443.8384,2403.4897,2406.2886,2433.8096,2331.4216,2327.2236,2375.0356,2362.6746,2545.9932,2641.8506,2824.3748,3126.9688,3222.3596,3294.661,3342.2397,3319.3833,3306.3223,3351.5688,3298.1594,3116.7065,2966.39,2877.7043,2697.4758,2631.705,2455.9663,2407.4546,2373.403,2433.1099,2375.0356,2327.2236,2399.0583,2432.177,2557.4214,2681.2664,2815.709,3050.4692,3156.1223,3293.9612,3359.9653,3381.4224,3317.051,3333.8435,3252.2131,3105.7446,2975.4858,2891.9314,2785.8118
1492.7391357421875,1407.6768,1391.5367,1320.5837,1341.5448,1291.448,1294.1729,1275.9369,1248.8972,1323.8328,1330.7499,1414.9607,1531.3729,1613.0946,1671.0518,1697.0435,1727.0177,1750.9132,1759.5072,1764.7474,1703.9606,1644.117,1613.7234,1572.1158,1504.5559,1426.2273,1377.3881,1343.3264,1354.5406,1299.6228,1296.6882,1261.6833,1283.902,1297.1074,1352.5493,1426.6465,1529.1392,1564.3602,1654.0734,1704.6942,1737.4982,1733.7252,1765.7955,1738.127,1710.2489,1668.4316,1634.37,1617.1296
306.3611755371094,271.8456,261.0857,228.33081,224.45538,201.83627,192.81842,186.03642,167.47906,186.63264,191.4024,217.338,251.28531,280.41394,306.8456,329.3902,344.14667,357.41257,363.11392,378.6902,365.12616,349.0282,342.39526,338.07266,316.49692,290.36105,260.88074,236.37979,226.61668,200.79288,191.70052,183.57701,181.19214,180.67044,194.75615,227.02658,250.78224,278.98395,315.80756,326.03647,342.9915,357.4871,367.51105,365.2752,376.3053,356.6673,347.05322,340.1967
204.11349487304688,163.92531,138.04633,103.81444,86.743355,50.755653,26.046158,21.329819,-3.9948578,9.641495,24.713272,51.57589,93.766594,133.2531,168.51668,206.24097,214.95593,242.22867,265.24643,281.54855,264.4262,247.45764,247.09879,236.17944,222.08171,180.2114,143.12152,104.48088,82.84725,49.730362,33.428246,11.179443,15.17807,19.791885,30.249847,61.88006,92.48498,129.90808,173.26506,200.6275,216.34009,240.94705,262.2731,266.5793,279.08786,254.73721,247.8165,249.2519
22007.439453125,20497.828,20191.984,19221.52,19625.39,18635.32,18772.557,18580.424,18298.107,19678.324,20070.432,21644.74,24023.85,25303.1,26295.13,26706.842,27046.016,27379.307,27406.754,27504.781,26353.945,25089.4,24387.53,23333.006,22198.592,20866.408,20021.418,19539.125,19762.627,18925.479,18800.004,18474.555,18772.557,19382.283,20474.3,21769.234,23900.826,24537.51,26120.643,26804.87,27304.805,27136.2,27614.57,27014.646,26273.564,25399.166,24740.426,24263.035
532423.3125,495434.22,488269.03,461562.44,471240.06,448116.06,451093.8,444859.16,436670.38,469006.78,476730.28,513998.56,568400.5,600725.25,625663.8,635620.6,646321.94,655348.2,656092.6,659442.56,632317.25,603656.5,588372.3,565387.9,536959.75,504739.66,483523.25,470867.88,475892.8,453792.38,451559.06,440671.72,449232.72,460585.34,486035.72,517604.44,566458.0,581835.25,620592.4,638179.6,651253.8,648741.3,660838.4,647252.44,631479.75,612031.4,596188.9,586557.75
5200.93994140625,4998.4233,4966.141,4757.2856,4804.337,4702.3926,4698.733,4626.588,4549.2144,4756.5015,4721.736,4947.8433,5209.141,5438.3525,5564.476,5644.4634,5757.909,5821.167,5786.6626,5851.489,5717.6543,5570.7495,5502.5254,5453.383,5216.7705,5060.766,4928.761,4831.783,4856.8774,4690.891,4700.824,4597.834,4647.4995,4648.545,4795.188,4994.5024,5220.316,5324.188,5576.5005,5678.968,5753.7266,5757.125,5837.3735,5761.83,5737.259,5637.406,5550.622,5490.2397
1349.0208740234375,1264.3743,1157.4323,1061.617,967.7751,830.3922,745.24176,698.2158,638.08984,627.0052,675.0388,729.1186,814.605,920.7492,1016.1446,1149.4442,1188.8389,1278.482,1378.9159,1444.0804,1430.3086,1420.7354,1436.8586,1432.8278,1399.5737,1294.2693,1166.1027,1054.7731,956.6904,846.8513,769.76245,664.6259,681.4209,680.4132,695.5287,746.24945,814.77295,919.0697,1068.167,1142.065,1165.4939,1275.375,1368.503,1408.3071,1459.1959,1428.965,1416.2008,1448.4471
-152.0531005859375,-2.7803955,52.869507,496.10455,740.3093,1365.5522,1964.6069,2087.0369,2641.5718,2494.9177,2693.948,2593.1235,2384.9272,2280.1748,2005.8534,1778.0161,891.0551,494.14044,89.53296,88.22351,145.18286,-307.21802,-211.63123,-176.2771,-215.55945,274.8144,177.91809,413.61176,1199.6562,1588.1519,1870.3296,2139.413,2303.0894,2788.2256,2538.1284,2446.4697,2598.361,2380.999,1956.7505,1422.839,918.06165,449.62048,395.28003,93.46118,-226.03467,-136.34009,112.44763,-88.54675
-114.6317138671875,-5.8919067,29.216919,360.80005,544.146,1003.9739,1453.5615,1552.0613,1956.3003,1855.85,1996.2852,1924.1172,1771.4913,1697.3728,1493.5466,1321.6598,666.1735,368.11438,67.2514,67.2514,104.31073,-229.22296,-159.00531,-127.797485,-158.03009,195.9837,125.2785,297.40918,877.9254,1175.373,1388.7078,1577.4177,1712.0015,2066.503,1887.0579,1823.1793,1927.0427,1770.5161,1456.975,1066.0238,691.7737,333.49323,289.11957,62.862854,-166.80731,-102.4411,79.92963,-64.894226
148.6259765625,272.25043,250.79114,490.1093,564.7505,832.05914,1205.1338,1564.7087,1791.6646,1857.9087,2020.2532,2238.5786,2148.0762,2191.9277,2001.5928,1820.1216,1504.9958,1185.9486,794.5053,714.9658,516.70026,276.44904,345.95862,316.1021,213.93701,387.01123,268.05188,262.9203,658.985,1101.5837,1326.5569,1420.3248,1738.4827,2013.722,1989.9302,2288.9614,2177.9326,2075.7676,1952.6096,1619.9899,1372.6244,1099.2512,745.7553,627.729,539.0926,415.00165,323.56622,276.44904
193.0059814453125,354.4303,325.83142,776.4212,950.556,1454.6891,2052.5625,2376.0466,2725.5874,2700.166,2836.8047,2910.5261,2711.6057,2726.8584,2447.2258,2149.4807,1462.9113,1024.5951,611.81934,600.37976,483.4425,102.760864,189.19275,255.28772,250.20349,477.08728,426.8805,567.3323,1298.6667,1739.5647,2110.078,2200.6406,2553.359,2930.863,2824.0942,2896.5444,2894.0024,2705.2505,2372.869,1936.8964,1436.2588,976.6127,698.2512,484.71362,280.07336,283.2511,409.0857,288.33533
185.31475830078125,292.7945,325.2025,591.8507,758.4032,1148.325,1525.1193,1651.8796,1926.3223,1872.9926,1991.1382,1943.5518,1813.0994,1747.0526,1562.0398,1409.2299,879.72815,614.8234,339.9707,364.99463,365.40485,78.65552,126.24194,169.72607,141.83063,421.19586,384.27533,524.9835,1040.5759,1287.8024,1489.8396,1618.6512,1745.4116,2043.6475,1914.8358,1859.0448,1948.4745,1799.5618,1523.8885,1210.3718,879.6256,602.9268,520.8812,343.66278,144.29199,195.16022,349.81616,217.72278
196.036376953125,271.36212,287.02386,524.1879,658.43176,1003.457,1354.635,1468.3694,1718.212,1671.2268,1783.8423,1742.8235,1633.1909,1580.612,1433.3169,1299.073,829.2197,595.59814,338.85687,345.19617,331.7718,84.91235,135.62671,175.15405,163.96704,378.75714,347.06067,449.23514,909.97577,1136.8618,1318.091,1434.8085,1575.7644,1831.5735,1727.9075,1692.8549,1737.6028,1623.8684,1394.1624,1117.3778,818.3124,567.81714,472.35492,323.19513,167.69604,196.78223,323.568,222.8852
-1.5486297607421875,19.630035,32.35431,89.57085,115.702576,206.99284,288.46234,297.17294,374.71417,359.34253,381.7168,366.17438,333.2962,324.50024,281.88672,256.86517,133.80692,82.22663,32.183517,30.73175,35.001633,-19.65297,-8.380447,-12.308746,-14.1875,58.656837,44.822388,82.141235,187.0311,235.43031,272.15137,307.84766,325.7812,392.3061,353.3647,339.35947,363.44165,332.61304,274.5425,203.2994,137.79926,73.85764,66.001045,29.023788,-15.72467,-0.35305786,32.268906,5.283203
11.98309326171875,15.269859,20.312916,37.160736,44.875862,72.00424,95.1057,97.84049,120.0199,114.75104,122.277985,116.30661,108.22768,103.20972,91.36732,84.6307,48.40098,34.513763,18.105011,18.857708,20.689262,3.4525528,8.319977,7.517105,7.81818,28.542381,24.17675,34.76466,65.2143,80.17725,89.73648,101.87996,105.34235,125.18841,113.64708,110.38541,115.25284,106.77248,90.08774,69.25063,49.82483,31.879328,30.649927,18.355911,6.0618935,10.954411,19.710762,12.309261
-34.11799621582031,-26.480988,-20.900085,60.97757,126.11254,233.32454,379.30908,402.95447,484.0244,483.5838,518.0972,486.96167,459.0572,446.7205,387.093,265.74515,134.3003,8.913666,-37.49591,-14.144257,-25.746658,-136.6303,-109.31328,-91.395645,-71.42189,-12.675598,-16.934708,26.831284,197.35161,289.13354,367.85358,400.16403,434.97122,516.33484,507.37604,472.7157,488.2835,446.86737,352.0655,250.875,122.36746,23.306503,-27.362183,-77.88399,-74.065475,-49.245163,-63.784897,-67.45653
10.376495361328125,8.083176,18.090363,72.9214,122.33189,198.28487,308.71573,333.004,377.7236,380.64236,413.79117,393.5683,370.4267,359.89832,312.1557,230.16974,134.91905,48.737366,5.3728943,25.387268,9.646805,-63.009537,-49.875107,-38.200058,-23.397766,15.901291,11.835876,44.67195,181.88434,241.42783,295.47705,321.2247,340.92633,406.70276,392.42166,381.37207,389.71136,351.8717,293.70496,214.55957,125.823975,52.490067,18.507324,-24.127457,-24.857147,-7.344574,-24.127457,-16.622055
-80.13236999511719,-47.714615,-54.59427,6.697174,7.426834,73.513176,148.5688,217.36043,274.06543,292.2027,333.1679,367.25342,346.9272,361.8331,325.6628,286.8866,200.05707,137.82748,60.170822,47.29753,6.801407,-50.21631,-29.89006,-38.1248,-66.37306,-11.752808,-45.421402,-41.356155,30.25476,125.13662,176.83824,203.02782,271.98068,314.4052,322.8484,372.04834,368.50427,341.92383,313.67554,242.11674,172.23877,120.47201,47.089058,28.586967,12.534454,-6.3324738,-28.326508,-45.734116
-42.73588562011719,-6.388214,-9.843796,74.498184,76.80191,164.91943,260.3961,346.59384,411.0982,428.76007,469.33127,505.29498,479.44208,495.0562,446.67798,394.0762,276.1382,194.41994,108.414154,96.12761,51.076965,-16.371017,2.8266907,1.2908783,-20.210571,36.998642,3.9785614,12.297577,116.79716,228.90384,296.96774,323.81256,404.315,463.82794,468.17938,514.5099,505.80695,476.24243,434.13544,337.6989,251.43716,183.09328,102.65483,70.01871,49.79712,28.167694,16.137115,-5.6203003
-272.43707275390625,-231.21436,-255.29956,30.016998,169.20145,548.5717,937.1476,1049.4678,1305.1411,1338.4897,1437.1462,1352.385,1259.2866,1286.1509,1121.7233,701.39087,289.51147,-64.00775,-193.23395,-127.46289,-207.12921,-521.16266,-449.83356,-413.2426,-326.62866,-155.25348,-168.68561,-78.36621,366.5145,634.8093,932.7474,1104.5857,1222.2324,1425.5669,1420.4719,1348.2164,1372.3015,1310.6992,1014.7296,656.6944,245.85709,-22.785095,-219.63495,-359.05103,-296.9854,-258.0786,-295.1327,-351.6402
105.97630310058594,128.04845,125.85222,201.95169,206.01472,285.738,379.7917,455.1774,510.19305,511.18134,544.4543,569.38153,546.10144,559.16907,507.77716,458.25214,357.51364,286.09488,211.39551,201.73207,164.06668,109.051025,123.54617,128.37788,121.02051,156.70929,138.70018,148.80286,256.19867,345.71576,403.40118,421.90445,493.61148,551.48224,541.709,583.43744,567.1853,538.9637,498.33337,417.3473,341.45367,271.90173,211.17587,171.53386,157.36816,140.45717,138.37074,123.216736
40.01788330078125,106.562805,108.87738,307.6442,350.75375,562.8295,815.26624,1011.2845,1143.5063,1164.3379,1223.3604,1300.3209,1219.8884,1254.0288,1113.9951,971.06824,711.14514,498.30988,308.8015,288.25937,197.41107,39.43921,88.62457,105.40546,82.54877,171.37177,138.67798,172.52905,485.7242,713.35126,869.5149,920.2915,1099.8181,1263.866,1227.7002,1326.3602,1282.9614,1207.158,1083.616,872.4081,675.323,474.29584,306.7762,213.324,149.383,124.21167,129.13019,90.93921
-51.10272216796875,26.313232,152.2901,376.97232,459.1388,855.1918,1176.292,1147.437,1558.0935,1405.3729,1554.5746,1467.3057,1324.438,1232.5946,1041.518,928.3851,430.45972,237.09576,33.70294,24.553772,97.39514,-149.98401,-90.866394,-113.38739,-105.64581,260.67245,167.42142,400.72495,815.0763,956.36035,1093.5978,1312.1218,1256.1713,1576.3918,1360.3309,1327.2532,1411.0032,1259.3384,1025.3309,698.5345,404.94763,225.13147,218.44556,27.368896,-184.4693,-41.953552,30.887817,-40.89789
18.500640869140625,23.70996,59.269135,177.83746,299.74652,477.93878,695.7104,714.2827,855.16046,823.22516,895.02295,815.9774,794.00775,718.8125,597.5263,452.17535,250.54124,60.628082,-49.220337,2.4197388,41.602783,-187.60669,-134.15466,-86.59143,-85.685455,62.440002,54.512817,152.35716,455.40286,581.21893,666.7195,712.92377,740.3292,908.6125,867.844,765.01685,811.44763,724.47485,558.00354,414.19556,231.06297,72.17914,32.09015,-78.89072,-101.53989,-39.4812,-64.16876,-56.015076
-23.64990234375,-13.962036,1.657196,110.398605,208.71075,355.26453,547.5391,573.6371,691.0778,675.26086,733.78357,678.0288,650.1515,613.3771,517.8824,375.7771,201.04941,29.336823,-45.79361,-9.019226,-3.8787231,-178.85358,-140.10208,-108.072784,-85.138245,11.542786,5.01828,71.647125,317.5634,437.61145,534.2925,574.0325,610.21375,733.38806,715.59406,644.41785,677.238,618.9131,483.18396,349.82745,178.51028,47.921722,-10.600922,-88.10391,-92.058136,-57.65631,-69.91443,-77.22977
65.92300415039062,111.098694,105.85007,155.52457,211.57242,286.9277,427.98456,576.2583,681.8869,729.49945,789.2963,923.3237,879.83514,919.5747,868.02576,797.5442,698.0077,579.16376,401.46027,368.9375,278.30496,158.71124,185.32928,162.83514,88.417114,163.39752,85.043,84.66809,209.6979,387.12024,476.50507,530.84827,661.6422,773.17554,763.803,909.0775,905.3285,860.9026,838.40845,720.1269,620.68414,515.243,359.93985,343.72534,269.6822,235.56613,174.26965,139.96613
107.49014282226562,132.81546,139.66013,234.11667,282.64545,401.52036,529.9436,572.9282,673.1343,656.5701,693.66833,681.0741,637.67883,626.72736,571.97,526.1106,351.05798,260.87936,168.81845,175.25246,169.50293,86.40854,96.26489,109.269775,104.478485,177.57965,162.65825,206.32729,361.941,455.09708,531.5863,561.42914,620.84094,704.89355,668.47986,662.3197,684.3595,644.3866,567.17865,460.88083,356.2257,253.4871,217.41566,161.01552,107.07947,115.84067,161.5631,122.27466
231.1038818359375,205.04913,250.54153,234.82599,277.2166,326.8447,421.138,543.3471,702.80316,806.27246,924.8629,1108.2799,1129.3718,1245.5842,1212.0853,1151.7045,1013.1595,1003.64746,775.927,809.78784,566.6103,478.3137,397.15112,354.14014,266.05032,261.91464,226.9682,205.4627,249.30084,357.24188,456.91156,619.0299,688.31537,860.03625,887.84863,1080.9845,1154.1859,1126.0634,1227.8008,1109.5206,990.82684,910.59485,794.6926,707.7401,574.1062,478.41708,324.1565,301.20352
380.4912109375,480.15106,469.07776,858.2258,1015.6251,1422.1082,1934.9742,2136.9304,2485.4763,2448.038,2575.1177,2585.6636,2423.255,2432.7463,2219.1895,2002.4688,1375.5739,1026.1711,685.7984,685.7984,635.17755,337.25256,373.109,411.60193,402.11047,632.541,568.2103,708.99963,1285.4713,1668.16,1973.2036,2052.0352,2320.4312,2622.5747,2533.988,2547.6978,2599.3735,2460.6934,2180.6965,1800.5125,1394.8862,981.61426,809.7141,610.9217,440.07617,449.56763,589.82965,455.36792
16.7030029296875,40.909348,31.251266,121.35271,114.01744,209.71204,300.57758,361.09344,443.98187,455.47382,490.5608,505.59808,478.94666,495.20648,458.4079,397.15848,278.86212,196.23349,126.36513,124.53133,100.56947,30.15097,43.4767,29.295197,22.32669,103.625824,60.22554,75.38507,162.67468,258.91174,333.83075,357.91486,433.10126,473.81195,487.87122,501.07468,519.2905,499.8521,451.56165,356.0199,258.7723,190.12077,130.15501,95.55704,86.51022,75.75185,71.35068,37.97525
-0.57513427734375,68.50958,27.308472,346.92914,345.68063,679.4512,1011.76514,1193.2166,1480.5837,1493.069,1616.6724,1642.475,1546.7552,1590.0372,1459.3589,1273.7458,831.4453,562.09045,306.14423,309.05743,257.03583,5.6674805,45.20392,8.996887,17.320312,257.86816,135.09723,202.93335,536.0797,859.1338,1097.7048,1173.2402,1422.3196,1593.7827,1602.9386,1612.0944,1689.5024,1620.834,1425.6489,1111.6466,777.9801,523.17834,347.34534,219.16412,169.63953,141.33978,167.55865,50.197937
38.72491455078125,74.569275,73.33328,200.28938,248.9353,379.72086,556.2609,628.1262,737.9547,731.4215,774.682,778.5666,727.1838,732.1278,663.0877,579.65686,377.8558,260.5891,146.43457,144.49225,122.24405,24.59906,38.724915,49.84903,50.378754,119.24231,101.761566,143.96255,335.5003,468.59235,572.8588,592.635,687.2782,788.4547,757.20123,774.682,778.91974,732.1278,643.4881,522.8886,380.2837,246.11014,180.16005,112.5325,63.621735,61.679443,106.7056,68.21265
465.02410888671875,577.88904,720.0423,842.63226,893.37695,1020.49774,1050.7893,1058.2974,983.2159,1062.1809,916.16034,688.5857,558.0709,373.3729,210.39426,47.286194,-27.795288,-86.82489,-141.19427,-114.26849,-80.093445,27.350769,117.70746,287.80588,391.23712,473.3737,734.02295,876.0306,970.27075,1002.89246,977.0022,1074.6082,994.34863,972.0831,873.4415,664.5726,534.65247,383.47006,216.349,99.06653,-13.814636,-51.614258,-120.99994,-79.05786,-59.89911,45.473877,138.16068,224.63385
33.0054931640625,46.736008,70.57451,106.68283,119.01108,186.69957,241.24182,236.27548,302.53247,279.1614,302.7662,286.17273,261.04883,244.9812,210.91785,191.34457,111.327835,79.22181,44.924744,44.45733,57.36985,14.483917,26.052597,21.84581,24.650337,85.940994,70.80822,113.34358,181.87929,205.16272,227.0439,263.15222,249.59698,304.75275,264.96347,262.56793,274.25348,246.90932,208.96053,154.49678,105.747986,76.18357,75.1903,42.412354,7.8231506,34.64147,43.756195,33.29763
345.8812255859375,690.386,961.41797,1376.6248,1392.5107,1734.2448,2007.6318,1999.5042,2027.5818,2183.4863,2001.721,1675.134,1498.5406,1175.6482,769.539,388.7365,299.33148,17.077698,-152.86566,-157.29901,-89.321594,-52.37738,-84.888306,62.14966,226.92084,480.7276,884.753,1323.0557,1539.9182,1761.5835,1918.227,2252.2026,1998.7654,2094.8203,2005.4153,1661.8341,1430.1938,1203.3564,919.4632,427.52792,279.7511,30.377625,6.7333374,-50.160767,-162.47113,-10.999878,-63.460693,8.211121
43.28302001953125,67.55185,100.0114,206.7942,247.06528,420.0944,549.89465,557.6304,710.06885,661.8346,710.6756,681.8563,631.9536,600.8592,527.7493,483.07956,264.96353,177.97498,89.09042,88.33203,101.07315,5.9697266,22.351166,20.531006,22.047821,159.01497,129.89238,197.69339,380.44897,458.204,514.85657,595.09534,612.23517,731.91077,660.0144,628.92,675.18243,616.17883,514.55316,384.60123,275.99826,166.14394,165.08217,91.97235,5.9697266,39.187653,96.0677,49.35022
173.98028564453125,166.70566,184.56158,191.17487,214.98276,266.56653,346.91815,440.9097,594.79297,649.47675,758.5962,905.7422,868.7077,969.89124,944.7607,885.24097,778.60144,758.9269,565.1778,593.38763,443.80304,333.19556,309.71832,262.26788,200.26816,195.96951,172.32697,144.22043,195.8042,295.3344,374.11536,505.8854,571.77045,694.9432,701.3911,856.14246,909.3795,886.2329,956.334,841.42786,732.96967,664.3567,558.66785,530.50446,421.5658,378.91,249.04126,229.8627
15.481842041015625,11.071747,49.405457,39.567596,75.865875,138.45496,219.36281,323.67795,466.07236,546.55615,636.9626,800.8137,776.3887,875.4457,840.84357,783.17346,661.55725,631.70447,429.60446,456.82816,283.9873,186.79613,154.7383,126.75131,48.72699,58.56482,20.23114,9.37558,54.493988,164.57616,252.86238,388.74768,451.65482,583.87213,593.54034,751.9637,804.20605,755.6953,837.11194,733.30566,633.73987,544.2663,446.09982,382.1962,275.59122,206.47183,101.817444,91.30112
224.64715576171875,294.1882,276.80292,399.01877,437.16257,561.4543,752.6273,941.4651,1086.9045,1138.2819,1256.865,1358.0627,1314.2104,1359.6196,1269.3201,1182.3938,1015.15784,837.8995,617.8915,587.7916,480.496,337.78113,376.70337,336.4837,253.19012,382.67145,284.5874,283.28998,463.11075,714.8079,849.3491,908.7704,1075.7468,1202.6333,1216.9048,1379.8593,1353.9111,1307.9829,1257.1245,1083.7908,912.79236,781.12164,588.1809,540.566,484.6477,431.71347,379.81714,307.42178
11.6187744140625,35.216087,66.39111,98.76263,119.052986,197.43924,265.20673,259.35724,318.58313,301.5665,322.1726,294.3876,282.28983,254.70425,209.93584,177.58095,104.911224,60.07634,14.87587,27.970718,30.29721,-27.998108,-7.9237823,3.1104584,-8.721436,59.87693,56.752777,100.058815,198.03748,226.1216,251.04832,269.26147,273.5821,328.68677,292.5264,272.05325,288.53815,247.79123,208.24081,151.57614,98.49674,52.432144,45.053833,-0.21310425,-25.073364,9.491699,11.087006,8.826981
32.88213348388672,43.375237,46.09366,83.770966,103.533875,150.85478,202.51157,219.6376,258.07608,252.25865,265.14398,261.9906,243.23349,239.31897,215.66872,196.5854,127.04822,90.784485,55.6625,58.326546,55.6625,22.443398,27.010345,32.664658,30.163712,60.773125,54.738235,73.16912,136.05978,172.20117,201.4242,214.74445,236.49182,270.907,256.87997,253.0198,262.75177,245.24513,212.89594,170.37984,129.60353,88.28354,75.77881,53.324654,31.577293,35.8724,54.248917,37.9384
423.337890625,512.1764,566.27686,960.9251,1160.8119,1695.2671,2224.0273,2394.8708,2814.5762,2753.0725,2870.385,2823.6877,2641.4548,2599.3135,2328.8115,2150.8496,1401.274,1034.9573,679.60297,687.0062,647.7122,325.95715,384.04382,442.70007,411.37878,746.8014,666.505,860.1275,1513.034,1911.9535,2201.2483,2332.7979,2582.229,2934.1665,2766.74,2737.6968,2812.2983,2643.163,2316.8523,1864.8291,1482.9941,987.1211,882.9066,628.91943,397.7113,452.95068,656.2544,484.27197
5.301116943359375,40.977814,79.27173,162.5403,202.6938,356.6959,484.25043,485.35242,624.33997,587.97455,626.54395,588.25,542.38,513.72845,434.79895,391.47723,198.01038,123.35103,37.947372,38.36061,69.078384,-37.95169,-14.534576,-9.851135,-14.534576,118.11662,90.842545,168.80783,339.5463,406.97388,463.175,521.9933,530.39594,646.93066,561.9402,542.24225,575.8527,510.56024,425.01883,307.10666,205.5865,110.12724,104.617325,24.585815,-43.73712,5.7143555,37.947372,9.709045
24.871536254882812,41.980957,42.15555,53.154465,81.43741,119.32258,183.48294,247.09773,305.47495,328.73853,355.27563,429.2128,403.19946,430.2603,410.70667,371.59943,330.22253,277.89035,193.04153,184.836,131.89278,75.23961,83.445145,76.98546,33.949997,64.85173,29.585358,26.44281,79.08049,156.94586,198.71558,232.7053,293.64673,342.00708,337.64243,416.99176,418.0393,397.9619,397.78732,337.29324,294.95615,239.66692,168.33762,164.1912,126.91707,111.02974,74.89043,62.93129
722.5894775390625,887.48926,962.6006,1541.9082,1872.571,2663.0754,3477.5376,3742.586,4348.657,4276.1357,4455.713,4388.3716,4108.6465,4008.4976,3619.9902,3329.905,2199.9963,1629.5381,1086.0596,1114.5502,1068.7926,555.09973,641.4346,731.223,672.51526,1198.295,1103.3267,1392.5487,2415.8877,2984.1335,3433.5068,3639.8474,3999.001,4555.8613,4310.67,4233.832,4360.744,4095.6958,3582.003,2918.9507,2277.482,1591.1191,1408.089,1021.30835,660.42834,757.9868,1051.5256,810.6511
42.145599365234375,56.269165,55.116226,112.9556,126.2625,213.51997,306.65024,341.2386,375.63477,400.7113,414.54663,418.96625,382.36026,406.57208,365.9308,269.51584,191.33179,121.602684,81.15355,87.39867,53.67505,16.204361,20.816132,23.698486,18.894562,59.439774,63.85939,69.23979,180.52295,229.35493,289.8365,335.2817,373.2328,415.027,413.10544,421.65643,417.04468,382.45633,350.55823,258.10648,178.24107,113.14776,70.29666,40.127945,43.778946,56.749557,33.306366,32.825974
17.268661499023438,52.588257,67.403534,134.48706,187.22943,295.49942,406.3769,434.46667,514.58765,505.81702,547.7738,516.72107,483.65335,463.74164,404.7176,364.24228,208.47453,137.92422,51.758606,55.077225,80.67801,-14.73233,-6.672821,1.6237183,-6.1987305,85.89299,74.87042,122.75337,269.94308,341.01193,404.2435,438.37787,464.2157,550.8554,518.61743,490.2906,525.25464,475.59384,396.53955,307.82574,195.22968,135.07968,105.2121,51.284515,6.1275635,18.927963,62.78116,17.979782
577.115966796875,763.27625,788.39307,1263.3972,1355.7386,1840.7156,2391.9937,2940.317,3305.25,3369.5198,3614.7783,3818.6682,3650.2375,3761.0474,3436.7441,3139.0356,2485.4434,1949.8632,1441.4314,1376.4231,1130.4257,739.63684,839.3656,819.4198,715.99744,1021.83215,834.9331,891.8154,1588.0696,2241.0386,2646.302,2776.3186,3218.0798,3632.508,3598.5264,3892.5415,3795.0288,3665.0122,3376.907,2830.246,2365.584,1914.404,1440.6926,1216.8572,1074.2821,955.3463,913.9774,756.6277
14.7406005859375,37.17334,51.020676,143.24403,190.74045,316.75134,452.3169,489.56628,587.88245,577.08154,607.82263,587.6055,548.69446,535.1241,472.11862,426.00696,241.80255,158.6146,70.26849,71.65323,74.97659,-16.969818,-2.014679,9.340149,5.4628906,89.51631,72.06865,119.980484,281.30212,375.53336,448.85507,476.82672,534.1548,621.39307,580.6819,570.4348,590.098,548.0021,467.27203,361.686,254.47289,149.05992,120.11896,54.75946,6.5706787,19.864136,65.28345,27.203247
209.49642944335938,260.60223,327.57175,386.75845,409.10254,468.2265,475.2561,480.52832,441.3634,480.27725,409.2281,294.27527,235.24155,142.41708,61.89052,-10.665009,-49.45334,-73.55481,-97.154205,-80.333374,-58.491394,-11.794769,35.52951,124.08992,171.53972,209.76317,339.6225,404.5835,442.49316,454.41837,442.3676,489.44086,449.7738,435.96567,388.7669,285.86487,222.84952,146.434,70.677505,13.687546,-39.66211,-56.73398,-85.103455,-68.031555,-52.71707,0.13044739,48.082367,91.26419
105.11817169189453,126.7851,155.08731,179.39594,188.37524,212.93195,217.69446,218.98428,204.74637,220.1253,190.80612,144.91736,120.800186,83.302414,49.518364,20.695267,5.5643845,-4.9528275,-15.271599,-9.417671,-1.3809433,17.86753,35.230843,71.37134,90.14851,105.887115,158.90723,186.29166,202.31552,208.07022,205.04404,223.54837,207.4749,201.81943,183.8608,141.72995,115.44934,84.790695,53.58634,29.82341,9.136261,1.0003128,-10.80674,-3.9606323,1.3971863,21.985115,40.68788,57.951977
94.471435546875,216.8374,207.86389,431.38568,489.7135,720.5773,1011.4067,1326.4927,1531.0477,1592.6387,1760.6877,1915.2769,1845.5282,1907.1191,1739.0698,1595.4938,1291.8223,998.4117,681.6241,631.45404,468.50336,247.4289,299.63837,263.3365,162.9964,354.70306,212.75854,219.69263,568.8435,957.96716,1173.1273,1246.343,1507.3904,1737.4382,1733.7673,1959.3286,1885.9089,1827.1733,1704.3994,1421.1223,1171.6997,955.16296,651.0326,549.2649,462.79297,375.91315,307.79608,210.71912
3.781005859375,14.781059,26.49971,60.025005,79.73114,133.97136,187.85228,192.38496,241.58119,231.6314,248.32494,233.2897,215.65643,206.48051,180.33466,164.88483,86.66836,57.620472,20.142899,20.806221,30.700737,-11.585907,-2.5205307,-3.736618,-5.5054703,42.198288,30.97712,55.962173,122.922935,154.74156,178.28941,202.5006,209.74184,252.52597,229.30978,221.01828,233.84247,214.16397,179.45023,131.02788,86.889465,51.761147,47.173187,19.645409,-4.5104904,4.8312607,22.685623,4.0021133
19.76920509338379,18.637138,18.406887,18.646732,18.793837,18.338133,18.442064,18.88178,19.265532,20.091396,21.097944,22.313158,24.238312,24.877897,25.268044,25.27444,24.916271,24.84112,24.961042,24.534119,22.931957,21.92201,21.346384,20.203323,19.842758,18.718685,18.542799,18.370111,18.945738,18.558788,18.290163,19.172792,19.578928,20.444767,21.119532,22.241604,23.649893,24.460567,25.111345,25.4887,25.421545,24.876297,24.714802,24.278286,22.955942,21.964384,21.187487,20.42718
21.680999755859375,21.045204,20.037167,19.173367,18.20864,16.885563,16.050365,15.4864855,14.911163,14.688881,14.881744,15.211901,15.770878,16.522718,17.310516,18.551054,19.051498,19.799355,20.915266,21.524094,21.684269,21.818293,22.102684,22.272667,21.989908,21.195572,20.113575,19.129236,18.1498,17.081696,16.221981,15.139984,15.179211,15.077876,15.113834,15.287085,15.783953,16.584827,17.946312,18.59355,18.689981,19.80385,20.84989,21.269123,21.903284,21.862423,21.880402,22.313528
18.915021896362305,17.601442,17.341593,17.558432,17.717926,17.146257,17.223316,17.682085,18.020784,19.029715,20.081207,21.432869,23.6604,24.364681,24.852123,24.913052,24.597649,24.500877,24.683668,24.228485,22.518858,21.37597,20.712572,19.407839,18.979536,17.714342,17.467037,17.280663,17.859499,17.424026,17.07816,17.986734,18.39174,19.378271,20.170362,21.388067,23.011675,23.913082,24.687252,25.153189,25.149605,24.547472,24.445324,23.900537,22.500938,21.424805,20.608297,19.751915
18.94670295715332,17.773136,17.522976,17.783209,17.932632,17.464214,17.59349,18.055195,18.476604,19.326979,20.396032,21.67621,23.686298,24.374657,24.770884,24.757452,24.372978,24.300785,24.40152,23.966679,22.26761,21.20737,20.591206,19.406727,19.020575,17.86044,17.667364,17.497793,18.098846,17.699263,17.420563,18.364117,18.802315,19.715649,20.411142,21.602757,23.07685,23.929743,24.596275,24.9925,24.908554,24.334364,24.148003,23.691336,22.29867,21.249134,20.424994,19.624147
23.977436065673828,23.583746,22.62664,21.904001,20.823198,19.722082,18.761478,17.951351,17.286453,17.013494,16.625053,16.411587,16.572561,16.677546,17.174469,18.35729,18.95045,19.599602,20.944382,21.673037,22.30294,22.843609,23.365028,24.105167,23.858454,23.41752,22.943342,21.917124,20.946678,19.778074,18.708986,17.547163,17.387938,17.055489,16.856018,16.415085,16.537567,16.880514,18.068584,18.55501,18.563759,19.609224,20.986813,21.360271,22.47179,22.876854,23.2233,23.951189
16.611919403076172,15.90014,15.872363,16.08416,16.233461,16.16749,16.766426,17.561537,18.406122,19.098804,20.280186,21.785337,23.254032,24.181082,24.122055,23.757486,22.88599,23.15855,22.208933,22.122131,19.872648,18.963827,17.986,17.370571,16.660528,16.210892,15.809865,15.795977,16.433105,16.5147,16.632751,18.02159,18.643093,19.789318,20.196856,21.65687,22.96064,23.56652,24.177608,23.99706,23.458885,22.844326,21.9954,21.552708,20.213346,18.904802,17.735142,16.978224
18.331995010375977,17.595097,17.490013,17.729078,17.867,17.675222,17.969456,18.423943,18.965122,19.493168,20.418888,21.523907,22.82957,23.44825,23.569096,23.40096,22.853214,22.913637,22.64436,22.386906,20.84973,20.072441,19.485287,18.772032,18.381908,17.693611,17.550436,17.484758,18.023312,17.828907,17.78162,18.749702,19.170036,19.937803,20.32338,21.37679,22.442074,23.05944,23.503418,23.61113,23.327404,22.844019,22.423685,22.157036,20.984041,20.074903,19.280373,18.657753
18.680803298950195,17.908337,17.78271,18.036634,18.172953,17.956448,18.231756,18.686148,19.21271,19.760653,20.703934,21.814772,23.175276,23.80207,23.941061,23.78336,23.25279,23.303576,23.068361,22.793053,21.25146,20.45527,19.870241,19.112474,18.736933,17.997877,17.86557,17.780037,18.330654,18.11014,18.04198,19.00556,19.431217,20.197002,20.617483,21.679123,22.768997,23.406483,23.86622,23.997192,23.732574,23.246109,22.843838,22.56853,21.376417,20.451763,19.659082,19.022934
18.71164894104004,17.763458,17.601416,17.896622,18.061874,17.784315,18.090752,18.623407,19.244305,19.904507,21.034306,22.353598,24.02376,24.760172,24.952698,24.779425,24.16655,24.20987,23.980442,23.638708,21.79808,20.835249,20.157198,19.218634,18.780638,17.859722,17.704096,17.594997,18.252796,17.970425,17.861326,18.99402,19.504213,20.416706,20.932716,22.19316,23.515171,24.293297,24.8436,25.039333,24.73771,24.158527,23.709301,23.37559,21.939667,20.844074,19.910122,19.144833
19.496967315673828,18.469,18.28195,18.577978,18.75039,18.407192,18.647919,19.153769,19.713295,20.424902,21.551987,22.859818,24.625416,25.344343,25.604588,25.487476,24.93771,24.926325,24.84337,24.438366,22.64593,21.648867,21.018179,19.976793,19.578293,18.542194,18.407192,18.26243,18.935814,18.589363,18.433216,19.506725,19.994686,20.894156,21.473608,22.706924,24.072395,24.879154,25.467958,25.728203,25.497236,24.918192,24.563608,24.205772,22.74596,21.670214,20.7681,19.994686
18.28742027282715,17.330536,17.129635,17.39899,17.54483,17.208508,17.403456,17.86032,18.346947,19.010664,20.028936,21.204206,22.869453,23.51978,23.778717,23.689428,23.226612,23.207266,23.165596,22.795046,21.17742,20.258566,19.691124,18.717499,18.361828,17.396015,17.260593,17.123682,17.714481,17.387087,17.215948,18.16688,18.610352,19.42586,19.972013,21.09185,22.350088,23.098629,23.63883,23.912651,23.731096,23.210241,22.918564,22.57331,21.268198,20.285387,19.483154,18.771816
15.865508079528809,14.870098,14.69978,15.034738,15.210732,14.976073,15.437822,16.1418,16.951756,17.69642,19.023949,20.616417,22.468145,23.393536,23.526005,23.242144,22.434082,22.577906,22.048029,21.73578,19.502731,18.400162,17.48163,16.533531,15.935528,15.049877,14.783047,14.711135,15.43593,15.21641,15.182346,16.616796,17.238455,18.355217,18.893137,20.442314,21.959085,22.825811,23.457878,23.548714,23.105888,22.428404,21.743351,21.355406,19.73124,18.379108,17.203445,16.312119
23.24317169189453,22.835985,22.790848,22.925322,23.014658,22.94601,23.241291,23.647537,24.087637,24.457914,25.103254,25.918568,26.742346,27.229465,27.235107,27.065838,26.601288,26.718836,26.29096,26.196922,25.046947,24.528208,24.01758,23.632492,23.289251,22.976103,22.783323,22.77392,23.11434,23.08895,23.145372,23.89815,24.221172,24.80083,25.03061,25.82641,26.547686,26.9229,27.248272,27.184326,26.913494,26.5853,26.162127,25.957123,25.194237,24.508224,23.877932,23.445354
16.713125228881836,16.040224,16.08352,16.231451,16.411854,16.395617,17.08295,17.99759,18.878853,19.677134,20.847042,22.440895,23.840816,24.85107,24.710356,24.244919,23.386204,23.696495,22.471563,22.50584,19.98925,19.155771,18.057121,17.537563,16.727558,16.424482,15.935592,15.92116,16.597668,16.915176,17.04687,18.428751,19.135475,20.45647,20.893946,22.352499,23.647787,24.12946,24.818596,24.490265,23.92741,23.259922,22.300182,21.722895,20.393105,18.995213,17.77389,17.102795
16.700559616088867,15.534828,15.283136,15.642696,15.820583,15.438314,15.739209,16.34857,17.01281,17.827497,19.135752,20.664238,22.718462,23.579514,23.86716,23.681704,23.057205,23.074236,22.90392,22.46677,20.37375,19.217718,18.425976,17.264502,16.776257,15.644588,15.440207,15.298275,16.03632,15.667297,15.485624,16.761118,17.336414,18.39948,19.061829,20.516628,22.101532,23.036388,23.711983,23.992062,23.711983,23.040173,22.57653,22.162088,20.504328,19.222626,18.160563,17.258823
17.79905128479004,17.040445,16.945044,17.191244,17.334349,17.19432,17.611324,18.222208,18.933113,19.514761,20.596506,21.902908,23.349337,24.118713,24.17103,23.92483,23.198538,23.360107,22.810772,22.606117,20.732685,19.855597,19.095451,18.382238,17.86214,17.215864,16.978895,16.93581,17.525154,17.397436,17.420519,18.628439,19.14623,20.073233,20.467634,21.758265,22.963108,23.635544,24.1341,24.161798,23.746334,23.196999,22.59073,22.266054,20.968115,19.848671,18.86464,18.137577
17.58346939086914,17.263945,17.357563,17.390127,17.536661,17.539713,17.966087,18.529837,19.029224,19.541037,20.158504,21.0718,21.747486,22.327517,22.219652,21.936758,21.425924,21.594845,20.78382,20.853016,19.359308,18.973001,18.3253,18.069883,17.610945,17.506132,17.213064,17.200853,17.578382,17.881626,18.016968,18.775587,19.18161,19.975336,20.21193,21.040255,21.68643,21.867561,22.303095,22.001884,21.696606,21.28753,20.719711,20.343199,19.607094,18.839188,18.126867,17.798183
24.898855209350586,24.77089,24.885145,24.844013,25.001684,25.057287,25.422138,25.87687,26.31294,26.761196,27.179367,27.835186,28.158905,28.612875,28.509285,28.27773,27.851181,27.909071,27.168324,27.271532,26.155651,25.93476,25.48612,25.320833,24.976547,24.987211,24.75718,24.732805,24.944557,25.29646,25.534107,26.070341,26.375303,27.01408,27.17137,27.810812,28.193943,28.192421,28.586979,28.224411,27.932682,27.6082,27.201075,26.858885,26.321129,25.834215,25.27361,25.1167
18.492948532104492,17.64122,17.472532,17.733858,17.869362,17.596973,17.825115,18.26619,18.762571,19.354357,20.314108,21.43183,22.917515,23.54525,23.747122,23.62268,23.14289,23.149805,23.030895,22.705965,21.164972,20.320675,19.76121,18.909134,18.553787,17.715883,17.583147,17.478064,18.032516,17.758747,17.635689,18.573143,18.996935,19.770887,20.243158,21.311535,22.462614,23.145657,23.633741,23.838379,23.625446,23.134596,22.794456,22.494415,21.268673,20.334501,19.554153,18.895308
18.381807327270508,17.52612,17.406292,17.682816,17.84105,17.622902,17.970093,18.50778,19.149162,19.759819,20.846329,22.135622,23.663418,24.386988,24.522179,24.325539,23.672634,23.755592,23.419155,23.13034,21.3241,20.418291,19.728327,18.89952,18.443256,17.642874,17.473886,17.397074,18.025398,17.80418,17.75041,18.890305,19.38651,20.281757,20.73099,21.968939,23.211761,23.935333,24.448439,24.571339,24.230291,23.666489,23.16721,22.856888,21.490398,20.421173,19.489439,18.75665
17.499088287353516,16.71684,16.743814,16.959608,17.148426,17.082916,17.78424,18.662825,19.605951,20.394941,21.712814,23.406397,24.986305,26.011318,25.918835,25.47569,24.520039,24.828314,23.705038,23.654943,21.072302,20.101116,18.989403,18.35455,17.524136,17.073284,16.620506,16.620506,17.35651,17.524136,17.653225,19.18689,19.878582,21.21524,21.661757,23.256113,24.68959,25.309994,26.007463,25.772404,25.15971,24.444897,23.473833,22.953619,21.46764,19.99852,18.718699,17.905624
17.519529342651367,16.927288,17.01763,17.124702,17.320442,17.310406,17.972914,18.847893,19.671011,20.442787,21.505457,22.998611,24.228268,25.168495,25.01458,24.569561,23.758156,24.047585,22.83633,22.899904,20.514204,19.788958,18.754206,18.297476,17.541279,17.30204,16.836945,16.82356,17.455956,17.824017,17.982952,19.256105,19.914015,21.172531,21.569868,22.923326,24.077698,24.469181,25.135036,24.760284,24.241653,23.602566,22.692453,22.130323,20.903177,19.612455,18.471468,17.872534
15.331740379333496,14.668435,14.57264,14.788904,14.905019,14.807773,15.227237,15.852805,16.533527,17.087612,18.091278,19.318829,20.652697,21.40599,21.423409,21.167955,20.468365,20.658503,20.031483,19.88634,18.104704,17.291176,16.529173,15.912313,15.3927,14.874538,14.590057,14.566834,15.086448,15.022585,15.070482,16.22292,16.730923,17.615208,17.981152,19.211422,20.333382,20.932823,21.411797,21.37406,20.964754,20.46401,19.83699,19.51332,18.343102,17.274122,16.312183,15.643799
18.082748413085938,17.384619,17.359232,17.571844,17.720991,17.636898,18.150974,18.833237,19.603558,20.216007,21.319527,22.696743,24.073961,24.89585,24.870462,24.565825,23.767736,23.986694,23.22034,23.09658,21.075975,20.216404,19.363972,18.747557,18.130348,17.632137,17.311634,17.305286,17.905043,17.90663,17.997068,19.276707,19.819344,20.841448,21.20965,22.550772,23.75663,24.35956,24.89585,24.80065,24.318306,23.739178,23.01249,22.642797,21.364746,20.186256,19.1347,18.411186
17.39307975769043,16.91128,16.972673,17.066097,17.215574,17.203564,17.724068,18.412735,19.071375,19.67229,20.53079,21.718609,22.71958,23.461632,23.349524,23.00252,22.352556,22.583447,21.639866,21.683908,19.800957,19.205172,18.386044,18.012348,17.411766,17.206232,16.83921,16.825863,17.334356,17.595943,17.71606,18.73972,19.261892,20.251518,20.56816,21.651876,22.586117,22.917105,23.442947,23.162676,22.743603,22.239113,21.518414,21.08733,20.105043,19.078714,18.167164,17.674686
18.35451316833496,17.747475,17.687004,17.88586,18.006804,17.876558,18.176588,18.608027,19.12843,19.573242,20.392946,21.387379,22.490978,23.048012,23.11081,22.94335,22.404922,22.497955,22.157225,21.960693,20.566656,19.894785,19.344149,18.771997,18.402193,17.856789,17.714914,17.668398,18.142864,18.014944,18.020758,18.9255,19.295307,19.992325,20.293446,21.256552,22.173504,22.699139,23.080574,23.122438,22.83171,22.400272,21.974648,21.744392,20.724522,19.897402,19.170294,18.610353
15.45635986328125,14.966629,15.125835,15.146601,15.416559,15.442516,16.183168,17.185993,18.065086,18.969486,19.978151,21.520025,22.591202,23.605274,23.404537,22.902693,22.035713,22.30048,20.838207,20.992222,18.4326,17.822815,16.728275,16.300842,15.525579,15.400984,14.880104,14.8385725,15.452899,16.032616,16.319878,17.571894,18.296972,19.667526,20.066406,21.476763,22.525444,22.781557,23.55336,22.96499,22.425076,21.731146,20.777641,20.098421,18.85522,17.584873,16.345837,15.84053
18.669471740722656,17.935694,17.915358,18.132273,18.293262,18.206837,18.767761,19.510014,20.338692,20.996635,22.171442,23.64493,25.104015,25.985226,25.951334,25.615795,24.758308,25.00403,24.146544,24.038086,21.858994,20.95342,20.033657,19.389694,18.722006,18.213615,17.85774,17.850962,18.488146,18.510176,18.611855,19.974344,20.567467,21.668718,22.058748,23.490719,24.776949,25.398882,25.981836,25.863213,25.341263,24.724415,23.934713,23.53139,22.174408,20.91275,19.787933,19.023651
17.690961837768555,16.983873,16.994247,17.191334,17.352114,17.295063,17.915709,18.70751,19.556362,20.258696,21.43732,22.950039,24.383234,25.306423,25.226898,24.836185,23.975231,24.251842,23.25777,23.207634,20.90279,20.02271,19.037714,18.456831,17.718624,17.307163,16.897432,16.897432,17.54747,17.684048,17.796421,19.172564,19.795803,20.982424,21.38416,22.820377,24.111809,24.677134,25.292595,25.098965,24.552658,23.91818,23.053768,22.590445,21.257956,19.941456,18.787035,18.057472
18.56871795654297,17.715727,17.565552,17.843374,17.989044,17.759277,18.074644,18.598753,19.209965,19.809912,20.868315,22.110588,23.64312,24.350443,24.500618,24.314402,23.707695,23.784285,23.485437,23.1956,21.449444,20.557032,19.892508,19.05979,18.628788,17.823853,17.65866,17.57156,18.172256,17.939487,17.861397,18.959173,19.444237,20.306616,20.766243,21.972427,23.1941,23.90893,24.410513,24.557684,24.251328,23.707695,23.239151,22.92979,21.609005,20.558722,19.661991,18.944155
18.77977180480957,17.596882,17.374868,17.687464,17.86685,17.444136,17.644836,18.174118,18.722937,19.539059,20.739044,22.136621,24.145403,24.89492,25.235935,25.161337,24.633833,24.58943,24.601862,24.131193,22.236084,21.133617,20.473738,19.277082,18.8668,17.67503,17.524061,17.342897,18.062223,17.653717,17.43348,18.539997,19.039083,20.00884,20.6902,21.997196,23.514883,24.408266,25.076084,25.409992,25.22883,24.600086,24.29282,23.880762,22.314232,21.171194,20.227745,19.382761
20.014873504638672,18.847307,18.608486,18.857258,19.011496,18.542147,18.656582,19.114323,19.520649,20.36896,21.420017,22.68129,24.673534,25.34024,25.739933,25.739933,25.36346,25.28717,25.404922,24.963768,23.293682,22.249048,21.647022,20.466808,20.089506,18.930231,18.747799,18.568684,19.172369,18.771017,18.49571,19.417824,19.842392,20.741287,21.43909,22.606657,24.064873,24.90738,25.574087,25.965487,25.889196,25.321999,25.147858,24.696753,23.321877,22.29051,21.480553,20.692362
21.427637100219727,20.4863,20.207386,19.12166,19.420982,18.837303,18.796486,18.404646,18.061785,19.083565,18.908052,20.108065,21.43852,22.62918,23.241432,23.679531,24.282259,24.570698,24.426477,24.77478,24.091782,23.426468,23.055035,22.764555,21.569773,20.750248,20.04684,19.576086,19.668604,18.780159,18.831861,18.328453,18.58424,18.56247,19.34207,20.333918,21.447025,22.101963,23.343473,23.863207,24.1843,24.310831,24.668657,24.310831,24.264572,23.691776,23.21422,22.984285
18.766189575195312,17.564922,17.330088,17.646212,17.825047,17.3897,17.590212,18.128525,18.686707,19.515852,20.731796,22.1478,24.205307,24.96039,25.31806,25.242191,24.71291,24.669556,24.684008,24.207113,22.281475,21.159464,20.490864,19.271986,18.85651,17.646212,17.48544,17.301186,18.023752,17.608276,17.377054,18.498838,19.006443,19.991842,20.68528,22.015028,23.55861,24.47085,25.148256,25.498701,25.31806,24.682201,24.373304,23.948797,22.365473,21.20293,20.246998,19.387596
19.037961959838867,17.886627,17.658066,17.953148,18.116894,17.692179,17.867865,18.369335,18.8691,19.67333,20.809315,22.144863,24.107252,24.821934,25.173304,25.101665,24.636013,24.586548,24.61384,24.165245,22.374279,21.312704,20.664331,19.508732,19.113012,17.97191,17.801342,17.634186,18.29599,17.907095,17.671711,18.708767,19.179535,20.115953,20.789059,22.031862,23.500029,24.357986,25.01297,25.354107,25.197184,24.598488,24.322168,23.907686,22.43483,21.338503,20.450268,19.636658
16.9844970703125,16.346302,16.498825,16.559032,16.835985,16.86007,17.676878,18.81379,19.818747,20.814953,22.018814,23.811981,25.156607,26.316597,26.103865,25.533905,24.556543,24.887682,23.278145,23.422642,20.486542,19.714888,18.447529,17.939783,17.036676,16.835985,16.245956,16.201805,16.938337,17.524353,17.787258,19.263334,20.096703,21.658073,22.129192,23.755789,25.04422,25.409477,26.264418,25.678402,25.060276,24.269556,23.169773,22.419191,20.970583,19.455997,18.046148,17.411966
18.664262771606445,17.755583,17.56392,17.810738,17.944489,17.619074,17.777645,18.191309,18.617382,19.250286,20.183441,21.265516,22.828474,23.424149,23.686136,23.61995,23.21456,23.185604,23.178709,22.825716,21.355143,20.495457,19.979023,19.053106,18.734587,17.817633,17.689396,17.555645,18.097546,17.78454,17.610802,18.468462,18.868338,19.618446,20.145178,21.166925,22.344488,23.038063,23.553764,23.81575,23.675104,23.195255,22.948437,22.621643,21.41926,20.520706,19.790806,19.131014
20.334733963012695,18.90369,18.576654,18.905773,19.086998,18.514164,18.68497,19.27447,19.81606,20.84716,22.187592,23.773823,26.267212,27.125423,27.60452,27.571192,27.085846,27.015022,27.104591,26.571335,24.4456,23.132248,22.36543,20.907568,20.43472,19.007841,18.768293,18.55999,19.30155,18.805788,18.468336,19.657747,20.216002,21.345005,22.196445,23.6905,25.50899,26.573418,27.379553,27.87115,27.754498,27.044184,26.790054,26.233885,24.506008,23.187187,22.154263,21.158573
18.187206268310547,17.196772,17.000553,17.291767,17.444382,17.112679,17.335371,17.821243,18.347607,19.031256,20.103739,21.351612,23.064627,23.752947,24.008343,23.889988,23.385427,23.379198,23.296661,22.915127,21.208342,20.25151,19.633146,18.640377,18.255726,17.276194,17.128252,16.994326,17.621912,17.296438,17.129808,18.152946,18.618574,19.483257,20.045244,21.225471,22.536707,23.310678,23.87753,24.12981,23.924248,23.365183,23.024137,22.676863,21.30022,20.267796,19.409676,18.665293
17.68569564819336,16.387426,16.253584,16.665817,16.930824,16.695263,17.444778,18.504808,19.74954,20.768078,22.649563,24.942612,27.41869,28.74908,28.829386,28.395737,27.113531,27.383892,26.409521,26.064209,22.782402,21.262625,19.938257,18.716278,17.792768,16.695263,16.275,16.216108,17.254723,17.051283,17.11285,19.219524,20.12162,21.75483,22.415674,24.65619,26.749481,27.903198,28.775848,28.807972,28.063808,27.094793,26.02941,25.467274,23.190619,21.254593,19.539408,18.277277
18.652423858642578,17.920517,17.903614,18.114902,18.270412,18.199419,18.765675,19.504343,20.336824,20.99309,22.165323,23.632095,25.09084,25.973185,25.929237,25.57765,24.732492,24.98435,24.113836,24.020868,21.814373,20.917871,19.996225,19.37419,18.68623,18.201109,17.839382,17.836,18.473251,18.52396,18.611856,19.967491,20.56248,21.682423,22.071512,23.488419,24.77475,25.381575,25.963043,25.8481,25.320723,24.702066,23.904238,23.485039,22.14335,20.869696,19.75789,19.007391
18.57270622253418,17.58482,17.408306,17.670853,17.823633,17.472088,17.64267,18.084696,18.548973,19.228329,20.22975,21.400639,23.070107,23.691612,23.976408,23.91411,23.4617,23.42165,23.437967,23.034506,21.449589,20.530237,19.984077,18.985807,18.645388,17.650085,17.526972,17.37864,17.985315,17.64267,17.46764,18.397675,18.810036,19.62289,20.182655,21.278265,22.542048,23.285187,23.845877,24.118807,23.961576,23.436483,23.173937,22.832775,21.518562,20.565441,19.772705,19.068132
18.76665496826172,17.901535,17.765272,18.048891,18.204168,17.99185,18.356277,18.92827,19.60246,20.221987,21.343294,22.669197,24.244156,25.006285,25.126703,24.911217,24.236233,24.339224,23.954199,23.673748,21.798136,20.870232,20.143557,19.310127,18.830032,18.029877,17.844494,17.765272,18.400642,18.18357,18.136036,19.322802,19.841715,20.768034,21.225153,22.513918,23.78783,24.527775,25.05065,25.17107,24.80981,24.236233,23.703854,23.379038,21.98946,20.868649,19.9043,19.150095
14.542417526245117,14.900279,14.879633,15.062004,15.567827,16.379896,17.606602,18.853092,20.048828,20.577877,21.044128,22.61149,21.978352,22.580523,22.239866,21.47425,20.62261,19.62645,17.919298,17.782091,16.660334,15.609118,15.722671,15.593634,14.741994,15.2134075,14.569946,14.514891,15.583311,17.050884,17.902525,18.65556,19.80624,20.880684,20.69315,22.215778,22.332771,21.86652,21.968029,20.823908,19.929255,18.835241,17.429392,17.42509,16.517534,16.21817,15.469759,15.328679
18.913658142089844,17.728554,17.481878,17.79469,17.96629,17.533716,17.732128,18.263012,18.80641,19.633123,20.83521,22.23571,24.279705,25.039389,25.389736,25.303936,24.799864,24.76054,24.76054,24.302942,22.406414,21.29454,20.613115,19.414156,18.995884,17.814352,17.635603,17.467579,18.159338,17.755365,17.51763,18.622297,19.131733,20.108597,20.800354,22.115053,23.646933,24.549616,25.221712,25.57206,25.396887,24.767689,24.460241,24.031244,22.483276,21.325094,20.383423,19.530342
16.925962448120117,16.407856,16.579391,16.593393,16.869951,16.90671,17.634861,18.656199,19.544071,20.45623,21.476912,23.039986,24.137465,25.159678,24.953135,24.438528,23.5791,23.848656,22.367847,22.532381,19.928057,19.307335,18.20023,17.769638,16.981976,16.850697,16.32734,16.28883,16.917212,17.507084,17.77839,19.044779,19.782558,21.174536,21.582808,23.00673,24.067451,24.323004,25.096664,24.529547,23.983433,23.272785,22.313585,21.616066,20.353231,19.057907,17.809898,17.30054
19.02705192565918,17.937649,17.707355,17.993181,18.143444,17.746555,17.92295,18.406403,18.902922,19.656685,20.75017,22.023317,23.904047,24.593294,24.923218,24.848087,24.390766,24.356468,24.363,23.94488,22.21441,21.195496,20.58235,19.481922,19.103817,18.014414,17.855986,17.697556,18.326372,17.950716,17.730223,18.734694,19.196915,20.088688,20.717709,21.924095,23.320963,24.150673,24.75989,25.089813,24.936285,24.366268,24.091875,23.696619,22.288727,21.231888,20.377373,19.593803
17.702434539794922,16.950266,16.855093,17.096094,17.235783,17.099165,17.516695,18.132246,18.842203,19.420145,20.498894,21.800991,23.245464,24.01145,24.06364,23.811893,23.08889,23.254675,22.697454,22.500969,20.626686,19.752481,18.9911,18.285751,17.763836,17.12833,16.882725,16.842813,17.427664,17.30486,17.326351,18.532892,19.05327,19.981298,20.370335,21.659,22.861704,23.529446,24.0268,24.051361,23.6369,23.087355,22.481014,22.155586,20.865002,19.746342,18.764683,18.040144
18.52057647705078,17.2596,16.98587,17.279673,17.44391,16.947548,17.099012,17.613623,18.091736,18.996866,20.173445,21.574936,23.7415,24.495169,24.911236,24.874739,24.442247,24.371078,24.458672,23.982384,22.118288,20.971365,20.28955,19.02059,18.600872,17.352667,17.146458,16.965797,17.626396,17.199379,16.907402,17.95487,18.440283,19.438482,20.182112,21.488256,23.082727,24.006105,24.725101,25.141169,25.028027,24.4021,24.172169,23.690405,22.16391,21.009003,20.101818,19.229536
14.286694526672363,13.214072,13.016625,12.077312,12.335464,11.693919,11.706698,11.4306555,11.057487,11.97124,11.97763,13.010235,14.372359,15.437753,16.157892,16.533619,16.925957,17.25823,17.383472,17.483154,16.798159,16.05821,15.706128,15.290146,14.413973,13.472224,12.8556,12.362301,12.459427,11.752706,11.729702,11.274742,11.520114,11.609572,12.248561,13.200654,14.37168,14.840299,15.9431925,16.634579,17.038418,17.021805,17.447372,17.155993,16.888895,16.39304,15.975142,15.778334
19.407833099365234,17.635588,17.29226,17.570307,17.79758,17.028719,17.139938,17.746805,18.19168,19.569826,20.98847,22.80061,25.798077,26.748272,27.401077,27.517132,27.067421,26.917517,27.202816,26.58386,24.270027,22.729284,21.864166,20.0824,19.506964,17.77582,17.456669,17.19313,17.991003,17.40106,16.941679,18.143326,18.706673,20.012283,21.088203,22.72445,24.915579,26.131733,27.173803,27.812103,27.802431,27.00214,26.88125,26.141403,24.242222,22.79517,21.699604,20.557497
17.600425720214844,16.79174,16.634832,16.88696,17.021069,16.768942,17.003635,17.440834,17.937042,18.500305,19.437317,20.531404,21.956327,22.56787,22.75026,22.613466,22.134693,22.158833,22.003265,21.702858,20.192778,19.38166,18.817812,18.012144,17.659433,16.868183,16.734074,16.637514,17.176638,16.924511,16.817223,17.742582,18.160336,18.916382,19.367914,20.410036,21.524492,22.181631,22.651018,22.830725,22.605421,22.123964,21.773937,21.488281,20.296041,19.38535,18.617651,17.979958
21.223283767700195,21.621822,21.320175,22.79184,23.239738,23.179409,24.584803,25.388733,26.042297,26.66204,27.938093,28.56515,28.490196,28.813778,28.682152,27.06058,26.151987,25.115881,24.07429,24.52333,23.083431,22.744308,21.835716,22.184893,21.294582,22.38599,22.020359,21.598055,22.347599,23.70866,24.393303,25.72877,26.209574,26.916155,28.27813,28.806465,29.168442,29.095314,28.769903,26.684895,25.983797,25.131191,24.072004,23.338459,23.32566,22.853996,21.557837,22.095314
13.797119140625,13.660824,13.641353,13.747978,13.852751,14.094746,14.464691,14.8865595,15.444347,15.777351,16.549,17.152596,17.363066,17.853546,17.810896,17.255512,17.08213,17.122925,16.058983,16.170244,15.4035225,15.05832,14.232896,14.036333,13.876857,13.666387,13.785066,13.536581,13.686785,14.200444,14.449857,15.139913,15.334273,16.174417,16.549,17.36863,17.527178,17.788643,18.05011,17.22399,16.941198,16.58887,16.067791,15.701786,15.2951,15.033518,14.000173,14.010371
18.619407653808594,19.29591,20.4603,21.960426,22.597948,25.678677,27.914406,27.750938,30.580181,29.50381,30.655626,29.876013,28.925388,28.027576,26.55637,25.593172,22.126408,20.681608,19.092205,19.16765,19.715895,17.72914,18.292473,18.101341,18.257263,20.993454,20.372278,22.234549,25.473715,26.44823,27.31335,28.875092,28.36457,30.79646,28.9103,28.706593,29.352919,28.155834,26.361467,24.038975,21.848515,20.714302,20.420061,19.104778,17.316698,18.56408,19.08969,18.747665
18.416330337524414,17.301416,17.065294,17.395508,17.564167,17.18957,17.450544,18.008001,18.61872,19.38922,20.612207,22.03004,23.987356,24.773834,25.06144,24.922962,24.3442,24.342424,24.235905,23.811598,21.856945,20.766273,20.058079,18.936506,18.494446,17.390182,17.214424,17.068846,17.771881,17.404385,17.2162,18.3897,18.924078,19.909838,20.538088,21.891563,23.385515,24.271412,24.905209,25.199915,24.95847,24.328222,23.934095,23.536419,21.975893,20.790491,19.809975,18.963137
16.971580505371094,16.29733,16.223518,16.43644,16.56703,16.456312,16.860863,17.444267,18.117807,18.647627,19.640196,20.852428,22.161184,22.875181,22.90357,22.667938,21.976652,22.14699,21.582039,21.41454,19.66965,18.870485,18.153296,17.525177,17.02978,16.479023,16.237713,16.203644,16.740208,16.65078,16.696203,17.826105,18.308018,19.172922,19.520605,20.721836,21.823349,22.423788,22.886536,22.87802,22.480566,21.972395,21.38615,21.085222,19.904928,18.862324,17.944632,17.27393
18.545448303222656,17.613352,17.440048,17.732012,17.88502,17.603985,17.888142,18.40337,18.993542,19.640701,20.734222,22.010757,23.65871,24.372227,24.572073,24.409697,23.835138,23.869488,23.671202,23.326155,21.552906,20.611052,19.952963,19.029453,18.611023,17.703907,17.552462,17.440048,18.072374,17.786657,17.66956,18.76247,19.248035,20.133682,20.646473,21.86868,23.159096,23.922571,24.45966,24.659506,24.387838,23.82421,23.402658,23.076345,21.687569,20.621395,19.72033,18.974808
17.18494415283203,17.558239,17.498386,18.219774,18.552116,19.395573,20.58043,21.902319,22.672535,22.893045,23.450626,24.257069,23.976704,24.09956,23.496304,22.954475,21.907831,20.896824,19.427074,19.155373,18.487537,17.624392,17.879555,17.748823,17.389704,17.93941,17.510986,17.501535,18.755302,20.25045,21.04626,21.366003,22.412645,23.376596,23.282091,24.373625,24.061758,23.697914,23.289967,22.199223,21.460508,20.525991,19.304218,18.90966,18.553692,18.106367,17.750399,17.610216
17.569101333618164,16.99912,17.123543,17.194159,17.417778,17.424503,18.098728,19.010862,19.844814,20.650707,21.692621,23.198275,24.380266,25.32855,25.160416,24.696362,23.880903,24.168415,22.880499,22.979698,20.536901,19.850698,18.79649,18.359337,17.596003,17.39424,16.915054,16.898241,17.53043,17.9659,18.149168,19.411865,20.087349,21.383253,21.77669,23.137745,24.252483,24.598843,25.288197,24.861134,24.34664,23.684185,22.762804,22.165083,20.937693,19.649776,18.488802,17.923866
20.265623092651367,21.268793,22.482763,23.526333,23.922604,24.987692,25.448513,25.448513,25.036104,25.703129,24.664938,22.94448,22.012978,20.572687,19.172743,17.960623,17.379667,16.834572,16.293062,16.42575,16.633747,17.290012,17.783108,19.066952,19.80839,20.43776,22.46035,23.709229,24.49818,24.842453,24.926727,25.821472,25.097069,25.009209,24.419285,22.835102,21.733257,20.629618,19.378946,18.27262,17.476492,16.967258,16.458025,16.7234,16.712643,17.415527,18.007244,18.586407
19.235450744628906,18.144356,17.928896,18.246054,18.416698,18.049553,18.296041,18.837278,19.430225,20.17572,21.364202,22.744013,24.642654,25.395905,25.678589,25.547588,24.985666,24.985666,24.887417,24.46339,22.570782,21.515186,20.83029,19.73532,19.311293,18.228817,18.07196,17.918552,18.614922,18.2495,18.07196,19.213041,19.723253,20.679468,21.296978,22.60698,24.053152,24.91672,25.533798,25.816483,25.582062,24.964983,24.585772,24.208284,22.683683,21.539392,20.585096,19.761173
18.155357360839844,17.437338,17.392958,17.613277,17.76227,17.665583,18.156942,18.82741,19.595356,20.195686,21.30283,22.669521,24.078613,24.890148,24.883808,24.592163,23.799648,24.010456,23.292439,23.149786,21.150072,20.279297,19.452703,18.80522,18.210833,17.667168,17.370768,17.348576,17.952473,17.912848,17.990513,19.2625,19.80775,20.808245,21.178009,22.520529,23.736246,24.363918,24.890148,24.833088,24.357578,23.783798,23.086384,22.729753,21.434387,20.25988,19.222082,18.486628
14.712666511535645,14.071682,13.916215,14.143044,14.239893,14.089522,14.396634,14.905088,15.442216,15.948122,16.838236,17.89465,19.153679,19.803583,19.88514,19.681248,19.147308,19.270916,18.85931,18.684729,17.180073,16.443195,15.799026,15.172697,14.768737,14.205486,13.990126,13.946798,14.392811,14.265379,14.233521,15.190537,15.642921,16.378046,16.759945,17.807358,18.827452,19.411093,19.83162,19.882591,19.581852,19.154953,18.665613,18.391634,17.338408,16.415798,15.611063,15.023601
15.101034164428711,14.569813,14.545357,14.694805,14.806212,14.766813,15.246407,15.899904,16.568348,17.121986,18.028528,19.204077,20.333094,21.074902,21.01784,20.721659,20.040989,20.265162,19.462215,19.425533,17.64667,16.952497,16.17095,15.712415,15.145868,14.8361025,14.491013,14.477426,14.961096,15.062992,15.164889,16.239561,16.747686,17.657963,17.979958,19.117125,20.13066,20.577644,21.06675,20.89013,20.46352,19.993437,19.311409,18.947298,17.919159,16.896795,15.96376,15.397214
15.956716537475586,15.114639,14.910092,15.1877985,15.3162,15.071341,15.363977,15.892516,16.477789,17.08322,18.126673,19.342943,20.910643,21.628796,21.796019,21.601921,21.049496,21.124147,20.83151,20.558283,18.847254,17.953478,17.272837,16.440464,16.013453,15.223632,15.023563,14.945925,15.496859,15.263944,15.156445,16.223972,16.71817,17.564728,18.04446,19.236938,20.462729,21.186855,21.688519,21.85574,21.569075,21.049496,20.589638,20.271618,18.994318,17.943773,17.063065,16.359838
16.380023956298828,15.114414,14.850316,14.985795,15.143568,14.534771,14.589648,14.9943695,15.2087345,16.268555,17.195469,18.4748,20.660465,21.337858,21.833471,21.977524,21.737434,21.6414,21.860909,21.451044,19.89647,18.797634,18.159634,16.879925,16.446907,15.229314,14.948067,14.768,15.253323,14.822878,14.473034,15.246463,15.606596,16.536083,17.330519,18.455507,20.053383,20.909128,21.682558,22.183315,22.245052,21.692848,21.675697,21.102915,19.846735,18.85294,18.118551,17.309082
15.2411470413208,13.645034,13.308025,13.675459,13.900131,13.27526,13.488232,14.150548,14.789461,15.930377,17.46096,19.250736,22.009413,22.968954,23.48851,23.460424,22.851936,22.763004,22.873,22.266851,19.837578,18.370182,17.52649,15.892932,15.358164,13.748009,13.504614,13.270579,14.145867,13.588865,13.228453,14.585852,15.234125,16.488548,17.434046,19.118507,21.150509,22.348763,23.240433,23.77403,23.605526,22.80513,22.505566,21.894737,19.913637,18.43776,17.257936,16.146858
18.722179412841797,16.734924,16.3167,16.606451,16.852467,15.958612,16.084352,16.76226,17.235155,18.806917,20.388247,22.42607,25.853878,26.936344,27.685322,27.827463,27.36277,27.212427,27.515844,26.840672,24.25068,22.506025,21.51086,19.498493,18.83972,16.901669,16.505312,16.221027,17.068413,16.395971,15.860206,17.188686,17.831059,19.303047,20.526289,22.3714,24.861618,26.244768,27.411972,28.171885,28.188286,27.294432,27.179625,26.318573,24.217878,22.58803,21.365643,20.072527
18.531259536743164,17.36044,17.130543,17.37686,17.52629,17.05829,17.165028,17.616608,18.009071,18.85804,19.890102,21.14344,23.120947,23.77943,24.181747,24.181747,23.8172,23.743305,23.859894,23.426378,21.783451,20.745024,20.143192,18.97545,18.596945,17.452396,17.265196,17.091133,17.680649,17.286545,17.005743,17.91547,18.32928,19.225872,19.92007,21.072008,22.524862,23.352484,24.024105,24.405073,24.33939,23.776148,23.605368,23.155432,21.799051,20.78033,19.985346,19.201239
25.515378952026367,25.133173,25.03529,25.103342,25.263681,25.42309,25.781992,26.050934,26.537315,26.91792,27.565311,28.23557,28.812609,29.314138,29.211596,28.696083,28.802355,28.802355,27.76294,28.05379,27.218294,26.905363,25.818348,25.757753,25.378344,25.244106,25.276733,25.042747,25.244106,25.61699,25.774534,26.260216,26.396318,27.417555,27.844975,28.527351,28.991592,29.183628,29.599394,28.90583,28.793032,28.53015,27.780651,27.460438,27.117268,26.728884,25.733517,25.7475
19.374296188354492,18.843801,18.795134,18.972775,19.095665,19.00076,19.379162,19.899923,20.463268,20.941442,21.780682,22.84319,23.90661,24.521059,24.53566,24.316648,23.718018,23.871325,23.323797,23.189957,21.71148,21.042736,20.36897,19.870722,19.435133,19.01901,18.7781,18.763498,19.214905,19.175968,19.25384,20.236347,20.640303,21.390453,21.692772,22.719084,23.65353,24.139006,24.567295,24.47239,24.124405,23.69125,23.137638,22.888208,21.893837,21.00897,20.197412,19.628592
12.076117515563965,11.531373,11.465959,11.639645,11.745662,11.648668,11.961079,12.414469,12.945115,13.36749,14.161909,15.120148,16.172419,16.737465,16.769043,16.584078,16.044973,16.166779,15.746097,15.6085005,14.222108,13.582343,13.025756,12.511462,12.122359,11.662202,11.481749,11.45468,11.8866415,11.803182,11.82461,12.712217,13.097938,13.782463,14.063506,15.010183,15.890459,16.378813,16.741976,16.757765,16.444227,16.039333,15.591583,15.352482,14.401434,13.580933,12.856016,12.326497
18.010726928710938,17.70786,17.998365,17.89638,18.230152,18.367678,19.080034,20.018768,20.900713,21.823223,22.664219,24.00008,24.6429,25.557682,25.332077,24.846872,24.00008,24.1067,22.578459,22.805609,20.516722,20.089077,19.172749,18.845158,18.145164,18.163706,17.71404,17.676956,18.100351,18.849792,19.331907,20.42787,21.037563,22.339718,22.683535,23.993898,24.720161,24.683077,25.47733,24.760338,24.188599,23.494785,22.6704,21.935251,20.848175,19.850336,18.70763,18.414036
21.539405822753906,20.886328,20.870102,20.86199,21.075964,20.824469,20.92892,21.249374,21.706732,22.046963,22.662012,23.459093,24.571558,25.145536,25.362553,25.224636,24.960972,24.97314,24.758152,24.575615,23.618305,22.92945,22.561363,21.894848,21.754395,21.051626,20.746382,20.875174,21.17129,20.86199,20.976582,21.459293,21.772648,22.335472,22.59204,23.51994,24.247047,24.73077,25.113085,25.30982,25.190157,24.939674,24.761194,24.497528,23.60056,23.117596,22.418629,22.030737
19.14958381652832,17.933582,17.703892,17.93696,18.097404,17.597492,17.697138,18.146381,18.526382,19.425718,20.468185,21.747944,23.797413,24.462837,24.890127,24.923904,24.559105,24.466215,24.62666,24.177414,22.502878,21.435287,20.830454,19.609806,19.220518,18.024782,17.830559,17.646471,18.249405,17.839005,17.54007,18.447004,18.860783,19.777008,20.504498,21.673634,23.175901,24.027103,24.73137,25.140083,25.086039,24.513504,24.371637,23.89368,22.511322,21.47941,20.675287,19.875807
18.79953956604004,18.0549,17.969881,18.213207,18.355394,18.20588,18.592857,19.157202,19.81829,20.382269,21.414396,22.662,24.04721,24.768398,24.832893,24.610088,23.927011,24.058937,23.582542,23.36853,21.595243,20.753124,20.044762,19.340431,18.858173,18.210278,17.999197,17.958153,18.532759,18.39204,18.400835,19.542715,20.030104,20.908686,21.29081,22.508821,23.664629,24.313992,24.794783,24.835827,24.45471,23.922615,23.364134,23.062172,21.800093,20.74946,19.819757,19.124954
14.656536102294922,14.158407,14.773119,14.513456,15.223555,15.26065,16.619905,18.119593,19.406647,21.063322,22.568308,24.831085,26.092306,27.719173,27.284636,26.500347,25.00066,25.276222,22.765705,23.11148,19.057558,18.29844,16.617256,16.09528,14.839359,14.97979,14.142509,14.237896,15.022183,16.291353,17.00675,18.841614,19.826942,22.075478,22.59083,24.709202,26.124102,26.1294,27.501904,26.362568,25.612724,24.364752,22.892887,21.615768,19.722282,17.902323,15.983996,15.451423
17.683595657348633,16.672424,16.445425,16.65454,16.768726,16.339493,16.3505,16.73158,17.013609,17.788153,18.609129,19.655382,21.349955,21.882368,22.312977,22.345995,22.029573,21.948404,22.11762,21.735165,20.402067,19.534489,19.03965,18.029596,17.74688,16.772854,16.556862,16.4413,16.90355,16.511461,16.309227,17.02599,17.30114,18.05711,18.658655,19.590378,20.829924,21.488905,22.147886,22.461557,22.483568,22.037827,21.907131,21.537056,20.425455,19.622707,18.959255,18.29649
23.346105575561523,23.838825,24.22345,24.645782,24.354172,24.776503,24.105297,23.644001,22.591942,23.051981,21.277496,19.274876,17.94629,16.39774,15.384645,15.088007,14.886897,14.967341,15.585756,16.357517,17.307764,18.604927,19.771366,21.89811,22.426653,22.723919,24.952475,24.96253,25.068113,24.532658,23.53339,23.182703,22.829502,22.028831,20.925552,19.014688,17.918636,16.691864,16.043282,15.666201,14.881869,15.434923,15.716477,16.161434,17.508875,18.71051,20.086859,21.223162
16.877696990966797,16.639252,16.951502,16.826603,17.153044,17.3262,17.994698,18.848413,19.692905,20.559397,21.335762,22.55779,23.040356,23.88059,23.6535,23.21919,22.400246,22.445663,20.998674,21.21512,19.162792,18.758287,17.956375,17.681028,17.026726,17.074982,16.673317,16.653446,16.998339,17.734962,18.247335,19.274918,19.797712,21.006481,21.315182,22.527985,23.151062,23.040356,23.784077,23.091452,22.526566,21.87368,21.120735,20.425627,19.431396,18.554617,17.517807,17.289299
17.99098014831543,17.663189,17.876041,17.81928,18.100245,18.17829,18.80833,19.67038,20.437712,21.252579,22.035873,23.278217,23.99198,24.834873,24.641888,24.201994,23.46127,23.61878,22.279943,22.47222,20.336607,19.922964,19.043886,18.717514,18.084635,18.057674,17.63197,17.592237,18.037807,18.65224,19.001316,20.00243,20.594511,21.76768,22.090504,23.27396,24.009008,24.077122,24.775274,24.179289,23.693987,23.080975,22.314709,21.677572,20.668655,19.70018,18.65224,18.325867
18.406890869140625,17.913706,18.069115,18.10083,18.341873,18.359318,19.01901,19.918161,20.709476,21.518633,22.46496,23.887424,24.913439,25.826862,25.649252,25.195713,24.413912,24.67081,23.367281,23.498903,21.149933,20.56834,19.556599,19.163319,18.448122,18.300642,17.84076,17.812214,18.398962,18.900076,19.122087,20.286068,20.937038,22.188238,22.562487,23.850952,24.834148,25.094221,25.78246,25.294031,24.811947,24.168112,23.291162,22.6838,21.535135,20.343948,19.229923,18.73991
20.238956451416016,18.667967,18.34103,18.521482,18.70618,17.95253,18.020464,18.523605,18.808083,20.10521,21.249485,22.846216,25.554848,26.404032,27.017567,27.157682,26.881697,26.773426,27.01332,26.516548,24.589962,23.229675,22.412601,20.854614,20.304768,18.825066,18.459917,18.251865,18.839926,18.317678,17.871857,18.85054,19.285748,20.467175,21.435776,22.835337,24.81818,25.869045,26.830746,27.446404,27.518585,26.822254,26.788286,26.08134,24.532642,23.294956,22.387955,21.373678
29.49677848815918,29.429573,29.198309,29.049402,28.719967,28.494797,28.1423,27.871668,27.59527,27.562986,27.226961,26.949575,26.832294,26.655718,26.688662,26.989107,27.148554,27.321838,27.780085,28.061752,28.356897,28.646502,28.916311,29.347214,29.316906,29.24377,29.397287,29.088936,28.83494,28.462347,28.05088,27.687183,27.61899,27.43187,27.23882,26.921902,26.813847,26.751913,27.000967,27.111658,27.03984,27.371912,27.815992,27.939861,28.41948,28.66314,28.91763,29.235205
24.308568954467773,23.697218,22.527554,21.561352,20.361794,18.87392,17.863361,17.061085,16.374521,16.050526,16.050526,16.220238,16.69466,17.28094,18.092857,19.539268,20.180029,21.014126,22.44077,23.193867,23.618149,23.969143,24.381853,24.829277,24.501423,23.762789,22.693409,21.52736,20.366135,19.068703,17.973288,16.663803,16.598232,16.374521,16.347523,16.254951,16.679232,17.435223,18.987703,19.652088,19.735016,21.01726,22.401234,22.893013,23.820646,24.005787,24.150427,24.77142
13.024493217468262,12.170598,11.95571,12.227147,12.352969,12.065981,12.282283,12.753057,13.2337265,13.8508215,14.827093,15.970009,17.5131,18.16766,18.382547,18.227036,17.785952,17.80857,17.650232,17.34628,15.790465,14.92981,14.304276,13.450027,13.079629,12.259663,12.0772915,11.981157,12.502825,12.242699,12.097084,13.044286,13.488198,14.276709,14.788569,15.868927,17.060705,17.75909,18.272276,18.4702,18.26662,17.774641,17.405657,17.093222,15.875289,14.911409,14.1215515,13.450027
18.50783920288086,17.475424,17.26684,17.518942,17.658497,17.26984,17.404896,17.83557,18.255737,18.97828,19.962301,21.121143,22.877602,23.49735,23.824482,23.785467,23.39531,23.34429,23.401312,23.002151,21.445274,20.50505,19.953297,18.916004,18.575367,17.548954,17.398893,17.24583,17.816061,17.461918,17.239828,18.129688,18.53335,19.35268,19.94992,21.036734,22.335882,23.093689,23.674423,23.998552,23.887508,23.365297,23.152212,22.77556,21.494793,20.540316,19.774725,19.059313
18.969789505004883,17.85818,17.642405,17.780798,17.914726,17.39538,17.437048,17.797167,18.0055,18.911753,19.725744,20.846096,22.730215,23.318014,23.746588,23.841825,23.630516,23.545694,23.72873,23.364145,22.006256,21.051268,20.492022,19.39241,19.017408,17.963835,17.727226,17.570976,18.009966,17.643894,17.338833,18.0308,18.33586,19.162498,19.84442,20.823402,22.206406,22.941526,23.624563,24.035278,24.076944,23.588848,23.557598,23.07099,21.965332,21.09368,20.451982,19.74137
18.83970069885254,18.000675,17.881264,18.157797,18.30706,18.118517,18.498749,19.075382,19.759642,20.36927,21.476578,22.798355,24.33421,25.096245,25.199944,24.979977,24.28236,24.397058,23.977547,23.713583,21.839134,20.922531,20.196438,19.391193,18.90412,18.140512,17.944113,17.878122,18.503462,18.308632,18.28035,19.476038,19.99218,20.916443,21.348671,22.64045,23.895844,24.618599,25.130812,25.228226,24.854279,24.285501,23.734009,23.413483,22.041426,20.924496,19.955257,19.205791
19.47185707092285,18.482937,18.314468,18.627823,18.799662,18.514946,18.840094,19.402784,20.061502,20.748861,21.934416,23.323084,25.070118,25.845081,26.040506,25.858559,25.203209,25.25375,25.0061,24.642204,22.707747,21.697136,20.983875,20.005907,19.5443,18.582335,18.422289,18.307728,19.00351,18.705318,18.600866,19.800373,20.331055,21.290491,21.824911,23.154613,24.536068,25.354834,25.929316,26.12474,25.808018,25.19647,24.7197,24.372652,22.864002,21.709772,20.724432,19.918303
16.126070022583008,16.767326,16.824442,18.56388,19.555622,21.826143,24.254707,25.33212,26.910597,26.726269,27.31041,27.305218,26.477036,26.256361,25.106253,24.037926,20.957235,19.145426,17.426756,17.517622,17.268389,15.637988,15.928761,16.219532,16.136456,17.429352,17.21906,17.992722,21.124363,22.83135,24.322206,24.729807,25.978569,27.611565,27.004059,26.946943,27.263678,26.435497,24.89077,23.000751,20.954964,19.049368,18.177052,17.156754,16.120876,16.310398,17.081463,16.47915
12.46548843383789,11.81611,11.699181,11.912159,12.028046,11.807758,11.9727125,12.307842,12.647147,13.122175,13.846853,14.713779,15.817827,16.292854,16.447369,16.334616,16.002619,15.9942665,15.912832,15.645564,14.50863,13.87775,13.420242,12.776606,12.506206,11.875619,11.77957,11.684564,12.123051,11.923644,11.8411665,12.527085,12.840291,13.431204,13.827213,14.601547,15.479566,15.982782,16.39308,16.51001,16.353409,15.97443,15.711337,15.488962,14.55039,13.849986,13.26625,12.770342
19.500946044921875,17.915167,17.584019,17.96647,18.190346,17.584019,17.814888,18.474854,19.127821,20.25769,21.789833,23.593658,26.315138,27.289925,27.78898,27.728348,27.117355,27.028738,27.115023,26.511028,24.075222,22.617268,21.757769,20.151583,19.60822,18.027103,17.777576,17.551369,18.43521,17.891846,17.546705,18.917938,19.568575,20.838366,21.763016,23.45082,25.473274,26.653282,27.551113,28.059496,27.877598,27.070715,26.741898,26.1449,24.151014,22.666094,21.486086,20.37779
19.096134185791016,18.348524,18.175312,18.371992,18.474802,18.188723,18.296001,18.625666,18.93633,19.47832,20.215313,21.094229,22.390532,22.875528,23.10797,23.043154,22.772718,22.742546,22.741428,22.46764,21.309908,20.611189,20.156923,19.408476,19.1386,18.412222,18.272535,18.173077,18.57873,18.338467,18.170841,18.836874,19.148657,19.768312,20.224392,21.030252,22.003876,22.564863,23.007393,23.22419,23.132555,22.744781,22.559275,22.277664,21.332256,20.607975,20.039026,19.502905
18.129348754882812,16.403492,16.064844,16.463697,16.709532,16.049793,16.278067,16.98296,17.672798,18.89946,20.540028,22.47158,25.409046,26.440044,26.991917,26.95178,26.297058,26.191702,26.322144,25.659897,23.049791,21.476799,20.575773,18.82546,18.249756,16.518885,16.268034,16.009657,16.970417,16.3759,15.999622,17.457067,18.141891,19.501503,20.511179,22.312916,24.493439,25.765255,26.741066,27.292938,27.107307,26.24438,25.918274,25.271078,23.122538,21.544058,20.277887,19.087599
20.092374801635742,19.8846,19.888378,19.938747,19.998562,19.989746,20.234669,20.567106,20.879082,21.159105,21.558598,22.112188,22.58566,22.940765,22.896692,22.746843,22.426369,22.535292,22.09582,22.107151,21.25186,20.963137,20.57907,20.39522,20.120707,20.025005,19.843046,19.830454,20.052708,20.158484,20.22837,20.714123,20.961405,21.407646,21.555922,22.07567,22.52207,22.691437,22.939507,22.793436,22.595736,22.377258,22.037893,21.846174,21.387104,20.919693,20.472034,20.234037
21.470491409301758,21.054852,20.082464,19.344408,18.281473,17.141356,16.214294,15.430911,14.772389,14.522665,14.23531,14.122421,14.3482,14.550032,15.095664,16.289555,16.858276,17.521074,18.832344,19.536833,20.093582,20.570797,21.041168,21.665482,21.42773,20.936832,20.35528,19.345263,18.364162,17.223457,16.19548,15.063166,14.909225,14.625292,14.485035,14.132683,14.320832,14.738181,15.967991,16.455467,16.479414,17.529627,18.858,19.246485,20.268047,20.608427,20.885519,21.552591
17.542827606201172,18.192242,19.295774,20.679308,21.287544,24.166376,26.262854,26.119324,28.747566,27.74521,28.827566,28.088741,27.185207,26.331089,24.938143,24.0252,20.798132,19.44401,17.94283,18.027534,18.559301,16.672237,17.222828,17.039297,17.189886,19.761658,19.180481,20.954603,24.000494,24.907555,25.705204,27.168737,26.648737,28.949919,27.161678,26.982855,27.571093,26.441677,24.760496,22.593431,20.522837,19.476952,19.187538,17.956947,16.281649,17.481651,17.961653,17.653416
20.699594497680664,20.188452,20.118252,20.291557,20.394665,20.295944,20.612942,21.064854,21.5579,21.990618,22.75034,23.694063,24.693317,25.249432,25.282337,25.093676,24.577047,24.699898,24.264439,24.128426,22.808886,22.192717,21.608356,21.12628,20.746761,20.331045,20.129221,20.109476,20.513126,20.449509,20.484608,21.35114,21.721882,22.384464,22.67356,23.58986,24.44652,24.907207,25.284533,25.249432,24.953276,24.566078,24.096617,23.868467,22.960255,22.165842,21.446568,20.93652
19.299768447875977,18.261755,18.044878,18.285686,18.42329,18.014965,18.136116,18.56239,18.952766,19.69239,20.66235,21.808054,23.581953,24.195189,24.536207,24.512276,24.151814,24.096472,24.168266,23.773401,22.243303,21.305126,20.756578,19.70585,19.371563,18.333548,18.180986,18.020947,18.575851,18.215387,17.98206,18.84059,19.23994,20.049862,20.664967,21.73514,23.036022,23.795837,24.383646,24.721674,24.631933,24.118908,23.931946,23.540073,22.28219,21.337658,20.591679,19.877108
20.035045623779297,20.864758,21.937445,23.196033,23.168636,24.585407,25.785616,26.268309,26.229172,26.99887,26.60228,25.553402,25.15942,24.60106,23.341494,21.935162,21.145893,20.470776,19.908503,19.586273,19.46886,19.247084,18.907894,18.764389,19.826315,20.259434,21.759695,23.219515,23.835276,24.783703,25.365543,26.620544,26.14307,26.855368,26.477041,25.756916,24.989824,24.501913,23.231256,22.02159,21.462904,20.58949,20.213774,20.096361,19.262737,19.085316,19.13489,19.179245
23.568588256835938,23.090765,22.17382,21.976961,21.454853,20.861668,20.40915,20.239456,19.950678,20.00129,20.276669,20.485065,21.037315,21.486856,21.796474,22.271507,22.382774,22.54149,23.07253,23.60729,23.605057,23.70479,23.674274,23.724886,23.59315,23.312557,22.496836,22.108696,21.547888,20.924187,20.401707,20.066784,20.269226,20.322815,20.30644,20.56247,21.113232,21.663994,22.27188,22.275042,22.011942,22.589544,23.299534,23.228827,23.613989,23.76582,23.503092,23.747957
19.54867172241211,18.470047,18.25671,18.46259,18.595366,18.147802,18.231348,18.626694,18.948938,19.751568,20.661983,21.78984,23.614029,24.207796,24.589716,24.619553,24.31521,24.239124,24.371902,23.982523,22.51974,21.572773,21.031408,19.954462,19.608347,18.556576,18.374567,18.214937,18.728142,18.365616,18.097078,18.88628,19.248806,20.06337,20.705622,21.739117,23.070988,23.824383,24.443512,24.81648,24.783659,24.27642,24.157072,23.72592,22.52347,21.612307,20.90982,20.196892
17.807374954223633,17.042255,16.864294,17.095524,17.208113,16.938143,17.101578,17.482925,17.870327,18.418137,19.243786,20.219555,21.56396,22.108742,22.31697,22.20317,21.856932,21.850878,21.772186,21.48769,20.185658,19.441687,18.922365,18.159668,17.853378,17.114895,16.968409,16.87398,17.329176,17.090681,16.949038,17.729895,18.090662,18.766798,19.228806,20.131784,21.16566,21.764923,22.224962,22.4114,22.261282,21.83393,21.559116,21.284304,20.235897,19.426233,18.76922,18.192354
15.315423965454102,14.458191,14.258418,14.547641,14.683308,14.425392,14.707161,15.222992,15.774603,16.403738,17.44224,18.672796,20.232216,20.940365,21.122248,20.925457,20.40068,20.454351,20.196436,19.898268,18.217344,17.324425,16.628855,15.78802,15.367603,14.567022,14.36874,14.288235,14.845809,14.610256,14.502916,15.553959,16.031027,16.88006,17.384432,18.550549,19.787945,20.50504,21.03578,21.18188,20.916512,20.388754,19.931067,19.61948,18.328413,17.29526,16.421627,15.717951
14.637858390808105,13.753803,13.518055,13.747106,13.858282,13.510017,13.637268,14.036432,14.40211,15.0484085,15.92878,16.968214,18.543776,19.135824,19.417114,19.344784,19.034023,19.008574,18.9925,18.6871,17.2994,16.459883,15.911366,15.0176,14.694117,13.828814,13.641287,13.534128,13.988212,13.698884,13.485908,14.274859,14.661968,15.395332,15.938491,16.91229,18.078976,18.763449,19.27513,19.564457,19.462656,19.008574,18.792917,18.440636,17.334896,16.461891,15.790479,15.14552
15.793824195861816,14.81613,14.58564,14.855297,14.987866,14.633847,14.81613,15.2756,15.744111,16.429552,17.446415,18.62899,20.349373,21.01523,21.298445,21.196005,20.774195,20.75913,20.710924,20.352385,18.744987,17.809614,17.204252,16.223167,15.85559,14.897478,14.721222,14.5976925,15.153578,14.831194,14.627821,15.573881,16.018288,16.847597,17.418922,18.544628,19.832655,20.591913,21.144785,21.43704,21.277355,20.751598,20.463863,20.099298,18.815792,17.821196,17.023476,16.304516
16.01736831665039,14.5223,14.205907,14.564634,14.7829895,14.214819,14.439859,15.083786,15.727713,16.781612,18.264149,19.975622,22.570269,23.497166,23.960615,23.92051,23.301092,23.232021,23.296635,22.728466,20.378912,18.984945,18.186443,16.644585,16.139915,14.611424,14.395297,14.174713,15.030312,14.502247,14.179169,15.5049,16.144371,17.331959,18.212067,19.836922,21.754776,22.897802,23.724434,24.219078,24.027458,23.263214,22.944593,22.383106,20.470266,19.050953,17.905699,16.847343
19.746721267700195,19.61667,19.160727,18.874615,18.222065,17.765356,16.957317,16.414354,15.739619,15.731969,14.905763,14.198896,13.868414,13.38799,13.41553,13.996935,14.338128,14.67014,15.664648,16.295778,16.973,17.649456,18.31769,19.336678,19.301487,19.174498,19.63044,18.972534,18.49364,17.655577,16.726477,15.94311,15.809235,15.354056,14.873632,14.126986,13.822514,13.623611,14.076496,14.325888,14.076496,14.832321,15.762569,16.030321,17.151295,17.688473,18.321514,19.075047
15.264528274536133,14.223814,13.993034,14.179716,14.31348,13.8651495,13.953345,14.341409,14.647156,15.441656,16.341991,17.440033,19.249525,19.8375,20.212334,20.256432,19.962444,19.890417,20.021242,19.647877,18.205135,17.273746,16.745121,15.67611,15.338025,14.297311,14.112099,13.956285,14.448714,14.08564,13.818111,14.579538,14.958782,15.737848,16.379107,17.394833,18.707119,19.459726,20.05652,20.444584,20.412245,19.927166,19.821331,19.3877,18.213955,17.31619,16.630466,15.93335
19.317150115966797,18.427874,18.239056,17.899181,18.117237,17.503271,17.576363,17.612907,17.486216,18.423002,18.754349,19.768793,21.316803,21.954523,22.477125,22.719543,22.785326,22.882782,22.943691,22.880344,22.112888,21.286957,20.78872,19.977255,19.39755,18.604511,18.174492,17.924763,18.105055,17.731071,17.578798,17.647017,17.755436,18.327984,19.00895,19.755392,21.13103,21.586632,22.405252,22.817,23.028963,22.797508,23.01678,22.592854,22.021523,21.37832,21.007992,20.54691
17.31643295288086,16.822351,15.991094,15.281018,14.459441,13.387818,12.694769,12.180657,11.7026005,11.518321,11.62515,11.846819,12.26345,12.802933,13.437226,14.46545,14.887589,15.502187,16.445782,16.974583,17.176222,17.327116,17.563475,17.770454,17.53543,16.93185,16.073885,15.255939,14.43407,13.534707,12.817621,11.916257,11.913586,11.806758,11.828123,11.886879,12.268791,12.885725,14.014768,14.514191,14.593644,15.495844,16.413065,16.748907,17.324446,17.35783,17.39255,17.76912
18.30014991760254,17.553291,17.510895,17.740822,17.889215,17.789743,18.29689,18.985043,19.772669,20.390295,21.528929,22.932959,24.38591,25.224087,25.217564,24.917517,24.103798,24.323942,23.583607,23.435213,21.378904,20.4861,19.630798,18.965475,18.353964,17.793005,17.491325,17.465235,18.086529,18.049023,18.124035,19.432669,19.991999,21.021261,21.408258,22.791088,24.03857,24.682695,25.224087,25.165382,24.679434,24.089123,23.369986,22.999817,21.671616,20.460009,19.393532,18.637705
16.22756576538086,15.691679,15.94409,15.913024,16.262516,16.328531,17.151777,18.311895,19.316685,20.37681,21.47965,23.203808,24.324123,25.45803,25.21727,24.623133,23.658148,23.929976,22.196108,22.423277,19.495314,18.874966,17.637182,17.175077,16.309114,16.200384,15.625664,15.575182,16.25475,16.996449,17.359531,18.74876,19.566912,21.141808,21.60003,23.197983,24.285292,24.48722,25.388132,24.673615,24.060062,23.238758,22.17475,21.357328,19.962759,18.566248,17.159544,16.641132
19.60033416748047,18.05345,17.714201,17.95957,18.136662,17.44323,17.541378,18.081186,18.467375,19.67501,20.911983,22.51381,25.192587,26.04604,26.630655,26.69893,26.35755,26.257269,26.45143,25.92869,23.910273,22.550615,21.741968,20.195618,19.677145,18.190002,17.869957,17.660862,18.307352,17.786745,17.366419,18.431103,18.921839,20.094269,21.035202,22.488207,24.426613,25.50623,26.413025,27.001907,27.01044,26.297808,26.18686,25.5233,23.89107,22.611958,21.648088,20.627678
15.789000511169434,14.48377,14.18878,14.556507,14.73633,14.279701,14.536303,15.15861,15.813246,16.71438,18.082499,19.684486,21.97167,22.85664,23.228409,23.070812,22.48487,22.47679,22.385868,21.904995,19.732977,18.481668,17.65643,16.361807,15.863758,14.598937,14.366582,14.204944,14.960604,14.536303,14.281722,15.580891,16.16683,17.291227,18.042341,19.562246,21.284706,22.298988,23.038483,23.40217,23.171835,22.458607,22.040367,21.571615,19.835012,18.498022,17.409426,16.442625
14.24947738647461,13.174649,12.897172,13.149135,13.281494,12.841357,12.970528,13.4313965,13.83645,14.628219,15.656002,16.879934,18.791182,19.478498,19.8389,19.78149,19.443415,19.401953,19.42109,19.052713,17.430902,16.428236,15.786768,14.697588,14.316455,13.263952,13.0391,12.905146,13.4313965,13.072589,12.799895,13.708874,14.152201,15.022109,15.683112,16.825714,18.228252,19.046333,19.663483,20.036642,19.94734,19.40833,19.194641,18.7561,17.460405,16.440794,15.659989,14.892939
18.986576080322266,17.318205,17.008749,17.232992,17.448267,16.692566,16.764324,17.31372,17.668024,19.004517,20.267006,21.949392,24.76533,25.628666,26.263275,26.40679,26.039032,25.895515,26.191517,25.621939,23.528625,22.09571,21.287243,19.61782,19.067303,17.461721,17.143295,16.892143,17.600752,17.05584,16.602869,17.674751,18.156876,19.375639,20.405476,21.889967,23.949083,25.0703,26.079395,26.680367,26.716246,25.976242,25.906727,25.195877,23.481535,22.15962,21.171688,20.112278
26.722496032714844,24.256441,23.533974,20.51876,21.32305,19.627428,19.43593,18.47496,17.186707,19.885078,19.254879,22.430252,25.598663,28.63999,30.236382,31.545527,33.24811,34.045437,33.791267,34.74179,33.12277,31.535082,30.682049,30.316462,27.02706,24.898827,23.130089,21.643372,21.901024,19.519493,19.568237,18.147675,18.850992,18.440144,20.358599,22.973408,25.598663,27.381765,30.54974,32.217506,32.92431,33.376938,34.358795,33.57888,33.683334,32.2001,31.179941,30.52885
19.882871627807617,18.456669,18.18063,18.577164,18.79186,18.298933,18.577164,19.245354,19.96393,20.937737,22.434864,24.16805,26.61735,27.557198,27.951538,27.828856,27.138758,27.110277,27.066462,26.499048,24.12533,22.773247,21.948784,20.505054,19.994602,18.553064,18.37123,18.15434,19.045992,18.553064,18.305506,19.709799,20.342937,21.544584,22.352161,23.996075,25.846193,26.948158,27.749987,28.14433,27.885815,27.112469,26.689646,26.194529,24.254587,22.82082,21.635502,20.585018
17.257892608642578,16.636915,16.896029,16.89156,17.282465,17.311502,18.285412,19.568695,20.673836,21.876842,23.190699,25.18766,26.536837,27.832405,27.559887,26.898703,25.7863,26.112427,24.207048,24.423721,21.071999,20.302477,18.877354,18.341255,17.331608,17.179712,16.529696,16.50289,17.307035,18.102245,18.473045,20.090271,21.004429,22.80873,23.318022,25.136284,26.447487,26.751276,27.756456,26.996986,26.304527,25.375294,24.140038,23.237608,21.621433,19.973001,18.390398,17.751549
17.944454193115234,16.738852,16.456425,16.742382,16.890656,16.421124,16.576456,17.07776,17.55259,18.413103,19.556927,20.908596,23.008694,23.753592,24.148987,24.099562,23.679455,23.628265,23.677689,23.23993,21.427113,20.315504,19.645185,18.430756,18.020355,16.832405,16.617054,16.456425,17.075996,16.66648,16.38229,17.404316,17.889734,18.851746,19.56134,20.839756,22.376768,23.278763,23.95129,24.364336,24.251366,23.645916,23.41115,22.939854,21.480066,20.355,19.471758,18.624924
16.916854858398438,15.756342,15.497922,15.62951,15.762684,15.19511,15.245844,15.626339,15.827685,16.79795,17.653273,18.844503,20.869257,21.5161,21.97111,22.078917,21.879156,21.809399,21.974281,21.608053,20.178022,19.166142,18.542522,17.382963,16.973137,15.868906,15.58829,15.437677,15.862564,15.466214,15.141207,15.862564,16.192327,17.069054,17.796751,18.84153,20.32388,21.111822,21.825253,22.29453,22.348434,21.834764,21.812569,21.279875,20.134424,19.209343,18.535128,17.777727
18.306381225585938,17.518473,17.434515,17.681543,17.834927,17.699305,18.14654,18.79075,19.549599,20.154253,21.288082,22.664097,24.16726,24.974545,25.016521,24.758192,23.981585,24.152729,23.560183,23.355133,21.373251,20.454966,19.663425,18.92476,18.370964,17.707376,17.45389,17.41514,18.035133,17.914042,17.947947,19.223455,19.766758,20.74912,21.142368,22.501833,23.763618,24.461111,24.981003,25.003605,24.561214,23.978355,23.337372,22.996698,21.629967,20.455774,19.423662,18.659971
18.230323791503906,17.174812,16.994604,17.3256,17.511326,17.21527,17.588558,18.215612,18.958517,19.694063,20.987535,22.506615,24.39973,25.251125,25.449724,25.240093,24.506384,24.5781,24.261814,23.890364,21.758194,20.660389,19.868757,18.826118,18.309395,17.292501,17.10126,16.990927,17.735668,17.430416,17.3256,18.655104,19.241703,20.295834,20.86031,22.325485,23.829681,24.717854,25.332037,25.534313,25.166538,24.502707,23.956562,23.583271,21.942081,20.67556,19.58833,18.713947
19.121347427368164,17.760956,17.49425,17.774387,17.95475,17.405987,17.534544,18.056442,18.518862,19.510855,20.717747,22.173597,24.48425,25.245993,25.714167,25.733355,25.29588,25.201862,25.35728,24.844975,22.915672,21.704224,21.022827,19.646126,19.211529,17.858812,17.649668,17.440525,18.138948,17.672693,17.348425,18.403736,18.891098,19.926264,20.737894,22.082935,23.776232,24.749037,25.52613,25.982792,25.902205,25.24983,25.059874,24.536057,22.943495,21.760586,20.828554,19.918589
19.905967712402344,18.634354,18.355125,18.666426,18.838114,18.355125,18.54002,19.090927,19.634289,20.524797,21.77118,23.223679,25.433914,26.21877,26.622517,26.562141,26.06406,26.01312,26.056515,25.573526,23.596296,22.416891,21.72189,20.428577,19.996529,18.723026,18.524925,18.340033,19.045647,18.60228,18.32494,19.455055,19.981436,21.003067,21.744057,23.123686,24.750938,25.71314,26.418755,26.837597,26.686663,26.03576,25.756535,25.281094,23.677423,22.46736,21.500677,20.59932
19.716493606567383,18.479002,18.194988,18.510353,18.672647,18.202364,18.392323,18.928999,19.461987,20.333395,21.552675,22.977129,25.133059,25.91502,26.302313,26.228542,25.749039,25.699244,25.72875,25.264,23.331224,22.177992,21.48098,20.229195,19.797642,18.56937,18.364658,18.194988,18.873672,18.449493,18.176544,19.283094,19.803173,20.810135,21.531237,22.88261,24.472816,25.41154,26.106823,26.50518,26.353952,25.717686,25.437359,24.96892,23.40776,22.217413,21.272581,20.390568
18.48617935180664,17.474121,17.275238,17.57677,17.73235,17.398739,17.637718,18.141342,18.69629,19.393183,20.500671,21.7886,23.541656,24.25539,24.508806,24.380495,23.849606,23.848001,23.74856,23.35721,21.59132,20.60663,19.96898,18.956121,18.556751,17.557524,17.408361,17.272032,17.9184,17.586395,17.4244,18.489388,18.970556,19.863926,20.432306,21.655478,23.001144,23.79828,24.374079,24.630703,24.406157,23.833567,23.471087,23.116625,21.697178,20.627329,19.736416,18.968952
18.017581939697266,17.124624,16.965805,17.259134,17.411472,17.184587,17.549225,18.127783,18.804388,19.44615,20.58716,21.934597,23.56331,24.346066,24.482197,24.265036,23.594103,23.688099,23.320219,23.02689,21.123886,20.167727,19.432375,18.566967,18.079165,17.254272,17.056559,16.97877,17.612429,17.383923,17.320719,18.51997,19.053152,19.994726,20.470083,21.785501,23.094955,23.856642,24.391443,24.530815,24.177523,23.597343,23.064163,22.723835,21.311472,20.1657,19.186852,18.419493
18.855823516845703,17.509842,17.209084,17.415157,17.567394,16.951027,17.032715,17.502415,17.819881,18.88367,19.949316,21.338926,23.679077,24.425402,24.937801,25.012064,24.722446,24.637045,24.811558,24.360422,22.617146,21.432217,20.728014,19.378435,18.92637,17.632372,17.34461,17.164528,17.714058,17.255497,16.887905,17.801315,18.222748,19.241053,20.063957,21.323147,23.01444,23.953844,24.748436,25.268265,25.286829,24.674175,24.590631,24.00397,22.59765,21.489769,20.658278,19.770163
18.136917114257812,17.021427,16.789406,16.857822,16.996143,16.408651,16.426498,16.75371,16.841461,17.855814,18.569729,19.702602,21.623198,22.233,22.68217,22.857674,22.708942,22.634575,22.839827,22.509642,21.245419,20.289442,19.703903,18.595013,18.187487,17.135952,16.841461,16.682318,17.052662,16.676369,16.36403,16.95896,17.214779,18.047678,18.757874,19.693678,21.135357,21.84332,22.588469,23.039127,23.140265,22.67027,22.717865,22.19284,21.181463,20.345589,19.752426,19.046415
15.42038345336914,15.173042,15.655945,15.471421,15.924879,16.303741,17.2401,18.412022,19.752457,20.91487,21.972935,23.723948,24.08907,25.22762,24.874275,24.320705,23.06241,22.976038,20.872663,21.169079,18.569063,17.882988,16.957426,16.637453,15.706984,15.8012085,15.302602,15.255489,15.663797,16.757198,17.630741,19.125088,19.782207,21.459606,21.81982,23.547276,24.312853,23.986992,25.02739,24.002695,23.064373,22.143719,21.114115,20.14512,18.798244,17.699446,16.331223,16.103514
19.55000114440918,18.487436,18.265518,18.459513,18.587374,18.13325,18.209671,18.591782,18.888655,19.696966,20.579498,21.683947,23.496038,24.082432,24.467484,24.508633,24.229399,24.151506,24.294064,23.913422,22.490791,21.55627,21.02113,19.952688,19.611727,18.569738,18.38162,18.225838,18.713764,18.355167,18.08328,18.843094,19.194344,19.993837,20.632772,21.644266,22.961082,23.70473,24.323456,24.70263,24.682053,24.189716,24.09125,23.65623,22.490055,21.597973,20.91605,20.215021
19.748144149780273,18.384825,18.108685,18.39641,18.574066,18.02565,18.164684,18.693792,19.168829,20.155594,21.377947,22.842646,25.16666,25.93715,26.40253,26.410255,25.968046,25.879217,26.020184,25.510387,23.56003,22.340574,21.65288,20.274353,19.836971,18.481377,18.270893,18.06427,18.76524,18.295996,17.97158,19.045242,19.543453,20.585253,21.39243,22.755749,24.452173,25.435078,26.205564,26.669016,26.580189,25.923632,25.726665,25.20142,23.595755,22.398506,21.457603,20.538908
20.16164207458496,18.927055,18.667141,18.968569,19.13282,18.663532,18.825977,19.347609,19.849386,20.719374,21.904776,23.294138,25.410444,26.157696,26.551174,26.507854,26.042177,25.984419,26.045788,25.572891,23.701155,22.567757,21.908386,20.655296,20.250086,19.010082,18.831392,18.645483,19.327755,18.898176,18.631042,19.69416,20.186913,21.164293,21.88808,23.195316,24.757051,25.673967,26.36707,26.76055,26.630592,26.007883,25.756996,25.298538,23.762524,22.614573,21.6954,20.832182
19.849014282226562,18.599934,18.335358,18.61613,18.778116,18.286762,18.427149,18.9365,19.404457,20.296272,21.45581,22.826832,24.974926,25.705658,26.123219,26.105219,25.67326,25.606667,25.702057,25.230503,23.391977,22.258535,21.607447,20.340366,19.935406,18.686325,18.497343,18.30476,18.965298,18.52974,18.243567,19.269468,19.748224,20.72013,21.457611,22.745388,24.31439,25.232302,25.932436,26.353596,26.252806,25.639063,25.423084,24.94793,23.440573,22.309155,21.414865,20.556347
19.330350875854492,18.206295,17.996912,18.234632,18.38734,17.940237,18.042566,18.475502,18.853334,19.668827,20.66733,21.868134,23.751005,24.376005,24.756989,24.766434,24.40277,24.327202,24.448423,24.021786,22.441181,21.450155,20.886553,19.754625,19.401194,18.283436,18.127579,17.946533,18.535324,18.151194,17.893007,18.762026,19.1619,20.011238,20.684649,21.78509,23.17166,23.963537,24.609003,24.971094,24.898676,24.360262,24.199682,23.773046,22.4585,21.484396,20.71574,19.96873
20.055028915405273,18.79051,18.532265,18.78873,18.952583,18.43787,18.551855,19.036291,19.449486,20.379171,21.49542,22.841864,24.99555,25.706173,26.146084,26.171017,25.775633,25.690145,25.832626,25.36422,23.584991,22.458725,21.823126,20.542135,20.140516,18.879562,18.68187,18.48774,19.12356,18.687212,18.380878,19.351528,19.805687,20.76387,21.519909,22.767061,24.34014,25.244892,25.96442,26.40255,26.33487,25.73467,25.567255,25.072134,23.607254,22.509037,21.651705,20.804834
19.67819595336914,18.490145,18.253935,18.544386,18.715858,18.267933,18.437654,18.945068,19.447235,20.280096,21.441029,22.795303,24.82409,25.546719,25.917656,25.875664,25.396244,25.336754,25.397993,24.932571,23.098877,22.005308,21.37279,20.161991,19.767433,18.563633,18.40266,18.21894,18.904825,18.490145,18.243437,19.286263,19.770931,20.715775,21.410408,22.679821,24.187195,25.076048,25.746185,26.113625,25.970148,25.362999,25.109291,24.673615,23.16274,22.049927,21.149702,20.316841
17.668489456176758,17.40911,17.533115,17.520716,17.704659,17.733593,18.188282,18.803146,19.335081,19.90719,20.494282,21.409344,21.989075,22.596704,22.468565,22.160616,21.629456,21.771029,20.845116,20.96189,19.412844,19.085777,18.431128,18.183115,17.724293,17.673656,17.365707,17.336773,17.691223,18.089077,18.299889,19.036175,19.467613,20.305172,20.544401,21.394876,21.97254,22.077946,22.563637,22.166817,21.834066,21.404177,20.834782,20.403343,19.663536,18.92922,18.177948,17.905134
18.386199951171875,17.62497,17.823761,17.881945,18.22862,18.262562,19.249254,20.629898,21.857204,23.066061,24.512426,26.679758,28.287073,29.688324,29.42165,28.733147,27.54766,27.945246,25.979134,26.168228,22.60692,21.68326,20.158371,19.547443,18.456505,18.226196,17.503754,17.460115,18.342564,19.065006,19.394712,21.180216,22.186909,24.079082,24.645763,26.614302,28.151312,28.573141,29.615593,28.897999,28.151312,27.191286,25.862766,24.946377,23.191936,21.369312,19.661386,18.905003
20.486196517944336,18.452625,18.0874,18.560732,18.8646,18.093245,18.34744,19.162622,19.93982,21.397797,23.310114,25.575968,28.96233,30.166111,30.808907,30.77969,30.005413,29.859324,30.043396,29.245745,26.227528,24.397205,23.348827,21.295534,20.626442,18.584106,18.309458,17.993904,19.150934,18.45847,18.03481,19.71192,20.497883,22.08588,23.283817,25.356102,27.90464,29.36554,30.540102,31.153679,30.937466,29.926525,29.558378,28.804554,26.28012,24.449432,22.97995,21.59794
19.06395721435547,17.05258,16.64743,17.084187,17.35716,16.558355,16.788227,17.572664,18.305382,19.757883,21.595419,23.789976,27.215784,28.379509,29.051884,29.04039,28.356522,28.215725,28.419737,27.658287,24.724548,22.9179,21.884914,19.855577,19.190388,17.19625,16.880177,16.581343,17.641626,16.954884,16.489395,18.10137,18.859947,20.418764,21.60404,23.64056,26.161247,27.615185,28.758797,29.431171,29.270262,28.290434,27.971487,27.198544,24.7892,22.994764,21.583208,20.221935
12.929983139038086,12.223362,12.081169,12.289574,12.399202,12.147381,12.281976,12.615206,12.94735,13.452621,14.190313,15.065584,16.269878,16.748558,16.943937,16.857101,16.548838,16.527128,16.49348,16.216692,15.060699,14.392001,13.941612,13.238247,12.970144,12.283061,12.170176,12.070314,12.501234,12.276548,12.150638,12.835549,13.148156,13.753288,14.180544,14.9754925,15.905171,16.439207,16.865786,17.032944,16.907032,16.519531,16.294844,16.047363,15.094349,14.379723,13.796164,13.279494
18.288740158081055,16.114155,15.681257,15.785152,16.079523,14.9309025,14.971307,15.577362,15.715889,17.727417,19.0896,21.277534,25.00586,26.16891,27.046247,27.432968,27.132828,26.953896,27.421425,26.77208,24.324768,22.471247,21.370607,19.194939,18.381092,16.330603,15.767838,15.441721,16.17476,15.459038,14.8385515,15.955425,16.4547,18.047762,19.446018,21.240917,24.044828,25.42144,26.881746,27.767742,27.958218,27.069336,27.17323,26.14582,24.194899,22.571535,21.436443,20.090313
20.715557098388672,19.045557,18.695276,19.099825,19.336636,18.70021,18.934551,19.647448,20.343075,21.525888,23.15611,25.054594,27.93331,28.957016,29.484903,29.425701,28.769543,28.683205,28.774475,28.12325,25.544247,24.000978,23.113869,21.40255,20.846294,19.151627,18.914818,18.655807,19.603046,19.015955,18.660742,20.116133,20.806826,22.136412,23.116335,24.905972,27.03294,28.288523,29.228361,29.766115,29.573708,28.727608,28.379793,27.755703,25.639217,24.067272,22.810455,21.636892
18.330278396606445,17.228556,17.02856,17.36013,17.540827,17.179434,17.447847,18.002216,18.607464,19.37323,20.588436,22.01526,23.909065,24.684483,24.961668,24.803778,24.221338,24.221338,24.098534,23.666967,21.73369,20.66612,19.941635,18.847807,18.402206,17.32329,17.16189,17.011017,17.73205,17.377674,17.216274,18.38817,18.909208,19.896461,20.523088,21.852108,23.326626,24.188005,24.835356,25.08447,24.828339,24.191513,23.77749,23.400309,21.834564,20.665737,19.683748,18.849562
18.403514862060547,16.996866,16.686607,17.051373,17.240044,16.715956,16.933975,17.550303,18.168724,19.15191,20.541264,22.173792,24.604506,25.491259,25.9273,25.830868,25.27324,25.22083,25.241795,24.70513,22.503967,21.194536,20.395042,18.983154,18.493658,17.10378,16.877375,16.682415,17.466448,16.990578,16.6908,17.967474,18.550259,19.703249,20.516369,22.055872,23.862398,24.921053,25.717665,26.149511,25.969227,25.237602,24.897993,24.380196,22.590965,21.234106,20.150295,19.14562
17.73851776123047,16.26817,15.950741,15.735128,16.01662,15.068331,15.112251,15.377773,15.255993,16.81119,17.514921,19.135502,21.718346,22.630703,23.345413,23.716745,23.672825,23.664839,23.904408,23.60894,22.155558,20.853905,20.015915,18.557043,17.814383,16.473797,15.902826,15.599374,15.97869,15.461622,15.092287,15.545471,15.777054,16.851118,17.912205,19.097569,21.237213,22.073706,23.25957,23.920378,24.163939,23.644875,23.876457,23.14777,22.033777,20.939749,20.289421,19.393442
20.174108505249023,19.808289,19.771444,19.888998,19.967073,19.914438,20.192532,20.593443,21.007074,21.352058,21.948162,22.708532,23.46649,23.920914,23.91916,23.759499,23.315601,23.441927,23.005926,22.93399,21.853966,21.378157,20.888205,20.545193,20.220604,19.95216,19.759163,19.745127,20.057432,20.050415,20.115332,20.824602,21.129013,21.672768,21.885876,22.633087,23.300688,23.634926,23.943724,23.857752,23.60159,23.298933,22.884863,22.693619,21.997726,21.356884,20.757492,20.353949
18.964216232299805,17.328304,17.008339,17.402884,17.636242,17.022774,17.256132,17.9538,18.641846,19.789389,21.385004,23.246454,26.039532,27.030703,27.540722,27.482983,26.826214,26.746824,26.823807,26.1935,23.669867,22.166271,21.29118,19.631813,19.084503,17.436563,17.208017,16.960224,17.896063,17.328304,16.984282,18.41811,19.08691,20.387218,21.3417,23.087675,25.166245,26.385962,27.300146,27.810165,27.612894,26.780504,26.429264,25.827827,23.754068,22.226265,20.989859,19.84472
19.242748260498047,18.127861,17.885353,18.14902,18.297129,17.865822,18.009048,18.47128,18.910723,19.704979,20.766155,22.01247,23.93504,24.610481,24.971804,24.93925,24.532358,24.475393,24.54375,24.12221,22.442556,21.420542,20.824545,19.691145,19.320871,18.202728,18.031834,17.865822,18.468023,18.082289,17.830015,18.774008,19.219963,20.10048,20.75761,21.931091,23.34423,24.172665,24.79928,25.170366,25.059692,24.501434,24.288223,23.863426,22.49301,21.459501,20.642054,19.865295
18.828706741333008,17.63192,17.400011,17.650541,17.813047,17.333994,17.45418,17.919691,18.33442,19.201963,20.27814,21.565489,23.592155,24.267569,24.673834,24.68399,24.287882,24.204937,24.33528,23.88331,22.17023,21.10421,20.502644,19.290833,18.908268,17.713173,17.537127,17.350922,17.977245,17.565903,17.286596,18.226082,18.662815,19.575218,20.287872,21.479158,22.967524,23.825756,24.507942,24.904049,24.822796,24.245564,24.0729,23.612469,22.197315,21.149702,20.322998,19.52105
16.480022430419922,16.934444,17.341923,18.531494,19.27134,21.240658,22.94521,23.21561,24.869932,24.434288,24.990108,24.62582,24.039955,23.576143,22.689833,22.072044,19.458647,18.286444,17.080912,17.206722,17.313755,16.0256,16.277222,16.371113,16.18709,17.85831,17.561623,18.404745,20.78694,21.775354,22.577166,23.420288,23.77331,25.241732,24.362932,24.02681,24.546955,23.795843,22.571533,20.949602,19.493385,18.233868,18.108055,17.189823,16.040623,16.495045,17.178556,16.630245
16.211254119873047,15.284627,15.20159,15.492222,15.684718,15.512981,16.033855,16.773647,17.65498,18.361273,19.692001,21.310532,23.063763,23.9885,24.048893,23.750711,22.841068,23.033566,22.363602,22.10694,19.796034,18.724564,17.798409,16.928398,16.28863,15.492222,15.212913,15.163845,15.909298,15.754545,15.797952,17.290745,17.913528,19.062494,19.524038,21.105768,22.578745,23.403461,24.014923,24.041344,23.524244,22.831633,22.089954,21.706848,20.08714,18.724092,17.52193,16.62267
18.121200561523438,17.782103,18.09128,17.981571,18.34228,18.495207,19.24488,20.260515,21.223997,22.208672,23.110443,24.547459,25.245602,26.232979,25.993614,25.46502,24.569067,24.678776,23.03398,23.287472,20.822357,20.362745,19.372875,19.017153,18.264154,18.282438,17.792076,17.748857,18.209301,19.008842,19.51583,20.693533,21.360094,22.758877,23.134546,24.544132,25.328714,25.298794,26.149866,25.381907,24.761889,24.0172,23.139532,22.339575,21.170805,20.10094,18.862564,18.545074
19.480571746826172,18.47824,18.2798,18.511553,18.652054,18.266764,18.385538,18.798347,19.185085,19.897728,20.843933,21.954536,23.657923,24.248894,24.570452,24.558865,24.186611,24.130121,24.206888,23.817253,22.32679,21.41716,20.900602,19.877449,19.558788,18.540522,18.407265,18.246485,18.802692,18.450718,18.234898,19.06921,19.461742,20.238115,20.832706,21.86944,23.126339,23.860708,24.428503,24.747164,24.651566,24.156193,23.973686,23.601433,22.36445,21.453552,20.724072,20.033882
25.86779022216797,23.135542,24.681276,24.158773,26.281437,27.076077,31.582653,38.364292,44.392113,50.409046,56.396046,65.83917,71.53227,78.08531,76.77906,73.165085,67.74413,69.1157,58.74186,60.17874,43.864166,40.77542,33.85771,31.430258,26.510033,26.32498,22.983145,22.504185,25.802479,30.483223,33.17193,40.769978,45.495625,54.316925,57.076385,66.14397,71.83707,72.44665,77.67166,73.078,69.45315,64.78329,58.818058,53.957703,46.342648,39.033745,30.809786,28.273476
17.640522003173828,15.074232,16.827864,16.229063,18.431795,19.08406,23.767542,30.48267,36.414543,42.5977,48.222153,57.482185,62.721695,69.287125,67.87566,64.45394,58.733253,59.898773,49.71381,51.034378,34.99239,32.172142,25.489094,23.286362,18.314175,18.442488,15.052847,14.860374,17.768837,22.602018,25.617409,33.02223,37.419674,46.2012,48.79422,57.631886,63.170795,63.427425,68.70971,64.090385,60.561733,55.82479,50.130833,45.094486,37.48116,30.48267,22.356081,20.164042
19.88320541381836,15.849336,15.211628,16.516705,17.18407,16.094036,17.80695,20.246548,23.435085,26.43824,31.472929,37.553623,45.23577,48.550365,49.291885,48.431725,45.265434,45.54721,44.23472,42.83325,33.933155,29.523891,26.493855,22.478523,20.231718,16.360985,15.478576,15.330272,18.251862,17.228561,16.635345,22.033611,24.499166,28.77032,30.764082,36.77132,42.73685,46.414787,48.7135,49.544003,48.031303,45.473057,43.204006,41.46885,34.99538,29.928019,25.529879,22.070688
22.700084686279297,19.09502,24.883434,22.547756,28.869316,34.632343,45.828358,60.97217,83.25313,94.34442,108.07921,131.00438,132.78152,147.10023,143.64749,135.87885,117.802734,116.304855,88.175186,92.11029,63.549034,52.162613,43.111866,38.186634,26.838295,27.34605,21.93845,19.805878,23.766373,38.186634,50.677425,70.46086,79.48304,100.374016,103.61096,127.29776,136.03116,132.52765,144.81534,129.83655,115.111626,104.24565,90.80282,79.259315,63.193604,51.984894,34.200752,31.763523
66.29080200195312,135.95825,115.52246,266.933,255.08957,415.9052,601.7431,730.802,867.6985,903.4611,990.31323,1040.7059,1001.92444,1044.886,942.01044,841.9216,627.5781,488.06906,351.69507,324.29254,250.44507,128.29483,158.01959,139.67383,99.26672,230.24152,147.8017,156.85849,341.47717,551.6551,665.721,714.66235,861.89294,940.3849,982.1853,1057.8906,1043.9572,1014.6968,936.9015,767.1452,588.2595,459.79572,325.9181,263.9141,246.72946,214.45023,177.99094,134.79712
16.509273529052734,21.000065,21.16238,24.408737,33.796116,44.59025,64.27128,84.20255,102.57828,109.057465,117.98494,140.35774,132.6747,140.79059,135.27179,122.80037,109.62558,94.25949,67.537926,65.27224,48.78346,31.253136,34.337177,32.199993,18.88993,27.979729,18.13245,16.292847,32.443466,55.884865,69.11376,80.10065,98.912605,112.6014,111.627495,137.59834,137.81476,131.61963,131.809,112.70961,98.966705,81.73059,60.32155,59.036533,48.080082,43.50813,31.604828,27.682148
23.41602325439453,15.995247,22.284035,21.026276,27.660957,30.899685,43.66594,64.30891,86.08484,101.970924,118.87992,145.73308,155.5436,174.91309,171.32846,163.40459,142.21135,145.70163,111.86791,117.402054,76.07681,65.81822,49.92329,40.490097,28.761497,26.874859,20.586067,15.114815,20.900505,35.99361,49.640293,73.42766,84.299416,109.902664,116.883224,145.22997,159.63132,158.49933,174.59863,155.79514,142.80878,130.70285,112.51251,99.34535,79.36271,62.846764,36.5596,30.145031
72.70245361328125,48.173004,44.436733,48.562878,52.78649,41.61016,41.4802,49.180176,53.30632,74.3919,91.75745,115.604614,156.65489,168.93585,176.96072,182.09404,174.23163,168.87088,178.45523,168.02615,138.37964,117.489,108.57575,82.31929,75.52902,48.595367,45.151497,40.960373,53.436275,47.29579,40.310585,54.540916,59.934143,76.22755,92.71588,113.59434,142.45705,159.51395,177.35059,182.74382,182.224,172.8021,172.02234,162.21057,138.05475,119.57644,105.10244,91.40006
39.52458190917969,109.51283,162.54431,232.74037,238.5173,304.18326,353.47427,357.96283,384.72794,403.1809,375.08585,311.91354,275.17386,209.09232,137.95076,71.443214,29.383766,-8.270248,-46.17363,-55.48323,-54.652008,-34.037888,-41.020096,-17.33049,22.48468,78.21761,151.59972,226.63095,267.5267,316.98395,347.15704,401.18597,363.2826,388.0528,360.9552,298.78036,258.5496,217.07199,152.21648,66.45593,35.036026,-4.4466553,-29.216843,-26.723206,-62.132935,-37.196503,-36.365295,-18.90979
34.11767578125,26.62362,25.34904,27.225504,28.77152,25.880114,27.390726,30.82501,34.625145,40.17783,47.989056,57.20173,70.08914,75.15206,77.299965,77.34717,73.07497,72.52029,73.13397,69.56987,56.947994,49.487312,45.91639,37.734886,35.08541,26.965866,25.950924,25.136608,29.998894,27.308115,25.92732,33.315163,36.70224,42.732887,47.218998,55.756027,65.73433,71.8712,76.28502,78.291306,76.96951,73.12218,71.06868,68.23628,57.673798,50.285217,43.901253,38.460686
39.06157684326172,21.856735,19.009544,23.38984,26.431713,19.058212,20.055946,26.723736,31.931423,45.70503,60.26952,78.64244,108.19728,118.17464,123.382324,124.25838,118.00429,114.500046,119.05069,111.628525,87.51254,71.89556,64.13879,46.14306,41.276062,22.294765,20.274963,17.719788,27.648464,22.927475,18.790527,31.420387,36.55507,49.124092,59.922745,77.04241,97.92792,110.75246,122.89562,126.253845,124.647736,116.495514,114.20802,108.19728,87.81673,73.36783,61.839127,50.340843
39.033103942871094,24.47248,21.191212,21.816216,23.710758,15.195087,15.312275,19.355267,19.316204,33.828,42.48039,57.366467,82.75404,90.84003,97.18771,99.96117,98.2424,97.3049,100.46898,95.95724,80.527466,67.78326,60.188004,45.380795,40.048737,25.859207,21.757622,19.452923,23.984196,19.062294,14.960712,21.933403,24.76545,35.1366,45.175716,56.945187,76.48448,85.488434,96.13302,101.679924,103.63306,97.96896,98.82835,92.207214,79.726685,68.90631,61.550316,52.68064
62.660888671875,40.767426,44.580704,47.21054,57.138214,56.677994,84.42287,121.8653,154.08093,187.26115,227.09204,286.06635,328.07812,368.70926,362.5291,341.88483,312.49628,325.0538,266.6712,273.5746,176.54967,154.98494,108.88044,92.04942,63.581337,54.442627,37.743103,32.877884,58.91336,80.60959,89.288086,133.4695,162.38138,214.51808,234.48848,287.24976,327.5522,340.43842,368.1833,347.67047,326.6317,301.5167,264.83032,239.48518,191.08368,141.68777,97.63785,75.547134
42.76781463623047,36.42839,42.527077,39.798717,45.97765,48.51877,58.97748,76.79207,91.47037,107.42593,121.19478,144.33234,156.7972,172.73938,168.83408,160.27452,145.99075,148.58537,121.85012,125.875786,85.95347,78.878456,62.240814,56.83759,44.640217,45.442677,36.749374,37.07036,43.65052,56.6236,64.35396,83.26523,94.00815,115.79156,122.77295,145.53603,157.76015,157.81364,170.65298,158.99059,150.32404,137.80568,123.7894,110.26797,91.70776,74.61205,53.92199,49.133987
14.797985076904297,12.665794,19.122711,15.683044,20.088234,23.266403,33.32391,46.01648,57.63353,70.3657,79.407394,98.0339,102.13736,114.44775,111.26958,107.246574,91.033875,93.06549,71.26082,73.252205,47.42453,40.65583,30.326773,26.927336,18.076733,20.369843,13.912926,13.671543,18.137077,28.073893,36.90438,52.558887,58.19172,74.76083,78.44188,94.39308,103.86725,100.56839,112.83855,100.85,93.40745,84.07408,72.71916,62.92315,50.763622,40.71618,24.714684,22.642838
27.77969741821289,22.630291,21.810106,23.50121,24.338305,22.67257,24.211472,26.925692,30.14724,33.57595,39.65348,46.601665,55.775894,59.470955,60.536346,59.521687,56.61299,56.968124,55.742073,53.92414,44.394775,39.371147,35.41925,30.29944,28.19402,22.976967,22.50346,21.590263,25.293777,23.737963,23.061523,28.870459,31.462074,36.271145,39.48926,45.93791,52.723457,57.187965,60.06284,61.195877,59.45404,56.359325,54.13553,52.46979,44.982437,39.25911,34.358086,30.223341
28.311126708984375,20.98959,26.075542,24.007626,30.909992,32.279285,44.547054,61.95666,75.98495,93.33168,108.359,132.0981,146.01462,163.61984,159.20456,149.3121,136.68105,139.67114,111.72635,116.421074,73.74238,66.2881,47.872482,41.55696,28.618519,28.702354,20.542473,20.542473,29.121525,42.562973,48.90644,67.33604,79.740036,102.89579,110.95786,133.55124,146.90884,148.69731,161.77548,149.98277,141.99057,128.38144,113.73837,99.65419,79.649216,60.43367,39.51699,33.955975
60.24094772338867,18.138557,16.426697,17.352028,19.341484,4.3049088,4.3974457,21.701065,30.214073,53.763657,76.52671,110.567184,166.23718,186.08546,207.7844,210.56036,197.42072,202.60255,203.43535,188.02866,148.84103,115.48299,112.371574,71.43741,66.07051,25.263573,19.387749,10.319542,28.50222,7.8211517,6.6182327,24.939713,35.58098,58.390293,75.71705,112.08241,151.29315,172.48315,193.16422,212.5961,212.87369,203.25027,192.70155,184.00348,147.80005,123.8225,99.81604,85.00502
47.35666275024414,30.656944,33.12185,37.281372,41.163593,38.51382,47.356663,58.07899,72.960846,85.216034,105.53993,133.53584,159.26326,173.06671,175.10027,172.4505,154.42589,155.99727,147.80147,140.68405,103.53335,85.47793,73.94681,58.602783,49.94481,33.245094,31.889397,32.320755,43.99823,40.88629,43.289574,68.58564,77.25902,96.43905,99.51921,127.01925,149.74258,163.88495,174.1143,174.23755,167.8288,156.0589,143.91925,137.5413,109.218025,87.51918,69.5716,53.210808
41.91645050048828,35.085106,41.54383,38.624985,46.13946,48.53043,62.286266,81.66243,97.66951,117.03791,133.78246,160.2539,174.32025,193.1375,188.54187,177.73593,162.27226,165.22215,134.17061,139.0457,91.82405,83.867096,64.025154,57.50433,43.251667,43.8727,34.588287,34.898804,43.406925,59.18111,67.25452,88.80429,101.527664,127.51005,135.81635,161.74438,175.68652,176.05914,191.1502,177.54962,167.70628,152.49103,136.14238,120.50792,98.70197,77.99835,54.70969,49.058308
38.8409538269043,27.374111,26.123184,29.584087,32.12764,29.208809,33.81639,41.217716,50.06803,58.741135,72.9522,90.51471,110.70677,120.56825,122.69483,120.31807,110.91526,111.39478,107.12077,103.368,78.61526,66.04343,57.823788,46.01294,39.987637,28.625042,26.957138,26.123184,34.5878,31.377083,31.001804,46.40907,53.122383,65.33978,70.6405,87.72097,104.47298,114.14682,121.15202,122.65314,118.39998,111.1029,104.28534,99.886246,80.84608,66.700165,53.98761,44.1157
38.427284240722656,30.275528,30.455479,33.334686,35.224167,33.910526,40.280777,47.154884,55.24366,62.77909,75.54208,91.4587,107.15039,116.00395,115.824005,111.68514,103.4614,105.54883,97.3071,96.02945,72.38845,62.92305,52.283478,45.625305,38.139366,32.57889,29.447754,29.483746,37.167633,37.851444,38.247337,52.139515,57.951916,70.76102,75.20017,89.67719,103.20947,110.31752,116.50781,115.75203,110.06558,102.88556,94.3739,89.893135,75.209175,61.955814,50.411987,42.51216
27.343460083007812,21.511875,19.685303,19.250406,20.333698,16.49869,16.43543,17.645237,16.214027,23.204023,25.76992,31.729998,42.292088,45.54196,48.14344,50.705383,49.709072,49.274174,51.670067,49.527206,44.08703,39.08175,36.845978,30.282974,27.9879,21.535597,19.764378,18.246187,20.080666,18.309444,16.625204,17.95362,18.942024,22.69796,27.137873,31.449291,39.587814,43.209328,48.43601,50.768642,51.527737,49.993732,50.705383,48.19879,44.189823,39.611534,36.940865,34.24697
74.06063842773438,103.80051,95.80875,130.13403,167.86566,220.2707,328.94568,415.77426,499.9826,532.60474,580.6864,674.62244,635.5807,670.16797,632.04333,575.3149,505.35413,424.87964,306.80453,283.81183,220.92577,137.20872,158.03972,143.89037,83.755585,142.44922,92.66443,86.375824,172.18909,289.64188,354.70602,400.05276,491.7943,551.7326,556.056,668.5958,658.9009,637.15283,616.3218,528.8054,453.53864,372.86356,272.2827,258.26437,218.82957,202.453,147.29669,121.09416
40.462310791015625,28.451878,26.479721,30.424034,32.67229,28.708256,31.942593,37.898506,44.820778,53.685623,67.54002,83.78073,104.4588,112.781296,115.73953,114.359024,107.10149,106.805664,105.622375,100.277824,78.50522,66.55764,58.828022,46.1224,41.66533,28.7477,27.899673,26.243061,34.881107,30.779022,29.319626,42.750015,48.479126,59.17315,66.11761,81.00986,97.24071,107.180374,114.63513,116.76506,113.76738,106.805664,101.99361,98.02957,79.85614,66.77212,55.638058,45.96463
23.363544464111328,18.758114,18.261347,19.761993,20.507141,19.989677,23.2911,27.90688,32.82279,36.807262,44.067284,52.983192,62.183704,67.793015,67.52393,65.24709,60.50712,62.183704,56.833126,56.21217,42.81373,37.304028,31.379063,27.710243,23.446339,20.269108,18.282045,17.971567,21.914644,22.131979,22.483854,30.633915,34.24064,41.098335,43.97673,52.393284,60.455376,64.39845,67.87581,67.13066,63.98448,60.403625,55.47737,52.838303,44.817608,36.786564,30.090578,25.536894
33.42894744873047,34.129547,38.71041,38.0637,45.662544,55.228462,68.29739,86.27054,108.676346,121.839584,135.28577,160.61523,154.4715,170.80092,166.00449,153.82478,134.34265,128.84561,95.474785,99.96597,74.46808,58.83926,54.66259,49.92005,38.656517,40.488865,35.42297,32.51277,40.488865,59.135666,73.565384,95.088486,105.96151,125.12703,127.525246,151.83076,160.1841,152.04633,163.20209,145.09421,130.62407,114.25422,97.31177,88.550865,72.25849,60.994957,46.632607,46.228413
58.9578857421875,88.89426,78.097534,120.69551,134.33864,184.39618,252.30511,322.69238,371.86658,397.1898,440.0822,483.36728,453.0383,480.0301,440.96558,407.10315,333.83264,281.4624,200.14958,194.06415,147.98178,97.62979,109.89879,98.21869,63.86548,116.08237,80.84578,82.61252,149.84666,227.06778,283.83646,312.58273,372.2592,408.28098,426.92987,485.13403,485.72293,458.1422,444.79352,373.6333,295.28345,252.70999,183.66003,179.78304,163.29349,147.39287,104.10782,87.912735
17.871061325073242,17.000994,18.77134,17.774387,19.84684,20.016022,23.417746,26.979586,29.961382,34.08816,37.2482,42.27526,44.311462,48.166344,47.235855,45.0486,41.658962,42.202755,35.644012,36.54127,27.920649,26.432772,22.239529,21.133816,18.366516,18.904266,17.206427,17.520618,18.813635,22.312035,24.493246,28.647217,30.673597,35.789024,37.5926,42.13629,44.915672,44.323544,47.73131,44.39605,42.861347,39.48379,36.127384,32.864628,28.822437,25.160902,20.57794,19.768293
87.95770263671875,62.867596,58.125362,58.831654,62.19494,48.40547,48.472733,56.342823,57.01548,80.62574,96.164116,122.4156,165.31325,178.4637,189.25984,193.49759,191.21054,189.66344,193.83391,187.1746,158.65395,136.986,123.858665,99.25834,89.403915,65.42369,58.495323,54.728447,63.237556,54.42575,47.060158,59.807007,65.28916,84.12355,100.68773,121.31833,154.63483,170.05548,187.24187,197.26447,200.96408,190.47061,192.15227,179.64084,157.07321,138.28926,125.946,109.79382
18.650732040405273,11.328644,11.769325,13.125267,14.752399,14.379513,21.362616,29.905052,38.574608,45.610676,56.70186,71.44773,84.82071,95.32926,94.10892,88.78684,81.95628,85.83766,72.24435,73.17656,48.65893,42.816162,30.583023,25.650784,18.633783,14.989689,10.5150795,10.142193,16.549023,20.78634,20.888037,33.294907,40.044956,53.091663,58.78662,72.44774,83.76985,88.58345,94.75299,91.66822,87.09192,80.36305,70.66806,65.625656,52.140385,39.778008,28.159277,22.46432
15.65664291381836,14.309195,16.584393,15.325302,17.942884,18.461983,24.16102,30.88721,35.987076,42.878937,49.12744,58.432556,63.192802,69.62079,68.20707,64.8495,58.355247,59.60329,49.022522,50.12146,33.797474,30.793331,23.652966,21.488216,16.79424,17.026178,13.823231,13.756964,16.871553,22.438055,25.574734,33.629044,37.268253,46.620308,49.055653,58.36629,63.634586,63.52414,69.156906,63.89966,60.398506,55.32901,48.95073,44.160114,36.547592,29.396183,21.554483,19.323465
62.40252685546875,50.09108,47.03797,43.308228,46.37784,38.604794,38.70381,40.436657,36.756424,50.454147,55.02556,67.01107,88.65925,96.66334,103.4957,108.14963,106.66432,107.539,112.34146,108.61171,98.148636,87.13269,82.59429,69.577324,64.42418,51.01526,46.460358,42.978165,46.212807,41.311333,39.165905,40.60169,41.75692,48.44075,57.624825,67.002815,83.79903,90.9367,101.4823,108.01759,110.229034,108.28165,110.856155,105.34406,97.438995,88.93155,82.858345,79.02546
22.628807067871094,26.749115,27.200653,29.09148,38.206955,50.652542,68.742386,88.41615,110.03013,119.653595,130.09546,155.77684,145.27852,157.1879,152.05164,138.16675,122.87082,109.917244,77.822586,79.85805,58.822605,41.33952,42.609478,40.29533,26.071804,31.179855,23.531887,20.08889,36.259686,58.356956,72.883865,89.71257,105.68405,122.56038,121.06465,147.98776,151.8823,143.07726,148.66507,128.09175,113.34613,93.838165,73.68817,71.07065,56.635456,49.72124,35.751705,36.76767
97.88302612304688,54.50563,70.702805,65.599594,87.89845,94.44389,135.49155,203.05379,253.58679,317.8694,377.72824,474.52307,547.0776,618.74457,603.43494,565.4935,520.8958,538.2024,435.6942,452.7789,283.7901,245.93195,171.54694,142.14793,91.78134,84.23744,50.733673,52.95247,90.22818,133.71652,147.58397,222.07993,272.50198,360.89316,398.30753,482.84354,546.8557,565.4935,607.65063,577.2532,552.1808,497.48755,438.68958,386.1042,302.031,221.80258,142.48074,116.298996
18.5422420501709,16.669289,17.430176,17.371647,18.273005,18.752949,20.719551,24.594223,27.703617,30.74351,33.695606,38.96914,42.574574,46.004417,45.41912,43.710052,40.77186,41.80198,36.347004,37.031803,28.360615,26.63984,22.715416,21.293142,18.858303,18.308123,16.63417,16.14252,18.14424,20.374226,21.562378,25.785303,28.215754,32.794247,34.54136,39.56029,42.66822,43.206696,45.80542,43.663227,41.965866,39.437378,36.253357,33.654633,29.606842,25.439978,21.176083,19.537249
50.77629089355469,42.158325,46.467308,44.810005,50.859158,52.682186,63.123184,81.18777,95.88251,111.78569,126.21112,150.02101,164.96434,182.80795,178.88568,169.05235,156.8988,160.0753,133.25464,137.86746,95.937744,88.14843,70.194336,63.427025,51.080128,50.361965,41.77162,41.605892,49.809532,62.156425,67.5979,86.02156,98.634315,121.087296,129.44286,151.6507,165.90347,168.49992,180.5982,169.99149,162.3679,149.38571,135.24341,121.36351,101.358505,82.63791,61.521126,55.775814
2.6966476440429688,13.863453,9.137688,32.55648,28.775867,54.242493,84.413,99.94239,121.71591,128.05194,141.87918,148.95032,141.84418,150.56058,135.36812,116.53507,86.89403,66.0394,46.856293,43.145695,31.856365,12.218185,18.694237,15.193668,7.5624313,29.26595,17.399025,17.013966,43.37323,73.742836,90.35959,100.37996,123.08113,131.65752,138.9387,151.47073,148.63527,146.63995,134.56299,108.6588,81.35438,60.499756,41.938,33.2916,30.87621,27.620682,19.254326,14.423546
49.99592208862305,33.695675,31.309036,35.879196,38.875195,32.781643,36.183876,44.257828,52.204834,63.820663,81.34756,101.00401,129.36441,140.02812,144.14127,143.68427,134.06152,134.1123,133.50294,127.35862,99.13786,83.704445,74.78271,57.68903,51.976326,34.3812,33.1371,30.242664,41.61729,36.006145,33.11171,48.777214,57.079674,70.39662,79.968575,99.08708,119.817856,132.86821,141.39917,146.93414,142.92256,134.1377,129.69449,123.169304,100.73743,84.54667,71.082146,59.08547
22.334144592285156,24.323734,26.839977,27.542183,36.846428,47.993965,63.793625,84.96041,109.36394,118.68281,132.20029,158.91342,150.83804,164.9992,160.66895,145.83481,126.90448,117.2784,82.64715,87.21516,62.74031,44.629223,43.312584,39.889324,27.132565,32.018753,24.089664,19.174217,32.194305,53.523846,68.31408,89.84112,104.46312,121.46238,122.486435,149.96028,156.68976,147.73663,157.56754,134.89209,120.350555,100.89356,81.220795,75.02162,60.589806,51.153896,36.056446,36.81717
38.78996276855469,48.463608,47.871338,104.13645,115.38947,199.05914,290.74905,321.30002,364.2392,391.77948,412.90356,418.5301,382.7968,412.60742,376.97287,276.38666,192.70464,126.34637,87.84918,98.41123,63.763763,22.897537,21.51558,19.343948,17.468445,66.13283,64.257324,65.44185,165.18903,216.05435,275.3502,328.99945,365.22632,405.1054,410.83063,421.68884,424.05786,392.56915,362.85724,265.33105,185.4494,120.226295,79.45877,52.708176,52.017197,63.368927,36.81575,33.45958
85.66313171386719,74.1033,102.05708,87.134384,113.511826,136.52641,181.08432,246.55502,319.914,376.34042,434.66504,522.6249,544.9038,608.588,595.34674,556.6738,493.30493,493.30493,372.55722,390.89532,257.3267,224.64388,169.83975,145.24883,101.84691,104.57922,78.51706,78.51706,94.0703,153.02545,202.52255,280.026,317.0503,401.089,424.2612,524.9368,555.6229,548.8972,597.44855,536.0763,493.09476,441.49585,386.6392,332.63638,265.97028,209.9839,132.11266,119.71211
14.2740478515625,12.845848,17.553074,14.944426,18.952126,22.872383,29.138966,38.728294,49.65656,57.04712,64.65446,78.28063,79.388214,87.81167,84.89698,80.61238,70.22151,69.30339,52.296173,54.678932,37.241802,31.091808,25.48103,23.338732,16.401772,17.87369,13.924286,14.2449,16.751534,25.043827,32.9062,43.439163,49.102768,60.5156,62.75991,76.123764,80.816414,78.10575,84.72209,76.99817,69.69687,62.381,54.48948,47.160854,38.09435,30.742044,21.356743,20.234589
22.099445343017578,21.152758,24.87189,23.154327,26.57593,29.159035,36.123955,44.14376,51.766712,60.66347,68.54127,79.98267,82.471115,90.45034,87.90781,83.47189,75.397995,74.99228,60.10222,62.286366,44.076138,39.65375,32.580635,30.038103,24.046919,24.912462,21.612577,21.774866,24.614931,32.68883,38.65297,48.654053,52.83216,64.396126,67.39172,78.873695,84.066956,81.9572,88.881546,81.65967,76.128296,69.29862,61.73864,55.282562,45.803844,37.936188,28.753311,27.26566
31.810291290283203,21.976227,23.87061,24.260628,27.157917,28.96872,37.35414,54.61251,67.28815,80.5697,96.61623,121.0412,142.99373,158.70596,156.2544,147.95255,136.08481,141.37793,120.17759,121.096924,81.886894,69.46111,51.33913,44.179485,32.45104,28.355831,20.41615,19.858978,29.19159,37.103416,38.997795,60.26779,70.91672,92.08921,100.175156,122.68486,140.82077,147.7854,157.81448,151.62988,143.94092,133.02037,118.25535,107.02836,87.91043,65.68628,47.048916,37.855595
177.75698852539062,105.55124,93.54921,108.35817,118.230804,85.03165,87.451416,110.19719,122.296005,184.8711,236.29108,306.31903,429.89636,465.1281,488.8418,501.0374,478.38843,463.2891,491.55194,459.22388,368.62793,308.90817,280.1977,205.82625,184.7259,106.51915,95.96898,87.5482,122.10242,102.26036,81.93434,124.81256,143.78351,192.80792,238.17848,301.58838,386.3406,438.9947,486.906,505.1026,505.2962,474.42,473.7425,443.93097,371.58005,315.99808,272.09753,231.18536
33.16850280761719,23.47654,21.093382,19.693972,21.522905,14.858381,15.412603,17.79576,16.909004,27.328384,32.981453,43.54805,61.426918,68.02216,72.62221,75.046936,75.130066,75.019226,76.626465,74.2156,63.72694,54.997936,49.37258,38.665695,34.200745,24.87595,21.107239,19.333727,21.564472,17.255392,15.10778,18.66866,20.78856,27.674774,35.094425,43.428543,57.79676,63.990196,71.13966,76.598755,78.34456,74.74211,75.933685,70.87641,62.895607,55.226555,50.3875,44.49629
49.20770263671875,60.701385,58.40265,72.32769,84.44026,103.581665,138.28374,171.72594,196.7689,207.86472,222.40866,251.85016,242.21315,250.34714,235.1401,219.13737,194.38174,165.23863,125.26494,116.7773,97.56958,69.45427,76.57151,70.86887,53.805176,73.91912,56.28074,54.866135,86.91582,129.28772,149.8313,162.12209,193.14397,217.59015,216.92705,250.34714,246.81062,238.32298,228.9512,201.6316,177.95905,152.11484,115.53951,109.32851,95.6245,87.88837,74.00753,65.21044
22.58618927001953,32.528328,30.322983,54.97947,54.581787,79.11174,111.55021,131.10007,151.40009,156.1,168.4644,174.35738,167.9221,174.6466,158.2692,141.24103,105.81089,83.820694,60.908596,58.23326,49.628796,29.708374,34.589058,31.516037,27.936867,45.254257,35.312126,38.31284,70.27228,101.45329,119.910645,127.48474,150.13472,164.74063,166.2229,176.16504,175.51428,170.95898,156.1723,130.61198,101.072556,79.94327,60.330147,48.32728,44.49504,40.91587,39.975887,31.335274
28.607059478759766,19.815947,17.466597,18.729689,19.803314,15.243557,15.875103,19.121246,20.914835,28.303917,35.63616,44.845673,60.929558,66.070335,69.531204,70.44063,68.52074,67.990234,69.32911,66.19665,54.49411,46.5019,41.886883,32.377388,29.642794,20.384336,18.47707,17.277134,20.788527,17.403442,14.940414,20.940098,23.883099,30.356441,36.19192,44.725677,56.14244,62.723145,68.16707,71.80477,72.15843,68.29338,67.88919,63.935715,54.49411,46.997665,41.451115,35.503536
21.25065040588379,17.751223,18.645098,18.873322,20.138062,20.404322,23.799147,29.63311,34.604103,39.217163,44.6293,53.192436,59.668278,65.46896,64.51803,61.912476,57.26242,59.19281,50.862656,51.86113,37.960297,34.49237,28.220978,25.701008,21.592985,20.43285,17.618092,17.028515,20.41383,23.31417,24.788116,31.553991,35.614468,42.941395,45.808453,53.44919,59.51613,61.17075,65.24074,62.083645,59.49711,55.683876,50.33013,46.730858,39.97152,33.00892,26.062363,23.0384
39.1640625,35.612705,41.87197,38.808926,44.735252,49.04127,58.363586,72.32486,88.02505,100.33619,112.29982,131.52155,136.42685,149.87762,146.01552,139.04597,125.48424,124.707375,100.49156,104.22048,74.21152,67.730286,56.12179,52.30408,41.938557,42.91518,37.033245,37.255207,40.67339,53.92439,63.291092,80.00467,87.95915,106.22922,111.27881,131.54373,138.77963,136.38246,146.63701,135.76097,126.37207,115.14091,103.31045,91.577095,76.719666,64.21223,48.17563,46.22238
55.57360076904297,50.62211,60.489212,55.50184,65.72775,72.15034,88.00947,110.39883,135.26057,155.91309,175.52173,205.94829,213.01672,235.33432,229.09113,217.10709,195.6865,194.14365,154.37024,160.54166,112.06726,101.715775,82.95033,76.74303,59.663963,61.85267,52.272606,53.061974,58.73107,80.97691,96.261955,122.167595,135.23814,164.99083,173.65594,205.76889,217.53766,213.80609,230.38283,211.9403,197.19348,178.49979,159.80612,140.44865,116.02308,95.86727,70.17692,67.234726
20.346797943115234,25.037098,23.869469,28.559769,34.06147,41.93801,58.339214,70.90605,83.68563,88.50457,96.440475,111.14467,103.743095,109.87808,104.33681,95.154106,84.88295,73.26109,55.67742,53.10963,43.006683,30.400269,32.695942,31.152298,21.85086,30.380478,23.552826,22.088345,34.85308,52.139904,62.078342,69.107605,83.24035,90.938774,93.23445,109.79892,108.49277,104.97009,102.991066,89.15765,77.00641,64.52275,50.348885,48.340168,43.105637,40.889122,31.21167,27.787949
15.36447525024414,16.166677,16.3518,17.138577,18.78926,22.453163,27.177668,31.577244,37.69114,40.9038,44.721973,51.63325,48.046486,52.126915,50.92361,46.90489,42.261375,40.00904,30.56967,31.704033,25.769958,20.740768,20.339668,19.768871,16.228384,17.14629,15.3953285,14.5777,18.25703,23.818447,27.86031,33.404373,37.03935,41.621155,41.91427,48.933533,50.36824,48.023342,50.892757,44.189743,40.109314,35.25175,30.193638,28.99612,25.091171,22.854263,18.61185,19.020664
31.113910675048828,24.940704,24.37049,26.490204,28.0521,26.391037,30.010666,34.820312,40.342728,45.198856,53.993816,64.620285,75.98741,81.96228,82.28458,80.37559,74.40072,75.24365,71.25214,69.46712,53.8776,47.191513,41.55134,35.7872,31.560165,25.85801,24.791952,24.196945,29.428055,28.399187,28.461166,38.04327,42.239315,49.906235,52.703857,63.083176,72.652885,77.747635,81.83832,82.33415,78.86328,74.499886,70.01254,67.22344,56.60627,47.07685,39.865482,34.002174
25.455211639404297,22.238314,25.006956,23.635818,26.93182,28.078829,33.53701,41.935223,48.724987,56.91226,64.09095,75.31714,81.539986,89.71407,87.60463,82.96386,76.899216,78.00667,64.73697,66.98484,46.879227,43.247032,34.842224,31.849457,25.8771,25.8771,21.921898,22.211945,25.969387,32.469105,35.791473,44.84889,50.401005,61.408005,65.24455,76.174095,81.909134,82.59471,88.60661,83.25391,79.06139,72.522125,65.69281,58.8569,49.451756,40.471798,30.623343,28.355694
31.343708038330078,19.734112,19.592243,21.531116,23.304478,23.068027,31.55651,42.173027,52.80137,62.838585,78.14859,97.903824,120.271805,133.8912,133.04,126.51404,117.22163,121.69049,106.652405,107.29081,74.76443,62.68489,48.616234,40.65976,29.806797,24.486717,18.69374,18.977478,27.584187,30.137825,29.83044,47.138435,56.478134,73.09156,80.64903,98.376724,118.12013,125.331795,133.08728,131.66861,126.04114,116.63051,104.24063,97.076256,78.40277,60.580505,45.53059,37.585938
27.15291976928711,23.770803,23.867899,24.887388,25.63987,25.389042,28.415146,31.870083,35.587986,39.014603,44.526726,51.555946,58.352543,62.55996,62.22013,60.2297,56.394474,57.761887,53.23891,52.89099,42.0579,38.003204,32.962395,30.502674,26.950642,25.049212,23.26915,23.33388,26.513718,27.573662,27.614119,34.09516,36.829983,42.677887,44.69057,51.27275,57.211685,59.97078,62.721783,61.896484,59.469124,56.200287,51.976685,49.68688,43.51937,37.289158,32.096638,28.779251
30.207077026367188,25.888527,36.48246,31.084274,41.543255,47.21134,61.685215,83.90211,107.17122,126.31157,144.91843,173.93365,180.07407,201.73428,194.71664,184.12271,162.3613,161.38287,122.4991,128.75761,83.86836,73.27444,56.556946,50.821377,34.053276,36.48246,27.845367,29.26239,34.255707,54.600105,71.115166,94.86716,107.379974,135.16795,142.7929,172.38167,183.65036,180.14156,194.5817,178.2522,164.25066,145.96432,127.812935,110.133896,86.719284,68.26425,44.883377,42.31924
22.47873306274414,13.25605,13.5009,16.194252,17.928604,16.928802,24.2743,31.701414,39.944695,49.509148,63.134026,80.50817,99.68808,109.84935,109.52289,103.7281,96.52544,98.66788,89.26155,87.89448,60.95333,49.32551,36.89427,30.35474,21.458527,15.949402,11.868568,13.133629,20.683167,22.988838,21.132057,36.812656,43.464413,58.622154,63.4962,79.91645,95.444016,103.7281,110.01259,109.5637,104.462654,95.75008,86.058105,79.692,64.31236,48.029846,35.80265,27.926645
16.373638153076172,18.426455,17.954788,20.956295,20.934856,24.780535,29.396688,31.914469,35.025852,36.799953,38.675896,40.235607,38.584778,40.182007,38.273907,34.623863,30.880022,27.12144,24.032837,23.110947,21.508358,18.828442,19.50914,18.983877,17.016819,20.741901,18.817722,18.603329,22.928713,27.647373,30.346718,32.040424,35.454636,37.100105,37.89872,40.578636,39.903297,39.73178,37.94696,33.69393,30.021109,26.313446,23.135067,21.73347,20.972374,20.870537,19.25187,18.137024
17.08521270751953,21.2295,21.068558,44.002953,49.072662,83.081955,119.00245,131.59625,149.29999,161.16956,169.29718,169.73978,156.46196,167.6475,153.84663,112.00142,78.102776,50.581505,36.11674,41.226685,27.667225,9.883011,9.520889,8.595467,8.394287,28.431705,28.954773,29.518074,68.26513,88.967064,113.91262,135.78076,148.81717,166.31973,168.65341,171.5906,173.28052,160.48553,148.17339,107.90743,74.71291,49.112896,32.254105,22.275635,22.154922,26.540627,16.92427,15.475784
21.032224655151367,14.264374,15.726776,16.168896,17.988392,19.00867,24.756243,35.078064,44.201057,52.06531,61.605316,76.39936,89.01681,99.38965,97.58715,92.58778,84.5786,87.962524,73.6276,75.29406,50.54698,44.20531,33.258568,28.854362,21.423332,19.365768,14.09433,13.58419,19.161713,24.161081,26.014587,38.581024,45.761234,58.6295,63.365295,77.31761,88.336624,91.46548,98.16531,93.77811,89.3569,82.36799,73.202484,66.69821,54.318825,41.67587,29.432522,24.2291
18.35271453857422,18.192425,18.95689,19.06786,20.559803,22.415482,25.45485,29.14309,34.631523,37.08829,40.633194,46.30504,45.12135,48.721733,47.673676,45.46659,40.82431,39.794746,32.659477,33.646656,27.853052,24.166355,23.198442,21.940773,19.474754,19.53024,18.611649,17.58825,19.252811,23.35257,26.333368,31.491972,33.880928,38.40761,38.808342,44.350716,46.329697,44.862415,47.68601,43.432125,39.677612,36.81395,32.866005,31.0924,27.38451,25.084946,21.139317,20.861889
12.39691162109375,-31.921814,-41.622482,-28.593155,-25.264496,-28.022537,-3.580658,35.3171,74.16731,111.78116,176.13129,247.92334,351.34955,400.42346,403.46683,381.783,346.4992,359.1481,320.72586,311.69092,195.9487,136.5559,85.29455,48.44153,12.301804,-20.60437,-38.579132,-35.155365,-8.145676,-11.759659,-19.368011,53.57718,88.71831,146.20901,172.84422,251.4422,327.193,372.84314,396.8095,402.13538,382.35364,348.4964,309.69373,278.59454,207.64655,139.69435,80.20645,43.400986
0.6646804809570312,-7.895912,8.009285,-1.2809067,12.4841385,22.017525,39.771027,73.405396,105.71966,132.11356,157.23598,199.69846,213.41486,242.30685,232.96802,219.3489,187.58716,188.65723,133.81595,143.10612,76.93178,61.391384,35.78257,28.63253,5.0908966,9.273918,-4.685684,-2.8373795,4.361305,30.432198,52.320076,86.988045,106.811775,145.41652,155.04718,198.33655,216.13869,211.08015,232.67618,210.59375,190.74875,165.31017,141.57397,114.153336,83.29143,56.25989,21.287926,17.202187
23.98882293701172,19.645329,18.827515,19.772545,20.360157,18.560968,18.918385,20.705456,22.135115,25.273094,29.181936,33.80864,40.950874,43.283154,44.767334,44.900604,43.45883,43.18017,43.737495,41.914074,35.898605,32.08896,30.11712,25.560843,24.406818,19.808891,19.44542,18.573086,20.965946,19.37878,18.464043,21.795874,23.28611,26.442263,29.118328,33.3649,38.521664,41.732338,44.185776,45.54274,45.239845,43.307384,42.774292,41.144722,36.119717,32.418358,29.313696,26.439234
54.04803466796875,36.38568,78.133026,55.386078,90.30936,114.79579,170.59273,259.64038,339.76904,419.73883,493.19812,607.33435,644.39844,722.54095,698.9912,657.77905,574.95337,577.49567,430.04187,453.32404,268.60535,229.1996,154.66986,132.05672,70.90753,81.612,42.273132,47.625366,70.77374,145.03586,200.29758,299.31375,348.05246,455.33112,485.8388,605.59485,653.7649,640.3843,704.0758,637.173,585.2564,518.08594,447.5704,377.37262,288.87692,212.00557,114.79579,100.7462
33.28045654296875,28.631073,37.706917,33.216766,42.228916,48.12025,61.33595,81.748634,104.43227,121.98486,139.42004,167.0297,174.03561,193.46109,187.60161,177.47488,157.9857,156.7119,121.204666,126.92085,84.2007,73.91475,58.05591,52.674095,37.16555,38.91703,30.414398,30.92392,36.210197,55.126163,69.29721,92.47246,104.26807,130.59895,137.63672,166.52017,177.22012,173.65347,188.04744,172.88919,158.84552,142.44531,126.02919,109.03985,87.409096,69.29721,47.164898,43.916702
23.841758728027344,25.721554,26.076233,46.25743,53.084988,81.12675,116.12906,124.78322,141.70137,148.22745,157.30722,157.59096,145.03534,152.66092,140.03438,105.736984,73.88687,47.818016,35.758953,39.483074,31.396408,12.740326,12.456589,13.414215,15.648689,29.977695,30.545181,33.52448,69.90561,91.23951,111.73105,127.97532,137.65804,156.81067,154.15057,156.456,158.72592,146.3122,133.08269,103.1035,71.27112,46.505707,33.063396,23.770824,22.813194,28.310707,23.309742,20.259506
12.770965576171875,19.467392,18.408554,21.613682,30.170227,43.534466,61.720703,81.198296,98.59398,106.578186,120.37167,142.97928,129.81535,140.8616,133.73592,123.80574,106.72127,93.34272,64.732666,64.79705,46.439114,29.74097,31.057362,28.51043,14.945873,22.87284,13.972889,13.286076,29.368946,52.505962,67.58008,79.624344,99.13771,111.27141,113.81834,136.56902,141.31947,133.33527,135.3671,112.18715,95.93258,79.6315,57.85738,59.259624,48.18476,42.56148,27.59468,24.93328
18.317729949951172,21.588278,20.934168,26.031712,27.858707,33.909218,42.987103,50.69051,56.79741,59.368736,63.699394,69.09016,67.060165,68.75182,64.150505,59.898792,52.478035,44.72458,35.770046,33.74569,29.18948,22.98672,24.565603,23.347607,19.58084,25.253546,21.193558,20.866503,29.854868,40.784416,46.18082,49.074974,56.492912,62.131786,62.56034,69.85704,67.87216,66.394775,63.079117,55.56814,48.98757,42.508503,33.65547,31.377365,29.178204,27.024153,24.137049,21.915333
19.801321029663086,20.871147,21.800207,22.588501,26.55812,32.13248,39.888725,49.133575,61.292294,66.54993,73.447495,86.468414,81.54158,89.45267,87.00333,79.96499,70.632164,66.226166,49.58051,51.645325,40.16322,30.893734,30.710737,28.41624,22.194353,23.72871,20.674074,18.252888,24.319931,35.116734,41.6835,52.497017,59.78609,68.351746,68.647354,81.2882,85.28597,80.52806,85.314125,75.40415,67.29599,58.505116,49.117737,46.392143,38.46698,34.089134,26.34697,26.698887
34.24831008911133,25.602531,23.613018,25.111294,26.314825,22.483173,23.24459,26.327106,28.74645,35.599213,42.934006,51.951283,67.00157,71.877106,75.168396,75.90526,73.09292,72.23325,73.84206,70.67358,58.55843,50.829113,46.78331,37.674694,34.98517,26.11833,24.472685,23.527052,27.40783,24.27619,22.114744,28.255213,31.509663,37.674694,42.83576,51.37101,62.38394,68.708626,73.67012,76.86317,76.76492,73.1666,72.34378,68.524414,58.933,51.50303,45.896782,40.186146
23.255460739135742,19.18993,18.335423,18.844942,19.359768,17.051014,16.881172,18.213352,18.154968,22.01351,24.316957,28.0793,35.314064,37.421135,39.00807,39.79889,39.18322,38.7427,40.04303,38.663086,34.43302,30.943352,29.008774,24.91405,23.725174,19.412842,18.515879,17.92144,19.380997,17.772831,16.966093,18.72287,19.826828,22.422186,24.898127,28.309221,33.124725,36.030575,38.456093,40.372093,40.955917,39.24691,39.55474,37.596283,34.2048,31.633324,29.125538,27.037043
79.95578002929688,25.108017,15.111145,31.502426,40.868866,21.595596,37.17633,61.403015,92.65452,134.39825,194.53152,264.98816,364.37158,402.9181,417.1479,412.46466,380.31256,377.0703,375.62933,352.84363,253.95557,196.14139,165.08688,108.05512,85.179375,27.179443,19.344055,17.272629,50.95581,33.753967,23.21672,81.93714,108.865685,156.19327,186.57793,255.44159,329.2474,378.69144,408.68207,422.37152,410.12308,379.59204,361.6697,339.4244,261.38568,203.62207,153.08612,110.93711
22.713924407958984,19.435947,26.184727,22.56931,29.245777,32.861195,43.514626,59.09707,73.95568,88.51451,101.67463,122.01738,128.95898,143.85449,139.32318,131.65848,117.41374,117.41374,91.17787,95.34765,61.47119,54.372925,40.983833,36.669434,25.17241,27.293453,20.110825,21.02673,25.654465,39.609974,49.010056,66.189316,75.2288,95.23919,101.02385,121.65584,131.03181,128.66974,140.4319,128.71796,119.58299,107.02545,94.72098,81.45842,64.99622,50.890076,33.560177,30.812458
158.04074096679688,53.585968,61.796387,87.11185,107.40982,99.65555,180.16327,267.28494,366.03802,466.15955,620.61804,813.27783,1028.8013,1143.291,1135.9929,1075.7832,985.46857,1014.4331,903.1363,892.8733,588.00446,455.38336,327.72275,249.03955,150.51453,88.70831,43.09488,55.410492,137.97083,161.46176,147.54965,326.2403,400.70425,567.1791,620.90314,805.0674,979.995,1070.3096,1139.1858,1137.8174,1073.5024,977.7143,871.2069,800.9622,627.175,448.0282,308.10895,219.16275
35.06480407714844,42.488525,42.9252,52.168457,70.65495,100.64094,144.96487,191.94989,253.4821,279.3923,313.45404,381.3592,349.18976,390.23853,376.9923,340.23764,295.5498,269.6396,184.93102,193.19171,135.17577,85.64795,88.340866,79.5343,46.418716,53.187393,37.684937,24.729828,61.848404,117.45347,152.64333,205.78291,245.185,290.16397,288.19888,354.2845,370.2964,344.82288,369.1319,317.38425,274.2976,227.1352,179.22676,168.69165,127.097015,106.609024,69.199326,67.59813
38.31992721557617,17.346413,13.094048,19.616745,22.824028,15.8688965,23.040253,32.770233,45.9958,61.8881,86.32342,114.01557,154.3229,169.92691,175.04416,172.66573,159.00772,158.97168,156.88153,148.01645,107.78117,84.69049,72.14963,50.067978,40.55422,18.319412,15.040047,14.53553,27.472801,20.625778,16.91397,41.058735,52.446415,71.27573,82.68143,110.93441,140.12436,160.59335,171.08011,176.99017,171.72876,159.29602,151.476,142.3226,111.511,88.05263,67.59996,50.9689
42.117000579833984,41.79244,46.76909,46.119957,53.287415,61.94246,74.546364,91.83617,115.84715,127.3827,142.59665,166.9119,161.98935,178.81259,174.53915,162.80077,143.59738,139.16168,105.83976,110.28899,84.35091,68.94763,63.862797,58.04769,46.55271,47.850967,43.090694,40.602367,47.878014,65.56676,80.483185,101.46321,112.08086,132.1565,134.48254,159.7174,168.21016,161.6648,172.48358,154.49733,139.37805,124.47514,107.98661,98.83796,81.619156,71.16549,55.34299,53.909496
39.21629333496094,47.128872,45.307724,68.040695,68.731476,90.64021,120.69703,136.39659,154.1057,157.4026,166.57115,171.02983,164.84421,170.46465,155.39307,140.32149,107.85086,88.21463,69.17107,67.31851,60.253708,43.392376,46.87768,45.37052,44.177357,56.831203,50.11179,53.565693,83.64606,110.64146,127.008255,132.5345,152.00195,165.34659,165.50359,172.78818,171.59502,166.63396,152.66135,131.63962,105.7573,85.5771,68.982666,57.96157,54.319275,51.713146,53.471497,45.998505
27.987815856933594,11.280266,10.9571,14.059471,15.998451,15.9015045,26.598213,40.0095,54.131744,67.30066,88.528465,114.43407,147.9138,165.8817,165.23537,156.70386,144.26205,150.49911,131.52942,131.9172,88.3992,70.93625,51.659546,40.300346,25.757988,17.581951,10.181503,10.892464,21.880028,24.529968,23.011097,47.345314,59.221573,81.647606,91.71567,116.76083,143.5511,155.08804,164.3305,165.10611,157.22092,143.68036,127.554504,117.76265,92.45894,68.24591,48.282486,37.35956
27.47052001953125,21.090921,19.722925,18.55662,19.740463,15.540012,15.820627,17.030779,16.504625,23.21307,26.35683,33.564022,44.750244,48.819157,52.0813,53.49314,53.72114,54.019295,54.6156,53.45807,47.170544,41.321484,37.6713,31.230318,28.001057,22.160765,19.608925,18.11816,19.67031,17.179855,15.785551,17.706007,18.67939,23.2043,28.084364,33.37329,42.728943,46.416393,51.511303,54.52791,55.72052,53.52822,54.52791,51.41484,46.425163,41.799404,38.859528,35.038002
38.36568832397461,24.46257,26.453037,29.710167,33.118088,31.911743,40.26568,53.02277,68.28303,80.02226,100.0325,126.428825,151.7319,166.87152,166.69057,163.67471,145.57954,148.41446,135.95895,132.03833,95.029945,77.39847,64.76955,50.730717,41.11012,28.56414,24.643517,25.608597,36.34506,35.138714,37.792675,62.779083,72.3846,90.28409,94.479546,121.60345,143.70972,156.55728,165.84613,164.7001,157.28108,146.06207,133.48593,126.73041,100.8317,79.56235,59.52195,44.065662
